_id,CODICEIDENTIFICATIVOFARMACIA,CODFARMACIAASSEGNATODAASL,INDIRIZZO,DESCRIZIONEFARMACIA,PARTITAIVA,CAP,CODICECOMUNEISTAT,DESCRIZIONECOMUNE,FRAZIONE,CODICEPROVINCIAISTAT,SIGLAPROVINCIA,DESCRIZIONEPROVINCIA,CODICEREGIONE,DESCRIZIONEREGIONE,DATAINIZIOVALIDITA,DATAFINEVALIDITA,DESCRIZIONETIPOLOGIA,CODICETIPOLOGIA,LATITUDINE,LONGITUDINE,LOCALIZE
1,9082,0,"Via G. Branca, 62",AMOROSO SACCHETTA GIOVANNI,00424570588,153,58091,ROMA,-,58,RM,ROMA,120,LAZIO,2005-01-01T00:00:00,30/09/2010,Ordinaria,1,41.92368,12.57115,1
2,9082,0,"Via G. Branca, 62",AMOROSO SACCHETTA GIOVANNI,01241670585,153,58091,ROMA,-,58,RM,ROMA,120,LAZIO,2010-01-10T00:00:00,-,Ordinaria,1,41.92368,12.57115,1
3,9083,0,"Via Tagliamento, 58/60",BONSIGNORI GIUSEPPE,01405530583,198,58091,ROMA,-,58,RM,ROMA,120,LAZIO,2005-01-01T00:00:00,-,Ordinaria,1,41.46143,12.68864,1
4,9084,0,"Via dei Serpenti, 177",ENEI LILIANA,00988150587,184,58091,ROMA,-,58,RM,ROMA,120,LAZIO,2007-01-07T00:00:00,-,Ordinaria,1,41.89616,12.4902,1
5,9084,0,"Via dei Serpenti, 177",ENEI LILIANA,10089290588,184,58091,ROMA,-,58,RM,ROMA,120,LAZIO,2005-01-01T00:00:00,30/06/2007,Ordinaria,1,41.89616,12.4902,1
6,9085,0,"Isola Tiberina, 39",FATEBENEFRATELLI,00989031000,186,58091,ROMA,-,58,RM,ROMA,120,LAZIO,2010-01-10T00:00:00,28/02/2013,Ordinaria,1,41.92368,12.57115,1
7,9085,0,"PIAZZA SAN BARTOLOMEO ALL'ISOLA, 39",FATEBENEFRATELLI,00989031000,186,58091,ROMA,-,58,RM,ROMA,120,LAZIO,2013-01-03T00:00:00,-,Ordinaria,1,41.92368,12.57115,1
8,9085,0,"Isola Tiberina, 39",FATEBENEFRATELLI,-,186,58091,ROMA,-,58,RM,ROMA,120,LAZIO,2005-01-01T00:00:00,30/09/2010,Ordinaria,1,41.92368,12.57115,1
9,9086,0,"Piazza San Cosimato, 34-35 (Mercato)",EREDI DR. CARLO PELLEGRINI,12579131009,153,58091,ROMA,-,58,RM,ROMA,120,LAZIO,2013-01-03T00:00:00,31/03/2015,Ordinaria,1,41.88618,12.46935,1
10,9086,0,"Piazza San Cosimato, 34-35 (Mercato)",PELLEGRINI EREDI DR. CARLO PELLEGRINI DI A. E G. PELLEGRINI & C. SNC,12579131009,153,58091,ROMA,-,58,RM,ROMA,120,LAZIO,2015-01-04T00:00:00,-,Ordinaria,1,41.88618,12.46935,1
11,9086,0,"Via Roma Libera, 34",PELLEGRINI CARLO,00445440589,153,58091,ROMA,-,58,RM,ROMA,120,LAZIO,2005-01-01T00:00:00,28/02/2013,Ordinaria,1,41.88618,12.46935,1
12,9087,0,"Via Nazionale, 228",PIRAM SERGIO,-,184,58091,ROMA,-,58,RM,ROMA,120,LAZIO,2005-01-01T00:00:00,31/12/2007,Ordinaria,1,41.89846,12.48979,1
13,9087,0,"Via Nazionale, 228",PIRAM SERGIO,01444360588,184,58091,ROMA,-,58,RM,ROMA,120,LAZIO,2008-01-01T00:00:00,30/04/2008,Ordinaria,1,41.89846,12.48979,1
14,9087,0,"Via Nazionale, 228",PIRAM ALBERTO,09709071006,184,58091,ROMA,-,58,RM,ROMA,120,LAZIO,2008-01-05T00:00:00,-,Ordinaria,1,41.89846,12.48979,1
15,9088,0,"Via S. Gallicano, 23",SAN GALLICANO IFO 319,01033011006,153,58091,ROMA,-,58,RM,ROMA,120,LAZIO,2005-01-01T00:00:00,-,Ordinaria,1,41.92368,12.57115,1
16,9089,0,"Via del Corso, 498",SAN GIACOMO SNC DI TOMADINI GIUSEPPINA,10337271000,186,58091,ROMA,-,58,RM,ROMA,120,LAZIO,2010-01-01T00:00:00,-,Ordinaria,1,41.89907,12.48121,1
17,9089,0,"Via del Corso, 498",TOMADINI GIUSEPPINA,-,186,58091,ROMA,-,58,RM,ROMA,120,LAZIO,2005-01-01T00:00:00,31/12/2009,Ordinaria,1,41.89907,12.48121,1
18,9090,0,"Via del Gambero, 13 A",ANTICHE FARMACIE DELLA DR.SSA EMANUELA SBARIGIA & C. SAS,07013881003,187,58091,ROMA,-,58,RM,ROMA,120,LAZIO,2010-01-10T00:00:00,30/06/2011,Ordinaria,1,41.90305,12.48039,1
19,9090,0,"Via del Gambero, 13 A",ANTICA FARMACIA REALE DELLA DR.SSA CLELIA ORLANDI E C. SAS,10218961000,187,58091,ROMA,-,58,RM,ROMA,120,LAZIO,2011-01-07T00:00:00,-,Ordinaria,1,41.90305,12.48039,1
20,9090,0,"Via del Gambero, 13 A",ANTICHE FARMACIE DELLA DR.SSA EMANUELA SBARIGIA & C. SAS,10218961000,187,58091,ROMA,-,58,RM,ROMA,120,LAZIO,2009-01-09T00:00:00,30/09/2010,Ordinaria,1,41.90305,12.48039,1
21,9090,0,"Via del Gambero, 13 A",ANTICA FARMACIA REALE Dr.ssa Sbarigia Emanuela,01024460584,187,58091,ROMA,-,58,RM,ROMA,120,LAZIO,2008-01-01T00:00:00,31/08/2009,Ordinaria,1,41.90305,12.48039,1
22,9090,0,"Via del Gambero, 13 A",ANTICA FARMACIA REALE Dr.ssa Sbarigia Emanuela,07013881003,187,58091,ROMA,-,58,RM,ROMA,120,LAZIO,2005-01-01T00:00:00,31/12/2007,Ordinaria,1,41.90305,12.48039,1
23,9091,0,"Via Gargano, 50",SEVERI PAOLO,00271430589,141,58091,ROMA,-,58,RM,ROMA,120,LAZIO,2005-01-01T00:00:00,-,Ordinaria,1,41.93548,12.53437,1
24,9092,0,"P.za S. Lorenzo in Lucina, 27",SANTACROCE LIDIA,01036350583,186,58091,ROMA,-,58,RM,ROMA,120,LAZIO,2005-01-01T00:00:00,31/12/2009,Ordinaria,1,41.92368,12.57115,1
25,9092,0,"Piazza S. Lorenzo in Lucina, 27",Sbarigia Sas,10218961000,186,58091,ROMA,-,58,RM,ROMA,120,LAZIO,2010-01-01T00:00:00,-,Ordinaria,1,41.92368,12.57115,1
26,9093,0,"Piazza Lecce, 13/14",VITI NICOLA,09097340583,161,58091,ROMA,-,58,RM,ROMA,120,LAZIO,2005-01-01T00:00:00,31/12/2007,Ordinaria,1,41.91071,12.51601,1
27,9093,0,"Piazza Lecce, 13/14",PIAZZA LECCE SNC DEI DR.I EMILIO MANFREDI E ERNESTO ROSSI,03533771006,161,58091,ROMA,-,58,RM,ROMA,120,LAZIO,2010-01-10T00:00:00,28/02/2011,Ordinaria,1,41.91071,12.51601,1
28,9093,0,"Piazza Lecce, 13/14",PIAZZA LECCE SNC DEL DR.  ERNESTO ROSSI,07815840637,161,58091,ROMA,-,58,RM,ROMA,120,LAZIO,2011-01-03T00:00:00,-,Ordinaria,1,41.91071,12.51601,1
29,9093,0,"Piazza Lecce, 13/14",PIAZZA LECCE SNC DEI DR.I EMILIO MANFREDI E ERNESTO ROSSI,07815840637,161,58091,ROMA,-,58,RM,ROMA,120,LAZIO,2008-01-01T00:00:00,30/09/2010,Ordinaria,1,41.91071,12.51601,1
30,9094,0,"Via Pantelleria, 13",LUGANO DI DANIELA COSTANZO & C. SAS,05798621008,141,58091,ROMA,-,58,RM,ROMA,120,LAZIO,2015-01-01T00:00:00,28/02/2015,Ordinaria,1,41.46021,12.67441,1
31,9094,0,"Via Pantelleria, 13",LUGANO SNC DELDR. STEFANO MONGARDINI,05798621008,141,58091,ROMA,-,58,RM,ROMA,120,LAZIO,2013-01-03T00:00:00,31/12/2014,Ordinaria,1,41.46021,12.67441,1
32,9094,0,"Viale Jonio, 353",LUGANO DI DANIELA COSTANZO & C. SAS,05798621008,141,58091,ROMA,-,58,RM,ROMA,120,LAZIO,2015-01-03T00:00:00,31/03/2015,Ordinaria,1,41.46021,12.67441,1
33,9094,0,"Via Pantelleria, 13",BADOLATO SNC,00926640582,141,58091,ROMA,-,58,RM,ROMA,120,LAZIO,2005-01-01T00:00:00,31/12/2007,Ordinaria,1,41.46021,12.67441,1
34,9094,0,"Via Pantelleria, 13",BADOLATO SNC,05798621008,141,58091,ROMA,-,58,RM,ROMA,120,LAZIO,2008-01-01T00:00:00,28/02/2013,Ordinaria,1,41.46021,12.67441,1
35,9094,0,"Viale Jonio, 353",SANT'ANTONIO DI DANIELA COSTANZO & C. SAS,05798621008,141,58091,ROMA,-,58,RM,ROMA,120,LAZIO,2015-01-04T00:00:00,-,Ordinaria,1,41.46021,12.67441,1
36,9095,0,"Via di Capo Le Case, 47",SANTI ANNA LAURA,00765920582,187,58091,ROMA,-,58,RM,ROMA,120,LAZIO,2005-01-01T00:00:00,-,Ordinaria,1,41.92368,12.57115,1
37,9096,0,"Viale Parioli, 78/80",PARIOLI - MARIA TERESA FERRANTI E RECCHI FRANCESCHINI RINALDO SAS,12726921005,197,58091,ROMA,-,58,RM,ROMA,120,LAZIO,2010-01-10T00:00:00,28/02/2015,Ordinaria,1,41.92954,12.48386,1
38,9096,0,"Piazza Santiago del Cile, 23",PARIOLI DEL DR. RECCHI FRANCESCHINI RINALDO SAS,12726921005,197,58091,ROMA,-,58,RM,ROMA,120,LAZIO,2015-01-03T00:00:00,-,Ordinaria,1,41.92954,12.48386,1
39,9096,0,"V.le Parioli, 78/80",FERRANTI MARIA TERESA,-,197,58091,ROMA,-,58,RM,ROMA,120,LAZIO,2005-01-01T00:00:00,30/09/2010,Ordinaria,1,41.92954,12.48386,1
40,9097,0,"V.le Regina Margherita, 221/223",EREDI DI MINELLI GIANNI SDF,00448190587,198,58091,ROMA,-,58,RM,ROMA,120,LAZIO,2005-01-01T00:00:00,31/08/2010,Ordinaria,1,41.80978,12.68084,1
41,9097,0,"V.le Regina Margherita, 221/223",EREDI DI MINELLI GIANNI SDF,10203651004,198,58091,ROMA,-,58,RM,ROMA,120,LAZIO,2010-01-09T00:00:00,28/02/2011,Ordinaria,1,41.80978,12.68084,1
42,9097,0,"Viale Regina Margherita, 221/223",PIAZZA REGINA MARGHERITA DEL DOTT. EMILIO MANFREDI,11118071007,198,58091,ROMA,-,58,RM,ROMA,120,LAZIO,2011-01-03T00:00:00,-,Ordinaria,1,41.80978,12.68084,1
43,9098,0,"Via Rapagnano, 2",EREDI SIMEONI LUIGI,08932711008,138,58091,ROMA,-,58,RM,ROMA,120,LAZIO,2006-01-06T00:00:00,-,Ordinaria,1,41.98293,12.51333,1
44,9098,0,-,SIMEONI LUIGI,04364861007,138,58091,ROMA,-,58,RM,ROMA,120,LAZIO,2005-01-01T00:00:00,31/05/2006,Ordinaria,1,41.98293,12.51333,1
45,9099,0,"Via G.B. Morgagni, 30",VITI DE ANGELIS FRANCESCO PAOLO CLAUDIO,00567501002,161,58091,ROMA,-,58,RM,ROMA,120,LAZIO,2005-01-01T00:00:00,31/01/2008,Ordinaria,1,41.92368,12.57115,1
46,9099,0,"Via G.B. Morgagni, 30",VITI DE ANGELIS FRANCESCO PAOLO CLAUDIO,08425831008,161,58091,ROMA,-,58,RM,ROMA,120,LAZIO,2008-01-02T00:00:00,-,Ordinaria,1,41.92368,12.57115,1
47,9100,0,"Piazza di Trevi, 89",CIOTTI ALESSANDRA,09052501005,187,58091,ROMA,-,58,RM,ROMA,120,LAZIO,2007-01-04T00:00:00,-,Ordinaria,1,41.90106,12.48291,1
48,9100,0,"Piazza di Trevi, 89",CIOTTI MAURO,05140631002,187,58091,ROMA,-,58,RM,ROMA,120,LAZIO,2005-01-01T00:00:00,31/03/2007,Ordinaria,1,41.90106,12.48291,1
49,9101,0,"Via Migiurtina, 43/45",CHIMENTI BRUNO,00949980585,199,58091,ROMA,-,58,RM,ROMA,120,LAZIO,2010-01-10T00:00:00,-,Ordinaria,1,41.93044,12.52167,1
50,9101,0,"Via Migiurtina, 43/45",CHIMENTI BRUNO,04813190586,199,58091,ROMA,-,58,RM,ROMA,120,LAZIO,2005-01-01T00:00:00,30/09/2010,Ordinaria,1,41.93044,12.52167,1
51,9102,0,"Via Libia, 225-227",SAN STANISLAO SAS DI ROMEO CARMELA GIULIA & C. SAS,12439401006,199,58091,ROMA,-,58,RM,ROMA,120,LAZIO,2015-01-04T00:00:00,-,Ordinaria,1,41.92368,12.57115,1
52,9102,0,"Via Libia, 225-227",SAN STANISLAO SAS,12439401006,199,58091,ROMA,-,58,RM,ROMA,120,LAZIO,2010-01-10T00:00:00,31/03/2015,Ordinaria,1,41.92368,12.57115,1
53,9102,0,VIA ROCCANTICA 24 ANGOLO VIA LIBIA 225,CARNOVALE DOMENICO,04430731002,199,58091,ROMA,-,58,RM,ROMA,120,LAZIO,2005-01-01T00:00:00,30/09/2010,Ordinaria,1,41.92368,12.57115,1
54,9103,0,"Via Ettore Romagnoli, 76/78",SERLENGA TOMMASO,02386100586,137,58091,ROMA,-,58,RM,ROMA,120,LAZIO,2005-01-01T00:00:00,-,Ordinaria,1,41.94348,12.54768,1
55,9104,0,"Via Montaione, 68/70",TINARI VALERIO,01978970562,139,58091,ROMA,-,58,RM,ROMA,120,LAZIO,2010-01-04T00:00:00,-,Ordinaria,1,41.92368,12.57115,1
56,9104,0,"Via Montaione, 68/70",IANNUZZI ANNA MARIA,01057861005,139,58091,ROMA,-,58,RM,ROMA,120,LAZIO,2005-01-01T00:00:00,31/03/2010,Ordinaria,1,41.92368,12.57115,1
57,9105,0,"Via Val di Non, 10",MIGLIORINO MARIA GABRIELLA,-,141,58091,ROMA,-,58,RM,ROMA,120,LAZIO,2005-01-01T00:00:00,31/12/2007,Ordinaria,1,41.92368,12.57115,1
58,9105,0,"Via Val di Non, 10",MIGLIORINO MARIA GABRIELLA,00712290584,141,58091,ROMA,-,58,RM,ROMA,120,LAZIO,2008-01-01T00:00:00,28/02/2013,Ordinaria,1,41.92368,12.57115,1
59,9105,0,"Via Val di Non, 10",CONCA D'ORO SNC DEI DR.I MIGLIORINO M.GABRIELLA ED EUG CIRO CALIANDRO,00712290584,141,58091,ROMA,-,58,RM,ROMA,120,LAZIO,2013-01-03T00:00:00,-,Ordinaria,1,41.92368,12.57115,1
60,9106,0,"Largo Arenula, 36",BEDINI GIULIANA,10017011007,186,58091,ROMA,-,58,RM,ROMA,120,LAZIO,2008-01-09T00:00:00,28/02/2013,Ordinaria,1,41.89496,12.47609,1
61,9106,0,"Largo Arenula, 36",BEDINI GIULIANA,01363270586,186,58091,ROMA,-,58,RM,ROMA,120,LAZIO,2005-01-01T00:00:00,31/08/2008,Ordinaria,1,41.89496,12.47609,1
62,9106,0,"via aurelia, 30",ANTICA FARMACIA TORRE ARGENTINA SAS DI BORBOTTI GIUSEPPINA,10017011007,1014,58091,ROMA,-,58,RM,ROMA,120,LAZIO,2013-01-03T00:00:00,-,Ordinaria,1,41.89496,12.47609,1
63,9107,0,"Via S. Francesco a Ripa, 131",GIORGI MARCO,00618970586,153,58091,ROMA,-,58,RM,ROMA,120,LAZIO,2005-01-01T00:00:00,31/05/2013,Ordinaria,1,41.92368,12.57115,1
64,9107,0,"Via S. Francesco a Ripa, 131",ANTICA FARMACIA SAN FRANCESCO DELLA DR.SSA CLELIA ORLANDI E C. SAS,1196131005,153,58091,ROMA,-,58,RM,ROMA,120,LAZIO,2013-01-06T00:00:00,-,Ordinaria,1,41.92368,12.57115,1
65,9108,0,"Via D. Morichini, 24/26",DE BELLA FRANCESCO,08939510585,161,58091,ROMA,-,58,RM,ROMA,120,LAZIO,2005-01-01T00:00:00,30/09/2010,Ordinaria,1,41.92368,12.57115,1
66,9108,0,"Via D. Morichini, 24/26",IPPOCRATE SNC DI FRANCESCO MARIA DE BELLA E C.,12668721009,161,58091,ROMA,-,58,RM,ROMA,120,LAZIO,2010-01-10T00:00:00,-,Ordinaria,1,41.92368,12.57115,1
67,9109,0,"Via S. Croce in Gerusalemme, 22/A",STRAMPELLI SAS,11591621005,185,58091,ROMA,-,58,RM,ROMA,120,LAZIO,2012-01-07T00:00:00,-,Ordinaria,1,41.92368,12.57115,1
68,9109,0,"Via S. Croce in Gerusalemme, 22",STRAMPELLI GIULIO,00867220584,185,58091,ROMA,-,58,RM,ROMA,120,LAZIO,2005-01-01T00:00:00,30/06/2012,Ordinaria,1,41.92368,12.57115,1
69,9110,0,"Via Radicofani, 206/a (B.ta Fidene)",CALVANI SNC DI CASELLI SERGIO E CIAMBELLINI MAURIZIO,09575261004,138,58091,ROMA,-,58,RM,ROMA,120,LAZIO,2008-01-01T00:00:00,-,Ordinaria,1,41.92368,12.57115,1
70,9110,0,"Via Radicofani, 206/a (B.ta Fidene)",CIAMBELLINI ANSELMO,04884680580,138,58091,ROMA,-,58,RM,ROMA,120,LAZIO,2005-01-01T00:00:00,31/12/2007,Ordinaria,1,41.92368,12.57115,1
71,9111,0,"Viale Aventino, 78",MOSTACCI FRANCO,00712260587,153,58091,ROMA,-,58,RM,ROMA,120,LAZIO,2005-01-01T00:00:00,-,Ordinaria,1,41.88228,12.48625,1
72,9112,0,"Viale Somalia, 84 (Ang. Via Villa Chigi)",CAPRINO FRANCO,03754821001,199,58091,ROMA,-,58,RM,ROMA,120,LAZIO,2005-01-01T00:00:00,30/09/2010,Ordinaria,1,41.92368,12.57115,1
73,9112,0,"Viale Somalia, 84 (Ang. Via Villa Chigi)",CAPRINO SNC,11822231004,199,58091,ROMA,-,58,RM,ROMA,120,LAZIO,2012-01-07T00:00:00,-,Ordinaria,1,41.92368,12.57115,1
74,9112,0,"Viale Somalia, 84 (Ang. Via Villa Chigi)",CAPRINO FRANCO,00448170589,199,58091,ROMA,-,58,RM,ROMA,120,LAZIO,2010-01-10T00:00:00,30/06/2012,Ordinaria,1,41.92368,12.57115,1
75,9113,0,"Via Priscilla, 79",TAGLIAVINI PAOLO,00924610587,199,58091,ROMA,-,58,RM,ROMA,120,LAZIO,2005-01-01T00:00:00,-,Ordinaria,1,41.92368,12.57115,1
76,9114,0,"Via G.Antamoro, 86/b",VALENTINI MASSIMO,00825481005,137,58091,ROMA,-,58,RM,ROMA,120,LAZIO,2005-01-01T00:00:00,-,Ordinaria,1,41.92368,12.57115,1
77,9115,0,"Viale XXI Aprile, 31",EREDI MANCINI DI LORENZO MANCINI,13104841005,162,58091,ROMA,-,58,RM,ROMA,120,LAZIO,2015-01-01T00:00:00,-,Ordinaria,1,41.92368,12.57115,1
78,9115,0,"Viale XXI Aprile, 31",MANCINI FABRIZIO,00867070583,162,58091,ROMA,-,58,RM,ROMA,120,LAZIO,2005-01-01T00:00:00,31/12/2014,Ordinaria,1,41.92368,12.57115,1
79,9116,0,"Via G. Pacini, 15",BAGNARELLI MASSIMO,01066780584,198,58091,ROMA,-,58,RM,ROMA,120,LAZIO,2010-01-09T00:00:00,-,Ordinaria,1,41.92368,12.57115,1
80,9116,0,"Via G. Pacini, 15",BAGNARELLI MASSIMO,00949980585,198,58091,ROMA,-,58,RM,ROMA,120,LAZIO,2005-01-01T00:00:00,31/08/2010,Ordinaria,1,41.92368,12.57115,1
81,9117,0,"Via Gaverina, 14","GIOVANNINI SNC DI ESLISABETTA, MARTA E PAOLO",09939301009,166,58091,ROMA,-,58,RM,ROMA,120,LAZIO,2013-01-03T00:00:00,-,Ordinaria,1,41.9095,12.50124,1
82,9117,0,"Via Nomentana Nuova, 61/63",GIOVANNINI MASSIMO,01291830584,141,58091,ROMA,-,58,RM,ROMA,120,LAZIO,2005-01-01T00:00:00,30/04/2008,Ordinaria,1,41.9095,12.50124,1
83,9117,0,"Via Nomentana Nuova, 61/63",EREDI GIOVANNINI MASSIMO,09939301009,141,58091,ROMA,-,58,RM,ROMA,120,LAZIO,2008-01-05T00:00:00,28/02/2013,Ordinaria,1,41.9095,12.50124,1
84,9118,0,"Via C. Fracassini, 26",GALLOTTA DOMENICO,01066790583,196,58091,ROMA,-,58,RM,ROMA,120,LAZIO,2005-01-01T00:00:00,-,Ordinaria,1,41.92368,12.57115,1
85,9119,0,"P.le Ionio, 51/52",INESI ZELINDA,01057861005,141,58091,ROMA,-,58,RM,ROMA,120,LAZIO,2005-01-01T00:00:00,30/09/2010,Ordinaria,1,41.92368,12.57115,1
86,9119,0,"Piazzale Ionio, 51/52",INESI ZELINDA,01004030589,141,58091,ROMA,-,58,RM,ROMA,120,LAZIO,2010-01-10T00:00:00,-,Ordinaria,1,41.92368,12.57115,1
87,9120,0,"Viale delle Provincie, 66",S. CARLO,07504710588,162,58091,ROMA,-,58,RM,ROMA,120,LAZIO,2005-01-01T00:00:00,-,Ordinaria,1,41.91141,12.52099,1
88,9121,0,"Via della Croce, 11",Farmacia Eredi della dr.ssa Laura Maria Vittoria del dottor Vincenzo Crimi,10099081001,187,58091,ROMA,-,58,RM,ROMA,120,LAZIO,2008-01-07T00:00:00,31/08/2011,Ordinaria,1,41.71954,12.66981,1
89,9121,0,"Via della Croce, 11",Farmacrimi Europea del dr Vincenzo Crimi & C. SAS,10914191001,187,58091,ROMA,-,58,RM,ROMA,120,LAZIO,2011-01-09T00:00:00,-,Ordinaria,1,41.71954,12.66981,1
90,9121,0,"Via della Croce, 11",LAURA M. VITTORIA,-,187,58091,ROMA,-,58,RM,ROMA,120,LAZIO,2005-01-01T00:00:00,30/06/2008,Ordinaria,1,41.71954,12.66981,1
91,9122,0,"Via Val Sassina, 36",PICCIONI TITO,09250861003,141,58091,ROMA,-,58,RM,ROMA,120,LAZIO,2007-01-07T00:00:00,-,Ordinaria,1,41.93525,12.52774,1
92,9122,0,"Via Val Sassina, 36",PICCIONI GIANNANTONIO,01363290584,141,58091,ROMA,-,58,RM,ROMA,120,LAZIO,2005-01-01T00:00:00,30/06/2007,Ordinaria,1,41.93525,12.52774,1
93,9123,0,"Via Cimone, 119/a",FABRIZI GIULIANO,01419350580,141,58091,ROMA,-,58,RM,ROMA,120,LAZIO,2005-01-01T00:00:00,-,Ordinaria,1,41.93113,12.53628,1
94,9124,0,"Via Val di Fassa, 40/42",BETA EREDI DOTT.BAVUSO CORRADO SDF,12783621001,141,58091,ROMA,-,58,RM,ROMA,120,LAZIO,2010-01-10T00:00:00,-,Ordinaria,1,41.45801,12.73303,1
95,9124,0,"Via Val di Fassa, 40/42",BAVUSO CORRADO,01254840588,141,58091,ROMA,-,58,RM,ROMA,120,LAZIO,2005-01-01T00:00:00,30/09/2010,Ordinaria,1,41.45801,12.73303,1
96,9125,0,"Corso Sempione, 16",SEMPIONE SNC R. RINALDI E. RINALDI E F. SCARPELLINI,06645591006,141,58091,ROMA,-,58,RM,ROMA,120,LAZIO,2005-01-01T00:00:00,-,Ordinaria,1,41.93511,12.53356,1
97,9126,0,"P.za Manfredo Fanti, 36/37",RICCI ANNA LUCIA,-,185,58091,ROMA,-,58,RM,ROMA,120,LAZIO,2005-01-01T00:00:00,30/09/2010,Ordinaria,1,41.89757,12.50239,1
98,9126,0,"Piazza Manfredo Fanti, 36/37",RICCI SAS DI ALESSANDRA MAGNOLFI,09509210580,185,58091,ROMA,-,58,RM,ROMA,120,LAZIO,2010-01-10T00:00:00,31/10/2014,Ordinaria,1,41.89757,12.50239,1
99,9126,0,"Piazza Manfredo Fanti, 36/37",RICCI SAS DEI DR.I ANTONIO F. D'AGOSTINO E ALESSANDRA MAGNOLFI,09509210580,185,58091,ROMA,-,58,RM,ROMA,120,LAZIO,2014-01-11T00:00:00,-,Ordinaria,1,41.89757,12.50239,1
100,9127,0,"Piazza Testaccio, 8",PRAGLIOLA ROBERTO,07511241007,153,58091,ROMA,-,58,RM,ROMA,120,LAZIO,2008-01-01T00:00:00,-,Ordinaria,1,41.87557,12.47127,1
101,9127,0,"Piazza Testaccio, 48",PRAGLIOLA ROBERTO,01517440580,153,58091,ROMA,-,58,RM,ROMA,120,LAZIO,2005-01-01T00:00:00,31/12/2007,Ordinaria,1,41.87557,12.47127,1
102,9128,0,"Via Valmelaina, 151",ZELLI MAURO,01610770586,139,58091,ROMA,-,58,RM,ROMA,120,LAZIO,2005-01-01T00:00:00,31/05/2015,Ordinaria,1,41.92368,12.57115,1
103,9128,0,"Via Valmelaina, 151",ZELLI MAURO SAS DI MAURO ZELLI,13187571008,139,58091,ROMA,-,58,RM,ROMA,120,LAZIO,2015-01-06T00:00:00,-,Ordinaria,1,41.92368,12.57115,1
104,9129,0,"Via Andersen, 50",SBARIGIA DR.SSA ANNA,-,168,58091,ROMA,-,58,RM,ROMA,120,LAZIO,2012-01-03T00:00:00,-,Ordinaria,1,41.924,12.40317,1
105,9129,0,"Via Andersen, 50",MANNI MIRELLA,00916080583,168,58091,ROMA,-,58,RM,ROMA,120,LAZIO,2005-01-01T00:00:00,29/02/2012,Ordinaria,1,41.924,12.40317,1
106,9130,0,"Via dei Sabelli, 84",PINCHETTI MARCO,02396840585,185,58091,ROMA,-,58,RM,ROMA,120,LAZIO,2005-01-01T00:00:00,-,Ordinaria,1,41.89608,12.5136,1
107,9131,0,"Via F. A. Gualterio, 50/c",FALLETTA SERAFINA,03067530588,139,58091,ROMA,-,58,RM,ROMA,120,LAZIO,2005-01-01T00:00:00,-,Ordinaria,1,41.92368,12.57115,1
108,9132,0,"Piazza B. Cairoli, 5",EREDI DI GIANNANGELI DI MATTEO GIANNANGELI SNC,-,186,58091,ROMA,-,58,RM,ROMA,120,LAZIO,2013-01-03T00:00:00,-,Ordinaria,1,41.92368,12.57115,1
109,9132,0,"P.za B. Cairoli, 5",GIANNANGELI ALBERTO,-,186,58091,ROMA,-,58,RM,ROMA,120,LAZIO,2005-01-01T00:00:00,28/02/2013,Ordinaria,1,41.92368,12.57115,1
110,9133,0,"Via Magliano Sabina, 25",BRIENZA BRUNA,03582370585,199,58091,ROMA,-,58,RM,ROMA,120,LAZIO,2010-01-10T00:00:00,-,Ordinaria,1,41.9348,12.5114,1
111,9133,0,"Via Magliano Sabina, 25",BRIENZA BRUNA,01659830580,199,58091,ROMA,-,58,RM,ROMA,120,LAZIO,2005-01-01T00:00:00,30/09/2010,Ordinaria,1,41.9348,12.5114,1
112,9134,0,"Via Pacchiarotti, 34",PIANESI SAS DI LUCIA COPPOLA,03010010589,139,58091,ROMA,-,58,RM,ROMA,120,LAZIO,2005-01-01T00:00:00,-,Ordinaria,1,41.92368,12.57115,1
113,9135,0,"Piazza Massa Carrara, 9",PONZI ENNIO SAS,10182371004,162,58091,ROMA,-,58,RM,ROMA,120,LAZIO,2015-01-06T00:00:00,-,Ordinaria,1,41.91792,12.52552,1
114,9135,0,"P.za Massa Carrara, 10",DI GIUSEPPE DARIO,09669880586,162,58091,ROMA,-,58,RM,ROMA,120,LAZIO,2005-01-01T00:00:00,30/09/2010,Ordinaria,1,41.91792,12.52552,1
115,9135,0,"Piazza Massa Carrara, 10",PONZI ENNIO SAS,10182371004,162,58091,ROMA,-,58,RM,ROMA,120,LAZIO,2015-01-04T00:00:00,31/05/2015,Ordinaria,1,41.91792,12.52552,1
116,9135,0,"Piazza Massa Carrara, 10",DI GIUSEPPE DARIO,03094590589,162,58091,ROMA,-,58,RM,ROMA,120,LAZIO,2010-01-10T00:00:00,31/03/2015,Ordinaria,1,41.91792,12.52552,1
117,9136,0,"Via Celimontana, 9/a",CELIMONTANA SNC DI ROCCO POLIMENI,10196801004,184,58091,ROMA,-,58,RM,ROMA,120,LAZIO,2009-01-10T00:00:00,31/05/2015,Ordinaria,1,41.88841,12.49645,1
118,9136,0,"Via Celimontana, 9/a",CELIMONTANA DI ROCCO POLIMENI,13208771009,184,58091,ROMA,-,58,RM,ROMA,120,LAZIO,2015-01-06T00:00:00,-,Ordinaria,1,41.88841,12.49645,1
119,9136,0,"Via Celimontana, 9/a",MUSICO' GIUSEPPA,02971930587,184,58091,ROMA,-,58,RM,ROMA,120,LAZIO,2005-01-01T00:00:00,30/09/2009,Ordinaria,1,41.88841,12.49645,1
120,9137,0,"Via Tripoli, 145/B",IOCULANO DI DOMENICO IOCULANO SAS,09467481009,199,58091,ROMA,-,58,RM,ROMA,120,LAZIO,2008-01-05T00:00:00,-,Ordinaria,1,41.92368,12.57115,1
121,9137,0,"Via Tripoli, 155/c",FALCE GIUSEPPINA,03151980582,199,58091,ROMA,-,58,RM,ROMA,120,LAZIO,2005-01-01T00:00:00,30/04/2008,Ordinaria,1,41.92368,12.57115,1
122,9138,0,"Via Vezio Crisafulli, 8",LIMONE BIANCA,03278030584,166,58091,ROMA,-,58,RM,ROMA,120,LAZIO,2005-01-01T00:00:00,-,Ordinaria,1,41.89641,12.41154,1
123,9139,0,"Via Nomentana, 564",GRAVINA SNC DI GIACOMO GRAVINA,03625800580,141,58091,ROMA,-,58,RM,ROMA,120,LAZIO,2005-01-01T00:00:00,30/09/2010,Ordinaria,1,41.93181,12.52784,1
124,9139,0,"Via Nomentana, 564-566",SAN GABRIELE DI ELENA VERDILE & C. SAS,12461651007,141,58091,ROMA,-,58,RM,ROMA,120,LAZIO,2010-01-10T00:00:00,-,Ordinaria,1,41.93181,12.52784,1
125,9140,0,"Via Anapo, 38/40",MESSINA MARIA,01482540588,199,58091,ROMA,-,58,RM,ROMA,120,LAZIO,2005-01-01T00:00:00,-,Ordinaria,1,41.92595,12.50746,1
126,9141,0,"Via Fezzan, 16/18",LA ROSA FRANCESCO,01057861005,199,58091,ROMA,-,58,RM,ROMA,120,LAZIO,2005-01-01T00:00:00,31/08/2010,Ordinaria,1,41.92914,12.52384,1
127,9141,0,"Via Fezzan, 16/18",MORETTI ANDREA,12818021003,199,58091,ROMA,-,58,RM,ROMA,120,LAZIO,2010-01-09T00:00:00,-,Ordinaria,1,41.92914,12.52384,1
128,9142,0,"Via Banchi Vecchi, 24",CELESTINI GIANFRANCO,04676731005,186,58091,ROMA,-,58,RM,ROMA,120,LAZIO,2005-01-01T00:00:00,31/08/2010,Ordinaria,1,41.89799,12.46706,1
129,9142,0,"Via Banchi Vecchi, 24",CELESTINI GIANFRANCO,04702390586,186,58091,ROMA,-,58,RM,ROMA,120,LAZIO,2010-01-09T00:00:00,-,Ordinaria,1,41.89799,12.46706,1
130,9143,0,"Via Castelfidardo, 37",ALBO MARIA GRAZIA,04673360584,185,58091,ROMA,-,58,RM,ROMA,120,LAZIO,2005-01-01T00:00:00,28/02/2013,Ordinaria,1,41.90639,12.50104,1
131,9143,0,"Via della Lucchina, 131/A",ALBO MARIA GRAZIA,04673360584,135,58091,ROMA,-,58,RM,ROMA,120,LAZIO,2013-01-03T00:00:00,-,Ordinaria,1,41.90639,12.50104,1
132,9144,0,"Via Salaria, 1492/B",FABBRI DARIA,03438510582,138,58091,ROMA,-,58,RM,ROMA,120,LAZIO,2005-01-01T00:00:00,30/09/2010,Ordinaria,1,41.92368,12.57115,1
133,9144,0,"Via Salaria, 1492/B",FABBRI DARIA,08865321007,138,58091,ROMA,-,58,RM,ROMA,120,LAZIO,2010-01-10T00:00:00,-,Ordinaria,1,41.92368,12.57115,1
134,9145,0,"Via Emanuele Filiberto, 145",TRECCA MARIA,-,185,58091,ROMA,-,58,RM,ROMA,120,LAZIO,2009-01-03T00:00:00,31/05/2009,Ordinaria,1,41.89037,12.50671,1
135,9145,0,"Via Emanuele Filiberto, 145",TRECCA MARIA,04313190586,185,58091,ROMA,-,58,RM,ROMA,120,LAZIO,2005-01-01T00:00:00,31/08/2010,Ordinaria,1,41.89037,12.50671,1
136,9145,0,"Via Emanuele Filiberto, 145",TRECCA MARIA,04813190586,185,58091,ROMA,-,58,RM,ROMA,120,LAZIO,2010-01-09T00:00:00,-,Ordinaria,1,41.89037,12.50671,1
137,9146,0,"Corso Trieste, 167",MACCHIATI LORETTA,04884680580,198,58091,ROMA,-,58,RM,ROMA,120,LAZIO,2005-01-01T00:00:00,-,Ordinaria,1,41.92346,12.51451,1
138,9148,0,"Piazza Conca D'Oro, 34/36",CONCA D'ORO DELLE DR.SSE A. CABELLA E E. INGUAGGIATO SNC,07097091008,141,58091,ROMA,-,58,RM,ROMA,120,LAZIO,2005-01-01T00:00:00,-,Ordinaria,1,41.92368,12.57115,1
139,9149,0,"Viale Somalia, 235",SPAGNOLO VINCENZO,05006251002,199,58091,ROMA,-,58,RM,ROMA,120,LAZIO,2005-01-01T00:00:00,30/09/2010,Ordinaria,1,41.93565,12.51281,1
140,9149,0,"Viale Somalia, 235",SPAGNOLO VINCENZO,05060540589,199,58091,ROMA,-,58,RM,ROMA,120,LAZIO,2010-01-10T00:00:00,-,Ordinaria,1,41.93565,12.51281,1
141,9150,0,"Via R. Lanciani, 55",GUIDOTTI COSIMO,05110350583,162,58091,ROMA,-,58,RM,ROMA,120,LAZIO,2005-01-01T00:00:00,-,Ordinaria,1,41.92368,12.57115,1
142,9151,0,"Piazza Istria, 8",MACCHIATI MANOELA,05252030589,198,58091,ROMA,-,58,RM,ROMA,120,LAZIO,2005-01-01T00:00:00,31/12/2011,Ordinaria,1,41.92368,12.57115,1
143,9151,0,"Piazza Istria, 8",ISTRIA,11211951006,198,58091,ROMA,-,58,RM,ROMA,120,LAZIO,2012-01-01T00:00:00,-,Ordinaria,1,41.92368,12.57115,1
144,9152,0,"Via Milano, 54",QUIRINALE  DR.SSA NISI MARIA CRISTINA,05271620584,184,58091,ROMA,-,58,RM,ROMA,120,LAZIO,2005-01-01T00:00:00,-,Ordinaria,1,42.14263,12.60513,1
145,9153,0,"Via Ugo Ojetti, 102",MUZI SNC DI MUZI FABRIZIO,05266310589,137,58091,ROMA,-,58,RM,ROMA,120,LAZIO,2005-01-01T00:00:00,31/12/2009,Ordinaria,1,41.94648,12.55419,1
146,9153,0,"Via Ugo Ojetti, 102",MUZI SNC DI MUZI FABRIZIO,10183071009,137,58091,ROMA,-,58,RM,ROMA,120,LAZIO,2010-01-01T00:00:00,-,Ordinaria,1,41.94648,12.55419,1
147,9154,0,"Corso Vittorio Emanuele, 343",COMUNALE PONTE VITTORIO,07737160585,186,58091,ROMA,-,58,RM,ROMA,120,LAZIO,2005-01-01T00:00:00,31/08/2007,Ordinaria,1,41.72039,12.71308,1
148,9154,0,"Corso Vittorio Emanuele, 343",COMUNALE PONTE VITTORIO,05903241007,186,58091,ROMA,-,58,RM,ROMA,120,LAZIO,2007-01-09T00:00:00,-,Ordinaria,1,41.72039,12.71308,1
149,9155,0,"Via G. Caneva, 15-17",FARMACAP - COM.LE ANNUNZIATELLA II,06451830589,142,58091,ROMA,-,58,RM,ROMA,120,LAZIO,2005-01-01T00:00:00,30/04/2007,Ordinaria,1,41.83861,12.51528,1
150,9156,0,"Piazza Monte Gennaro, 17/C",LEOPARDI EUGENIO,05957020588,139,58091,ROMA,-,58,RM,ROMA,120,LAZIO,2010-01-09T00:00:00,-,Ordinaria,1,41.92368,12.57115,1
151,9156,0,"Piazza Monte Gennaro, 17/C",LEOPARDI EUGENIO,01057861005,139,58091,ROMA,-,58,RM,ROMA,120,LAZIO,2005-01-01T00:00:00,31/08/2010,Ordinaria,1,41.92368,12.57115,1
152,9157,0,"Viale XI Aprile, 42-42a",DURAZZANO DI RISCAZZI ALESSANDRA,12703191002,162,58091,ROMA,-,58,RM,ROMA,120,LAZIO,2011-01-07T00:00:00,-,Ordinaria,1,41.92368,12.57115,1
153,9157,0,"V.le XI Aprile, 42-42a",DURAZZANO VITTORIA,10067690585,162,58091,ROMA,-,58,RM,ROMA,120,LAZIO,2005-01-01T00:00:00,30/06/2011,Ordinaria,1,41.92368,12.57115,1
154,9158,0,"Piazza Capranica, 96",ORLANDI GIOVANNA,06002900584,186,58091,ROMA,-,58,RM,ROMA,120,LAZIO,2005-01-01T00:00:00,-,Ordinaria,1,41.89994,12.47773,1
155,9159,0,"Via Monte Sirino, 10",TRAVERSA PATRIZIA,06047540585,139,58091,ROMA,-,58,RM,ROMA,120,LAZIO,2005-01-01T00:00:00,-,Ordinaria,1,41.94999,12.53334,1
156,9160,0,"Via Arenula, 73",LIPPI TULLIA,05614330586,186,58091,ROMA,-,58,RM,ROMA,120,LAZIO,2005-01-01T00:00:00,-,Ordinaria,1,41.89276,12.47512,1
157,9161,0,"Viale Regina Margherita, 61/63",PIAZZA QUADRATA DEI DR.I MONGARDINI ROBERTO E SULIS MARILENA SNC,10656341004,198,58091,ROMA,-,58,RM,ROMA,120,LAZIO,2005-01-01T00:00:00,-,Ordinaria,1,41.80978,12.68084,1
158,9162,0,"Viale Pinturicchio, 19/A",SBARIGIA SAS DI SUSANNA SBARIGIA E C.,12597631006,196,58091,ROMA,-,58,RM,ROMA,120,LAZIO,2005-01-01T00:00:00,-,Ordinaria,1,41.92368,12.57115,1
159,9163,0,"Viale Jonio, 235",GRIMALDI ENZO,02477800581,141,58091,ROMA,-,58,RM,ROMA,120,LAZIO,2005-01-01T00:00:00,-,Ordinaria,1,41.94595,12.5257,1
160,9164,0,"Via Monte Cervialto, 205",GALLOTTA SNC DI MARIA TERESA E MARCO GALLOTTA,10561381004,139,58091,ROMA,-,58,RM,ROMA,120,LAZIO,2008-01-01T00:00:00,-,Ordinaria,1,41.9586,12.52428,1
161,9164,0,"Via Monte Cervialto, 205",NUOVO SALARIO,-,139,58091,ROMA,-,58,RM,ROMA,120,LAZIO,2005-01-01T00:00:00,31/12/2007,Ordinaria,1,41.9586,12.52428,1
162,9165,0,"Via Flaminia, 5/7",FRATELLI GUARNACCI SAS DI  DINO GUARNACCE E C.,10178441001,196,58091,ROMA,-,58,RM,ROMA,120,LAZIO,2009-01-09T00:00:00,-,Ordinaria,1,41.99891,12.49437,1
163,9165,0,"Via Flaminia, 5/7",GUARNACCI DINO,06451830589,196,58091,ROMA,-,58,RM,ROMA,120,LAZIO,2005-01-01T00:00:00,31/08/2009,Ordinaria,1,41.99891,12.49437,1
164,9166,0,"Via Pannini, 37",FARMACIE GALLOTTA SNC DI MARIA TERESA E MARCO GALLOTTA,10561381004,196,58091,ROMA,-,58,RM,ROMA,120,LAZIO,2012-01-07T00:00:00,-,Ordinaria,1,41.92368,12.57115,1
165,9166,0,"Via Pannini, 37",MAZZARELLA SOFIA,06507190582,196,58091,ROMA,-,58,RM,ROMA,120,LAZIO,2005-01-01T00:00:00,30/06/2012,Ordinaria,1,41.92368,12.57115,1
166,9167,0,"Corso Italia, 100",GELLINI DR.SSA CRISTINA FABRO,11486421008,198,58091,ROMA,-,58,RM,ROMA,120,LAZIO,2011-01-10T00:00:00,-,Ordinaria,1,41.4659,12.62762,1
167,9167,0,"Corso Italia, 100",DE ANGELIS RACHELE,08872970580,198,58091,ROMA,-,58,RM,ROMA,120,LAZIO,2005-01-01T00:00:00,30/09/2010,Ordinaria,1,41.4659,12.62762,1
168,9167,0,"Corso Italia, 100",DE ANGELIS RACHELE,04070780582,198,58091,ROMA,-,58,RM,ROMA,120,LAZIO,2010-01-10T00:00:00,30/09/2011,Ordinaria,1,41.4659,12.62762,1
169,9168,0,"Piazzale Provincie, 8/a",CALUORI SNC DI LUCIA E CARLA CALUORI,05908751000,162,58091,ROMA,-,58,RM,ROMA,120,LAZIO,2008-01-02T00:00:00,-,Ordinaria,1,41.92368,12.57115,1
170,9168,0,"P.le Provincie, 8/a",CALUORI LUCIA ANGELA,03261470581,162,58091,ROMA,-,58,RM,ROMA,120,LAZIO,2005-01-01T00:00:00,31/01/2008,Ordinaria,1,41.92368,12.57115,1
171,9169,0,"Via G. Boccomini, 25",MORELLI SIMONETTA,06911510581,139,58091,ROMA,-,58,RM,ROMA,120,LAZIO,2005-01-01T00:00:00,-,Ordinaria,1,41.92368,12.57115,1
172,9170,0,"Via M. di Lando, 84",FARMACRIMI APUANAIA DEL DR. VINCENZO CRIMI & C. SAS,09207911000,162,58091,ROMA,-,58,RM,ROMA,120,LAZIO,2007-01-07T00:00:00,28/02/2013,Ordinaria,1,41.92368,12.57115,1
173,9170,0,"Via M. di Lando, 84",FARMACRIMI APUANIA DEL DR. VINCENZO CRIMI & C. SAS,09207911000,162,58091,ROMA,-,58,RM,ROMA,120,LAZIO,2013-01-03T00:00:00,31/03/2015,Ordinaria,1,41.92368,12.57115,1
174,9170,0,"Piazzaledella Stazione Tiburtina, 1",FARMACRIMI APUANIA DEL DR. VINCENZO CRIMI & C. SAS,09207911000,162,58091,ROMA,-,58,RM,ROMA,120,LAZIO,2015-01-04T00:00:00,-,Ordinaria,1,41.92368,12.57115,1
175,9170,0,"Via M. di Lando, 84",CRIMI VINCENZO,08199540587,162,58091,ROMA,-,58,RM,ROMA,120,LAZIO,2005-01-01T00:00:00,30/06/2007,Ordinaria,1,41.92368,12.57115,1
176,9171,0,"Viale Trastevere, 80/f",FRANCONE CARLA,06973890582,153,58091,ROMA,-,58,RM,ROMA,120,LAZIO,2005-01-01T00:00:00,30/06/2007,Ordinaria,1,41.88413,12.46976,1
177,9171,0,"Viale Trastevere, 80/f",TRASTEVERE DI LUCIANA FRANCONE & C. SNC,09161691002,153,58091,ROMA,-,58,RM,ROMA,120,LAZIO,2007-01-07T00:00:00,-,Ordinaria,1,41.88413,12.46976,1
178,9172,0,"Corso Centocelle, 24/26",PALOMBO VINCENZO,06994791009,53,58032,CIVITAVECCHIA,-,58,RM,ROMA,120,LAZIO,2005-01-01T00:00:00,-,Ordinaria,1,42.09157,11.79377,1
179,9173,0,"Viale Rossini, 70/72",SORRENTINO LUCIA,07097750587,198,58091,ROMA,-,58,RM,ROMA,120,LAZIO,2005-01-01T00:00:00,-,Ordinaria,1,41.72469,12.6566,1
180,9174,0,Centro Forum Stazione Termini,PELLEGRINI CLAUDIO,06820270582,185,58091,ROMA,-,58,RM,ROMA,120,LAZIO,2013-01-03T00:00:00,-,Ordinaria,1,41.92368,12.57115,1
181,9174,0,Stazione Termini - Gall. Testa,PELLEGRINI CLAUDIO,06820270582,185,58091,ROMA,-,58,RM,ROMA,120,LAZIO,2005-01-01T00:00:00,28/02/2013,Ordinaria,1,41.92368,12.57115,1
182,9175,0,"Via Crescenzio Conte di Sabina, 45",BUONASSISI DATTI GIUSEPPINA,03067530588,131,58091,ROMA,CASAL MONASTERO,58,RM,ROMA,120,LAZIO,2005-01-01T00:00:00,30/09/2010,Ordinaria,1,41.92368,12.57115,1
183,9175,0,"Via Crescenzio Conte di Sabina, 45",BUONASSISI DATTI GIUSEPPINA,07154390582,131,58091,ROMA,CASAL MONASTERO,58,RM,ROMA,120,LAZIO,2010-01-10T00:00:00,-,Ordinaria,1,41.92368,12.57115,1
184,9176,0,"Via G. Ciaralli, 13",VALLE MASSIMO,07293750589,156,58091,ROMA,-,58,RM,ROMA,120,LAZIO,2005-01-01T00:00:00,-,Ordinaria,1,41.92368,12.57115,1
185,9177,0,"Via Bulgaria, 35",VILLAGGIO OLIMPICO DR.SSA NATI ALESSANDRA,07394440585,196,58091,ROMA,-,58,RM,ROMA,120,LAZIO,2005-01-01T00:00:00,-,Ordinaria,1,41.93344,12.47406,1
186,9178,0,"Largo Bargellini, 35",SOFIA ANGELA ANTONIA,07433910580,142,58091,ROMA,-,58,RM,ROMA,120,LAZIO,2010-01-10T00:00:00,-,Ordinaria,1,41.92368,12.57115,1
187,9178,0,"Largo Bargellini, 35",SOFIA ANGELA ANTONIA,-,142,58091,ROMA,-,58,RM,ROMA,120,LAZIO,2005-01-01T00:00:00,30/09/2010,Ordinaria,1,41.92368,12.57115,1
188,9179,0,"Via Ripetta, 254-255",RIPETTA DR. CAMPONESCHI CLAUDIO,07404500584,186,58091,ROMA,-,58,RM,ROMA,120,LAZIO,2005-01-01T00:00:00,-,Ordinaria,1,41.90946,12.47617,1
189,9180,0,"Viale Val Padana, 73",DELLE VALLI SNC DI GAETANO PEDULLA' E MARIA LUISA ROVERE & C.,07499960586,141,58091,ROMA,-,58,RM,ROMA,120,LAZIO,2010-01-10T00:00:00,-,Ordinaria,1,41.94272,12.5235,1
190,9180,0,"Viale Val Padana, 73",BOZZI IGNAZIO,01435130586,141,58091,ROMA,-,58,RM,ROMA,120,LAZIO,2005-01-01T00:00:00,30/09/2010,Ordinaria,1,41.94272,12.5235,1
191,9181,0,"Via Barberini, 63",LEBANO M.A. & C. SNC,07447681003,187,58091,ROMA,-,58,RM,ROMA,120,LAZIO,2005-01-01T00:00:00,31/01/2015,Ordinaria,1,41.90472,12.49219,1
192,9181,0,"Via Barberini, 58",LEBANO M.A. & C. SNC - FALLIMENTO N. 432/2015,07447681003,187,58091,ROMA,-,58,RM,ROMA,120,LAZIO,2015-01-07T00:00:00,-,Ordinaria,1,41.90472,12.49219,1
193,9181,0,"Via Barberini, 58",LEBANO M.A. & C. SNC,07447681003,187,58091,ROMA,-,58,RM,ROMA,120,LAZIO,2015-01-02T00:00:00,30/06/2015,Ordinaria,1,41.90472,12.49219,1
194,9182,0,"Via dei Sardi, 29",SABATINI RAOUL,07360010586,185,58091,ROMA,-,58,RM,ROMA,120,LAZIO,2005-01-01T00:00:00,-,Ordinaria,1,41.89709,12.51643,1
195,9183,0,"Via dei Campi Flegrei, 11",BRUNETTA GIUSEPPE,07787210587,141,58091,ROMA,-,58,RM,ROMA,120,LAZIO,2008-01-01T00:00:00,-,Ordinaria,1,41.93253,12.52732,1
196,9183,0,"Via dei Campi Flegrei, 11",BRUNETTA GIUSEPPE,02477800581,141,58091,ROMA,-,58,RM,ROMA,120,LAZIO,2005-01-01T00:00:00,31/12/2007,Ordinaria,1,41.93253,12.52732,1
197,9184,0,"Viale Marco Polo, 35",GREGORINI ANNA ROSA,-,154,58091,ROMA,-,58,RM,ROMA,120,LAZIO,2005-01-01T00:00:00,-,Ordinaria,1,41.87534,12.48452,1
198,9185,0,"Via Radicofani, 147",FLORIO MARIASSUNTA,07737160585,138,58091,ROMA,-,58,RM,ROMA,120,LAZIO,2005-01-01T00:00:00,-,Ordinaria,1,41.97702,12.50883,1
199,9186,0,"Via F. D' Ovidio, 95/a",PASSALACQUA DEI DOTTORI CLAUDIO E CLAUDIA PASSALACQUA SNC,07992540588,137,58091,ROMA,-,58,RM,ROMA,120,LAZIO,2013-01-03T00:00:00,-,Ordinaria,1,41.92368,12.57115,1
200,9186,0,"Via F. D' Ovidio, 95/a",PASSALACQUA CLAUDIO,07992540588,137,58091,ROMA,-,58,RM,ROMA,120,LAZIO,2005-01-01T00:00:00,28/02/2013,Ordinaria,1,41.92368,12.57115,1
201,9187,0,"Piazza dei Cinquecento, 49-ang.Via Cavour, 2",JUCCI MARIA CLOTILDE,08042670581,184,58091,ROMA,-,58,RM,ROMA,120,LAZIO,2005-01-01T00:00:00,-,Ordinaria,1,41.92368,12.57115,1
202,9188,0,"Corso Vittorio Emanuele, 36",LANZETTA MARIA ASSUNTA,08139270584,186,58091,ROMA,-,58,RM,ROMA,120,LAZIO,2005-01-01T00:00:00,-,Ordinaria,1,41.72039,12.71308,1
203,9189,0,"Via Val di Cogne, 4",GALIMI WALTER,08138190585,141,58091,ROMA,-,58,RM,ROMA,120,LAZIO,2005-01-01T00:00:00,-,Ordinaria,1,41.92368,12.57115,1
204,9190,0,"Via Isole Curzolane, 172/A",CELANI DI CELANI SERGIO E C. SNC,04621891003,139,58091,ROMA,-,58,RM,ROMA,120,LAZIO,2005-01-01T00:00:00,31/08/2010,Ordinaria,1,41.94956,12.52914,1
205,9190,0,"Via Isole Curzolane, 172/A",CELANI DI CELANI SERGIO E C. SNC,08252801009,139,58091,ROMA,-,58,RM,ROMA,120,LAZIO,2010-01-09T00:00:00,-,Ordinaria,1,41.94956,12.52914,1
206,9191,0,"Via dei Prati Fiscali, 278",GULLI' DOMENICA,08273480585,141,58091,ROMA,-,58,RM,ROMA,120,LAZIO,2005-01-01T00:00:00,30/06/2007,Ordinaria,1,41.92368,12.57115,1
207,9191,0,"Via dei Prati Fiscali, 278",DEL BENESSERE SAS DI SERRAINO SERGIO & C.,08695111008,141,58091,ROMA,-,58,RM,ROMA,120,LAZIO,2007-01-07T00:00:00,28/02/2013,Ordinaria,1,41.92368,12.57115,1
208,9191,0,"Via dei Prati Fiscali, 278",DEL BENESSERE SAS DEL DOTT. GAETANO RIZZO & C.,08695111008,141,58091,ROMA,-,58,RM,ROMA,120,LAZIO,2013-01-03T00:00:00,-,Ordinaria,1,41.92368,12.57115,1
209,9192,0,"Via A. Valenzani, 20",TONINELLI SIMONETTA,08393070589,187,58091,ROMA,-,58,RM,ROMA,120,LAZIO,2005-01-01T00:00:00,-,Ordinaria,1,41.92368,12.57115,1
210,9193,0,"Viale Eritrea, 32 a",LO GIUDICE GIUSEPPE,08595080584,199,58091,ROMA,-,58,RM,ROMA,120,LAZIO,2005-01-01T00:00:00,-,Ordinaria,1,41.92684,12.51594,1
211,9194,0,"Via Chelini, 34",BOSCARINO LUCIA,01414120582,197,58091,ROMA,-,58,RM,ROMA,120,LAZIO,2005-01-01T00:00:00,28/02/2011,Ordinaria,1,41.92368,12.57115,1
212,9194,0,"Via Chelini, 34",BOSCARINO LUCIA,08325600586,197,58091,ROMA,-,58,RM,ROMA,120,LAZIO,2011-01-03T00:00:00,-,Ordinaria,1,41.92368,12.57115,1
213,9195,0,"Via A. De Pretis, 89-Ang. Piazza del Viminale, 23",VIMINALE,08516280586,184,58091,ROMA,-,58,RM,ROMA,120,LAZIO,2005-01-01T00:00:00,-,Ordinaria,1,41.92368,12.57115,1
214,9196,0,"Piazza Sonnino, 47",SARCINELLI MAURIZIO,08468670586,153,58091,ROMA,-,58,RM,ROMA,120,LAZIO,2005-01-01T00:00:00,-,Ordinaria,1,41.92368,12.57115,1
215,9197,0,"Piazza Bologna, 19/20",PIAZZA BOLOGNA  & C. SAS,09529441009,162,58091,ROMA,-,58,RM,ROMA,120,LAZIO,2007-01-10T00:00:00,-,Ordinaria,1,41.91398,12.52098,1
216,9197,0,"Piazza Bologna, 19/20",CRIMI ROCCO,08069020587,162,58091,ROMA,-,58,RM,ROMA,120,LAZIO,2005-01-01T00:00:00,30/09/2007,Ordinaria,1,41.91398,12.52098,1
217,9198,0,"Via Tor Millina, 6",TOR MILINA SAS DI PALERMO ANTONIO,08655630583,186,58091,ROMA,-,58,RM,ROMA,120,LAZIO,2010-01-10T00:00:00,30/09/2014,Ordinaria,1,41.92368,12.57115,1
218,9198,0,"Via Tor Millina, 6",TOR MILINA SAS DI PALERMO ANTONIO,10533591003,186,58091,ROMA,-,58,RM,ROMA,120,LAZIO,2009-01-11T00:00:00,30/09/2010,Ordinaria,1,41.92368,12.57115,1
219,9198,0,"Via di Tor Millina, 6",TOR MILLINA SAS DI WANDA VIGGIANI E CO.,08655630583,186,58091,ROMA,-,58,RM,ROMA,120,LAZIO,2014-01-10T00:00:00,-,Ordinaria,1,41.92368,12.57115,1
220,9198,0,"Via Tor Millina, 6",PALERMO ANTONINO,08655630583,186,58091,ROMA,-,58,RM,ROMA,120,LAZIO,2005-01-01T00:00:00,31/10/2009,Ordinaria,1,41.92368,12.57115,1
221,9199,0,"Piazza dell'Ateneo Salesiano, 48",CAMPOLO ANGELA MARIA,03412680583,139,58091,ROMA,-,58,RM,ROMA,120,LAZIO,2005-01-01T00:00:00,30/04/2009,Ordinaria,1,41.95948,12.52339,1
222,9199,0,"Piazza dell'Ateneo Salesiano, 48",GALLOTTA SNC,10561381004,139,58091,ROMA,-,58,RM,ROMA,120,LAZIO,2010-01-12T00:00:00,-,Ordinaria,1,41.95948,12.52339,1
223,9199,0,"Piazza dell'Ateneo Salesiano, 48",EREDI CAMPOLO ANGELA MARIA SDF,10397551002,139,58091,ROMA,-,58,RM,ROMA,120,LAZIO,2009-01-05T00:00:00,30/11/2010,Ordinaria,1,41.95948,12.52339,1
224,9200,0,"Piazza di Spagna, 30",SPAGNA DI MENCARELLI FILIPPO E C. SAS,08676530580,187,58091,ROMA,-,58,RM,ROMA,120,LAZIO,2013-01-03T00:00:00,-,Ordinaria,1,41.90661,12.4816,1
225,9200,0,"Piazza di Spagna, 30",PORRETTI EUGENIA,08676530580,187,58091,ROMA,-,58,RM,ROMA,120,LAZIO,2005-01-01T00:00:00,28/02/2013,Ordinaria,1,41.90661,12.4816,1
226,9201,0,"Via Flaminia, 115/117",GRILLI ANGELA,-,196,58091,ROMA,-,58,RM,ROMA,120,LAZIO,2005-01-01T00:00:00,-,Ordinaria,1,41.99891,12.49437,1
227,9202,0,"Via Gigi Chessa, 364",CHIMENTI COSTANTINO ALDO,08197590584,125,58091,ROMA,ACILIA,58,RM,ROMA,120,LAZIO,2005-01-01T00:00:00,-,Ordinaria,1,41.77439,12.3792,1
228,9203,0,"Via M. B. Tosatti, 39",GHINOZZI PAOLA,08273540586,137,58091,ROMA,-,58,RM,ROMA,120,LAZIO,2005-01-01T00:00:00,-,Ordinaria,1,41.92368,12.57115,1
229,9204,0,"Viale Libia, 114",CATARINELLA MARIO,04534321007,199,58091,ROMA,-,58,RM,ROMA,120,LAZIO,2005-01-01T00:00:00,31/08/2010,Ordinaria,1,41.45042,12.6203,1
230,9204,0,"Viale Libia, 114",CATARINELLA MARIO,08678970586,199,58091,ROMA,-,58,RM,ROMA,120,LAZIO,2010-01-09T00:00:00,-,Ordinaria,1,41.45042,12.6203,1
231,9205,0,"Via Urbana, 11",SAVELLI LUIGINA,08963740587,184,58091,ROMA,-,58,RM,ROMA,120,LAZIO,2005-01-01T00:00:00,-,Ordinaria,1,41.89917,12.49661,1
232,9206,0,"Via Lorenzo Il Magnifico, 114/B",PERROTTA MARIA AMABILE,01466930581,162,58091,ROMA,-,58,RM,ROMA,120,LAZIO,2005-01-01T00:00:00,31/12/2007,Ordinaria,1,41.91091,12.52881,1
233,9206,0,"Via Lorenzo Il Magnifico, 114/B",PERROTTA MARIA AMABILE,09033710584,162,58091,ROMA,-,58,RM,ROMA,120,LAZIO,2008-01-01T00:00:00,-,Ordinaria,1,41.91091,12.52881,1
234,9207,0,"Via Q. Sella, 28",LUCIDI SILVIA,09118310581,187,58091,ROMA,-,58,RM,ROMA,120,LAZIO,2005-01-01T00:00:00,29/02/2012,Ordinaria,1,41.92368,12.57115,1
235,9207,0,"Via Q. Sella, 28",LUCIDI SILVIA,01444360588,187,58091,ROMA,-,58,RM,ROMA,120,LAZIO,2012-01-03T00:00:00,-,Ordinaria,1,41.92368,12.57115,1
236,9208,0,"Via G. Ponzi, 13",MOCHI ZAMPEROLI MICHELA,09154140587,197,58091,ROMA,-,58,RM,ROMA,120,LAZIO,2005-01-01T00:00:00,-,Ordinaria,1,41.92368,12.57115,1
237,9209,0,"Via Villa S. Filippo, 18",VITA FABRIZIO,09266030585,197,58091,ROMA,-,58,RM,ROMA,120,LAZIO,2005-01-01T00:00:00,-,Ordinaria,1,41.92722,12.4925,1
238,9210,0,"Piazza S. Maria in Trastevere, 7",RELLECATI FABRIZIO,09284720589,153,58091,ROMA,-,58,RM,ROMA,120,LAZIO,2005-01-01T00:00:00,-,Ordinaria,1,41.92368,12.57115,1
239,9211,0,"Via Merulana, 185/187",MERULANA DI G. GUERRA-B. DEL PIO SNC,04211761004,185,58091,ROMA,-,58,RM,ROMA,120,LAZIO,2005-01-01T00:00:00,-,Ordinaria,1,41.89676,12.49934,1
240,9212,0,"Via A. Cabrini, 32",IURLO RITA,09323110586,139,58091,ROMA,-,58,RM,ROMA,120,LAZIO,2005-01-01T00:00:00,-,Ordinaria,1,41.92368,12.57115,1
241,9213,0,"Via Marsala, 29",SOLFERINO - BELLUSCIO LAURA,09166680588,185,58091,ROMA,-,58,RM,ROMA,120,LAZIO,2005-01-01T00:00:00,31/08/2011,Ordinaria,1,41.8989,12.50785,1
242,9213,0,"Via Marsala, 29",FARMACRIMI STAZIONE TERMINI DEL DR. CRIMI VINCENZO & C. SAS,10491561006,185,58091,ROMA,-,58,RM,ROMA,120,LAZIO,2011-01-09T00:00:00,-,Ordinaria,1,41.8989,12.50785,1
243,9214,0,"Piazza S. Maria della Scala, 23",PIZZI NICOLFRANCO GIULIANO,07584491000,153,58091,ROMA,-,58,RM,ROMA,120,LAZIO,2005-01-01T00:00:00,28/02/2013,Ordinaria,1,41.90151,12.46077,1
244,9214,0,"Piazza della Scala, 23",PIZZI NICOLFRANCO GIULIANO,07584491000,153,58091,ROMA,-,58,RM,ROMA,120,LAZIO,2013-01-03T00:00:00,-,Ordinaria,1,41.90151,12.46077,1
245,9215,0,"Via Lorenzo il Magnifico, 60",SETTIMI ROBERTO,09427780581,162,58091,ROMA,-,58,RM,ROMA,120,LAZIO,2005-01-01T00:00:00,31/05/2013,Ordinaria,1,41.91091,12.52881,1
246,9215,0,"Via Lorenzo il Magnifico, 60",M & T ROMA FARMACIE DI MARIANI NATALINO & C. SAS,10233851004,162,58091,ROMA,-,58,RM,ROMA,120,LAZIO,2013-01-06T00:00:00,-,Ordinaria,1,41.91091,12.52881,1
247,9216,0,"Via Gioberti, 79",ESQUILINO SNC-SCIARRA MARIA PIA,04377131000,185,58091,ROMA,-,58,RM,ROMA,120,LAZIO,2005-01-01T00:00:00,-,Ordinaria,1,41.89867,12.50042,1
248,9217,0,"Via E. Filiberto, 28/30",DE SANCTIS GIOVANNI,09154140587,185,58091,ROMA,-,58,RM,ROMA,120,LAZIO,2005-01-01T00:00:00,31/08/2010,Ordinaria,1,41.92368,12.57115,1
249,9217,0,"Via E. Filiberto, 35",GIARI SNC DI MARCELLO VITTORINO,12493971001,185,58091,ROMA,-,58,RM,ROMA,120,LAZIO,2015-01-03T00:00:00,-,Ordinaria,1,41.92368,12.57115,1
250,9217,0,"Via E. Filiberto, 28/30",GIARI SNC DI MARCELLO VITTORINO,12493971001,185,58091,ROMA,-,58,RM,ROMA,120,LAZIO,2010-01-09T00:00:00,28/02/2015,Ordinaria,1,41.92368,12.57115,1
251,9218,0,"Piazza Barberini, 49",CERVINI TERESA,09472630582,187,58091,ROMA,-,58,RM,ROMA,120,LAZIO,2008-01-01T00:00:00,-,Ordinaria,1,41.90418,12.48878,1
252,9218,0,"Piazza Barberini, 49",CERVINI TERESA,04798330587,187,58091,ROMA,-,58,RM,ROMA,120,LAZIO,2005-01-01T00:00:00,31/12/2007,Ordinaria,1,41.90418,12.48878,1
253,9219,0,"Via Gramsci, 1",DE ANGELIS AMALIA,08777490585,197,58091,ROMA,-,58,RM,ROMA,120,LAZIO,2005-01-01T00:00:00,31/08/2010,Ordinaria,1,41.76065,12.70899,1
254,9219,0,"Via Gramsci, 1",DE ANGELIS AMALIA,09497560582,197,58091,ROMA,-,58,RM,ROMA,120,LAZIO,2010-01-09T00:00:00,-,Ordinaria,1,41.76065,12.70899,1
255,9220,0,"Piazza Vittorio Emanuele, 116",CUZZOCREA ANTONINO,09539800582,185,58091,ROMA,-,58,RM,ROMA,120,LAZIO,2010-01-09T00:00:00,-,Ordinaria,1,41.89473,12.50252,1
256,9220,0,"Piazza Vittorio Emanuele, 116",CUZZOCREA ANTONINO,08479750583,185,58091,ROMA,-,58,RM,ROMA,120,LAZIO,2005-01-01T00:00:00,31/08/2010,Ordinaria,1,41.89473,12.50252,1
257,9221,0,"Via XX Settembre, 98/B",GIAMBENEDETTI ANTONIO,09598800580,187,58091,ROMA,-,58,RM,ROMA,120,LAZIO,2015-01-01T00:00:00,-,Ordinaria,1,41.90296,12.49217,1
258,9221,0,"Via XX Settembre, 25",GIAMBENEDETTI ANTONIO,09598800580,187,58091,ROMA,-,58,RM,ROMA,120,LAZIO,2005-01-01T00:00:00,31/12/2014,Ordinaria,1,41.90296,12.49217,1
259,9222,0,"Via XX Settembre, 95/a",ALTESI-SQUARCIA G & POMPEI E SNC,00420620585,187,58091,ROMA,-,58,RM,ROMA,120,LAZIO,2005-01-01T00:00:00,-,Ordinaria,1,41.90296,12.49217,1
260,9223,0,Via San Daniele del Friuli snc,ACQUALAGNA PATRIZIA,00110391000,188,58091,ROMA,-,58,RM,ROMA,120,LAZIO,2005-01-01T00:00:00,30/09/2010,Ordinaria,1,41.92368,12.57115,1
261,9223,0,"Via San Daniele del Friuli, snc",ACQUALAGNA PATRIZIA,09613480582,188,58091,ROMA,-,58,RM,ROMA,120,LAZIO,2010-01-10T00:00:00,-,Ordinaria,1,41.92368,12.57115,1
262,9224,0,"Piazza Vittorio Emanuele II, 46",LONGO MARIA E GIUSEPPE SNC,-,185,58091,ROMA,-,58,RM,ROMA,120,LAZIO,2005-01-01T00:00:00,31/05/2015,Ordinaria,1,41.89515,12.5049,1
263,9224,0,"Piazza Vittorio Emanuele II, 46",LONGO DEI DR.I LONGO MARIA E LONGO GIUSEPPE SNC,04585611009,185,58091,ROMA,-,58,RM,ROMA,120,LAZIO,2015-01-06T00:00:00,-,Ordinaria,1,41.89515,12.5049,1
264,9225,0,"Via Marmorata, 133/135",MARMORATA-DE ANGELIS M. & C. SNC,03709560589,153,58091,ROMA,-,58,RM,ROMA,120,LAZIO,2005-01-01T00:00:00,30/09/2010,Ordinaria,1,41.88065,12.47783,1
265,9225,0,"Via Marmorata, 133/135",MARMORATA-DE ANGELIS M. & C. SNC,04573871003,153,58091,ROMA,-,58,RM,ROMA,120,LAZIO,2010-01-10T00:00:00,-,Ordinaria,1,41.88065,12.47783,1
266,9226,0,"Via Giuseppe De Nava, 27",DAGUI' SILVESTRO,09667180583,139,58091,ROMA,-,58,RM,ROMA,120,LAZIO,2005-01-01T00:00:00,28/02/2013,Ordinaria,1,41.95117,12.51822,1
267,9226,0,"Via Giuseppe De Nava, 9",DAGUI' SILVESTRO,09667180583,139,58091,ROMA,-,58,RM,ROMA,120,LAZIO,2013-01-03T00:00:00,-,Ordinaria,1,41.95117,12.51822,1
268,9227,0,"Piazza Crati, 27",CUTTANO ANNA MARIA,09669880586,199,58091,ROMA,-,58,RM,ROMA,120,LAZIO,2008-01-01T00:00:00,-,Ordinaria,1,41.92707,12.50998,1
269,9227,0,"Piazza Crati, 27",CUTTANO ANNA MARIA,09669780586,199,58091,ROMA,-,58,RM,ROMA,120,LAZIO,2005-01-01T00:00:00,31/12/2007,Ordinaria,1,41.92707,12.50998,1
270,9228,0,"Via Livorno, 27/a",MARIANI NATALINO,01884050608,162,58091,ROMA,-,58,RM,ROMA,120,LAZIO,2005-01-01T00:00:00,30/09/2011,Ordinaria,1,41.91495,12.52301,1
271,9228,0,"Via Livorno, 27/a",M&T ROMA FARMACIE DI MARIANI NATALINO & C. SAS,10233851004,162,58091,ROMA,-,58,RM,ROMA,120,LAZIO,2011-01-10T00:00:00,-,Ordinaria,1,41.91495,12.52301,1
272,9229,0,"Via Bertoloni, 5",TRE MADONNE,12240221007,197,58091,ROMA,-,58,RM,ROMA,120,LAZIO,2013-01-04T00:00:00,-,Ordinaria,1,41.92368,12.57115,1
273,9229,0,"Via Bertoloni, 5",RECCHI FRANCESCHINI RINALDO,-,197,58091,ROMA,-,58,RM,ROMA,120,LAZIO,2005-01-01T00:00:00,30/09/2010,Ordinaria,1,41.92368,12.57115,1
274,9229,0,"Via Bertoloni, 5",RECCHI FRANCESCHINI RINALDO,09717800586,197,58091,ROMA,-,58,RM,ROMA,120,LAZIO,2010-01-10T00:00:00,31/03/2013,Ordinaria,1,41.92368,12.57115,1
275,9230,0,"Via Amba Aradam, 23 A",FARMACIA AMBA ARADAM Dr. Rizzuti Ludovico,02519850792,144,58091,ROMA,-,58,RM,ROMA,120,LAZIO,2005-01-01T00:00:00,-,Ordinaria,1,42.0987,11.79408,1
276,9231,0,"Corso Trieste, 6-8-8a",GAUDIO GIORGIO,09740870580,198,58091,ROMA,-,58,RM,ROMA,120,LAZIO,2005-01-01T00:00:00,30/09/2014,Ordinaria,1,41.92346,12.51451,1
277,9231,0,"Corso Trieste, 29",GAUDIO GIORGIO,09740870580,198,58091,ROMA,-,58,RM,ROMA,120,LAZIO,2014-01-10T00:00:00,-,Ordinaria,1,41.92346,12.51451,1
278,9232,0,"Corso Trieste, 78",LENZI MICHELE,09858850580,198,58091,ROMA,-,58,RM,ROMA,120,LAZIO,2005-01-01T00:00:00,-,Ordinaria,1,41.92346,12.51451,1
279,9233,0,"Via S. Martino Battaglia, 10",INDIPENDENZA DOTT. ENRICO MATTIOLI,12634331008,185,58091,ROMA,-,58,RM,ROMA,120,LAZIO,2005-01-01T00:00:00,-,Ordinaria,1,41.9054,12.50393,1
280,9234,0,"Via del Tritone, 16",MORREALE MARCO,09823070587,187,58091,ROMA,-,58,RM,ROMA,120,LAZIO,2005-01-01T00:00:00,-,Ordinaria,1,41.90315,12.48684,1
281,9235,0,"Piazza Farnese, 42",GIORDANI PIERMARINO,09885280587,186,58091,ROMA,-,58,RM,ROMA,120,LAZIO,2005-01-01T00:00:00,-,Ordinaria,1,41.89507,12.47121,1
282,9236,0,"Viale del Vignola, 99/A/B/C",MANNELLA SAS,11961541007,196,58091,ROMA,-,58,RM,ROMA,120,LAZIO,2012-01-10T00:00:00,-,Ordinaria,1,41.92596,12.46369,1
283,9236,0,"Viale del Vignola, 99",MANNELLA FABRIZIO,10003720587,196,58091,ROMA,-,58,RM,ROMA,120,LAZIO,2005-01-01T00:00:00,30/09/2012,Ordinaria,1,41.92596,12.46369,1
284,9237,0,"Via Andrea Checci, 17/19",LATERANO,09914640587,137,58091,ROMA,-,58,RM,ROMA,120,LAZIO,2005-01-01T00:00:00,-,Ordinaria,1,41.92368,12.57115,1
285,9238,0,"Via Piemonte, 95",SANTA CHIARA DI COLANGELO GISELLA E ZELLI BARTOLOMEO SNC,05006251002,187,58091,ROMA,-,58,RM,ROMA,120,LAZIO,2005-01-01T00:00:00,-,Ordinaria,1,41.46095,12.66312,1
286,9239,0,"Via Salaria, 84/86/88",ORMEA DEI DR.I MARIELLA E GIAN BATTISTA ORMEA SNC,07754091002,198,58091,ROMA,-,58,RM,ROMA,120,LAZIO,2005-01-01T00:00:00,-,Ordinaria,1,41.98817,12.51172,1
287,9240,0,"Via Piramide Cestia, 19/b",EREDI POMPEI ROBERTO,10356250588,153,58091,ROMA,-,58,RM,ROMA,120,LAZIO,2005-01-01T00:00:00,-,Ordinaria,1,41.87869,12.48304,1
288,9241,0,"Via del Pozzetto, 110",DEL POZZETTO SNC,05169181004,187,58091,ROMA,-,58,RM,ROMA,120,LAZIO,2005-01-01T00:00:00,-,Ordinaria,1,41.90252,12.48213,1
289,9242,0,"Via Tiburtina, 40",IOCULANO DI DOMENICO IOCULANO SAS,10147240583,185,58091,ROMA,-,58,RM,ROMA,120,LAZIO,2008-01-01T00:00:00,31/12/2011,Ordinaria,1,41.92368,12.57115,1
290,9242,0,"Via Tiburtina, 40",IOCULANO DI DOMENICO IOCULANO SAS,09467481009,185,58091,ROMA,-,58,RM,ROMA,120,LAZIO,2007-01-10T00:00:00,30/09/2010,Ordinaria,1,41.92368,12.57115,1
291,9242,0,"Via Tiburtina, 40",IOCULANO DOMENICO,10147240583,185,58091,ROMA,-,58,RM,ROMA,120,LAZIO,2005-01-01T00:00:00,30/09/2007,Ordinaria,1,41.92368,12.57115,1
292,9242,0,"Via Tiburtina, 40",IOCULANO DI DOMENICO IOCULANO SAS,09467481009,185,58091,ROMA,-,58,RM,ROMA,120,LAZIO,2012-01-01T00:00:00,-,Ordinaria,1,41.92368,12.57115,1
293,9243,0,"Via Franco Sacchetti, 93",MARZOLI FRANCESCA,10240180587,137,58091,ROMA,-,58,RM,ROMA,120,LAZIO,2005-01-01T00:00:00,31/12/2014,Ordinaria,1,41.94873,12.54504,1
294,9243,0,"Via Franco Sacchetti, 93",MARZOLI SAS DI FRANCESCA MARZOLI & C.,12939581000,137,58091,ROMA,-,58,RM,ROMA,120,LAZIO,2015-01-01T00:00:00,-,Ordinaria,1,41.94873,12.54504,1
295,9244,0,"Via Gustavo Cacini, 59",TOTINO PATRIZIA E ROBERTO SNC,05195571004,125,58091,ROMA,-,58,RM,ROMA,120,LAZIO,2005-01-01T00:00:00,-,Ordinaria,1,41.787,12.39287,1
296,9245,0,"Via Alessandria, 101",GIROTTI FILIPPO,10124950584,198,58091,ROMA,-,58,RM,ROMA,120,LAZIO,2005-01-01T00:00:00,-,Ordinaria,1,41.92368,12.57115,1
297,9246,0,"Largo Brancaccio, 65/67",TIOLI SNC DR.SSA FRANCA AITA E DOTT. ANDREA BABINI,-,184,58091,ROMA,-,58,RM,ROMA,120,LAZIO,2005-01-01T00:00:00,-,Ordinaria,1,41.89492,12.49937,1
298,9247,0,"Via Emilia, 47",ROPERTO RAFFAELE,10522240588,187,58091,ROMA,-,58,RM,ROMA,120,LAZIO,2005-01-01T00:00:00,-,Ordinaria,1,41.90753,12.48861,1
299,9248,0,"Via Nomentana, 939/R",CASINI ELENA,10628140583,137,58091,ROMA,-,58,RM,ROMA,120,LAZIO,2005-01-01T00:00:00,-,Ordinaria,1,41.92368,12.57115,1
300,9249,0,"Via Po, 37",DAMIANI SNC DI GIORGIO E ALESSANDRO DAMIANI,05652731000,198,58091,ROMA,-,58,RM,ROMA,120,LAZIO,2005-01-01T00:00:00,-,Ordinaria,1,41.91762,12.49947,1
301,9250,0,"P.za Verbano, 14",CARANI MARIA TERESA,03844820583,199,58091,ROMA,-,58,RM,ROMA,120,LAZIO,2005-01-01T00:00:00,30/06/2007,Ordinaria,1,41.92341,12.5074,1
302,9250,0,"Piazza Verbano, 14",VERBANO DI CARANI MARIA TERESA,10685720582,199,58091,ROMA,-,58,RM,ROMA,120,LAZIO,2007-01-07T00:00:00,-,Ordinaria,1,41.92341,12.5074,1
303,9251,0,"Viale Gorizia, 56/58",PARISI SNC DEI DOTTORI ALESSANDRO E SILVIA PARISI,05626951007,198,58091,ROMA,-,58,RM,ROMA,120,LAZIO,2005-01-01T00:00:00,-,Ordinaria,1,41.79745,12.60462,1
304,9252,0,"Piazza Cardelli, 6/A",DELLA SCROFA DOTT. MARCO SERAFINO GUGLIELMO MARLETTA,09431860585,186,58091,ROMA,-,58,RM,ROMA,120,LAZIO,2005-01-01T00:00:00,30/06/2007,Ordinaria,1,41.90278,12.47525,1
305,9252,0,"Piazza Cardelli, 6/A",DELLA SCROFA SAS DELLA DR.SSA B. CONTARDI & C.,08577461000,186,58091,ROMA,-,58,RM,ROMA,120,LAZIO,2007-01-07T00:00:00,-,Ordinaria,1,41.90278,12.47525,1
306,9253,0,"Viale Adriatico, 107/109",STRACUZZI MARIA ANGELA,09901900580,141,58091,ROMA,-,58,RM,ROMA,120,LAZIO,2005-01-01T00:00:00,-,Ordinaria,1,41.97283,12.04397,1
307,9254,0,"Via del Corso, 242",LUCCHETTI MARCELLO,00602811002,186,58091,ROMA,-,58,RM,ROMA,120,LAZIO,2005-01-01T00:00:00,31/07/2007,Ordinaria,1,41.89907,12.48121,1
308,9254,0,"Via del Corso, 242",ANTICA FARMACIA DEL CORSO SNC,05566591003,186,58091,ROMA,-,58,RM,ROMA,120,LAZIO,2007-01-08T00:00:00,-,Ordinaria,1,41.89907,12.48121,1
309,9255,0,"Corso Rinascimento, 50",SENATO,10772830583,186,58091,ROMA,-,58,RM,ROMA,120,LAZIO,2005-01-01T00:00:00,-,Ordinaria,1,41.92368,12.57115,1
310,9256,0,"Via dei Serpenti, 125",BARTOLESCHI MARIA,10648650587,184,58091,ROMA,-,58,RM,ROMA,120,LAZIO,2008-01-01T00:00:00,-,Ordinaria,1,41.89616,12.4902,1
311,9256,0,"Via dei Serpenti, 125",BARTOLESCHI MARIA,01066790583,184,58091,ROMA,-,58,RM,ROMA,120,LAZIO,2005-01-01T00:00:00,31/12/2007,Ordinaria,1,41.89616,12.4902,1
312,9257,0,"Viale XXI Aprile, 2e 2f",SANTA RITA,09779000588,162,58091,ROMA,-,58,RM,ROMA,120,LAZIO,2005-01-01T00:00:00,31/08/2010,Ordinaria,1,41.92368,12.57115,1
313,9257,0,"Viale XXI Aprile, 2e 2f",SANTA RITA,10844240589,162,58091,ROMA,-,58,RM,ROMA,120,LAZIO,2010-01-09T00:00:00,-,Ordinaria,1,41.92368,12.57115,1
314,9259,0,"Corso Vittorio Emanuele, 174",LANGELI,05974361007,186,58091,ROMA,-,58,RM,ROMA,120,LAZIO,2005-01-01T00:00:00,-,Ordinaria,1,41.72039,12.71308,1
315,9260,0,"Via Valdambrini, 89",COMUNALE SANTA MARINELLA,01142111002,58,58097,SANTA MARINELLA,-,58,RM,ROMA,120,LAZIO,2005-01-01T00:00:00,-,Ordinaria,1,42.04484,11.87363,1
316,9261,0,"Via XX Settembre, 47",MISITI SAS DEL DR. WALTER MISITI E C.,11532471007,187,58091,ROMA,-,58,RM,ROMA,120,LAZIO,2013-01-03T00:00:00,-,Ordinaria,1,41.90296,12.49217,1
317,9261,0,"Via XX Settembre, 47",MISITI WALTER,11532471007,187,58091,ROMA,-,58,RM,ROMA,120,LAZIO,2011-01-10T00:00:00,28/02/2013,Ordinaria,1,41.90296,12.49217,1
318,9261,0,"Via XX Settembre, 47",MISITI WALTER,06142701009,187,58091,ROMA,-,58,RM,ROMA,120,LAZIO,2005-01-01T00:00:00,30/09/2011,Ordinaria,1,41.90296,12.49217,1
319,9262,0,"Piazza Barberini, 10",BARBERINI Dr.i Gangemi Antonio e Rosa Snc,06096301004,187,58091,ROMA,-,58,RM,ROMA,120,LAZIO,2005-01-01T00:00:00,31/08/2010,Ordinaria,1,41.90366,12.48882,1
320,9263,0,"Via dei Mille, 27",CASTRO PRETORIO DI LANZETTA M. TERESA E CARMEN MARIA SNC,06187301004,185,58091,ROMA,-,58,RM,ROMA,120,LAZIO,2005-01-01T00:00:00,-,Ordinaria,1,41.77557,12.60906,1
321,9264,0,"Via Merulana, 208",COLLE OPPIO SNC DR.I PAGANO MARIANO PAOLO E LUCA,06196171000,185,58091,ROMA,-,58,RM,ROMA,120,LAZIO,2008-01-01T00:00:00,-,Ordinaria,1,41.89676,12.49934,1
322,9264,0,"Via Merulana, 208",COLLE OPPIO SNC DR.I PAGANO MARIANO PAOLO E LUCA,05483471008,185,58091,ROMA,-,58,RM,ROMA,120,LAZIO,2005-01-01T00:00:00,31/12/2007,Ordinaria,1,41.89676,12.49934,1
323,9265,0,-,EREDI MONTELLA MARIA,08452101002,161,58091,ROMA,-,58,RM,ROMA,120,LAZIO,2005-01-01T00:00:00,31/05/2006,Ordinaria,1,41.91445,12.51446,1
324,9265,0,"Via Alessandro Torlonia, 1/b",TORLONIA SNC DEI DR.I LUCILLA PALMESANO E VINCENZO IENNACO,05250131215,161,58091,ROMA,-,58,RM,ROMA,120,LAZIO,2006-01-06T00:00:00,-,Ordinaria,1,41.91445,12.51446,1
325,9266,0,"Piazza Filattiera, 6",MAMMARELLA ASSUNTA,12568881002,139,58091,ROMA,-,58,RM,ROMA,120,LAZIO,2005-01-01T00:00:00,-,Ordinaria,1,41.95816,12.51789,1
326,9267,0,"Via Val Maira, 11/13/15",SANTA RITA DELLA DR.SSA MIGLIORINO RITA & C. SAS,06613421004,141,58091,ROMA,-,58,RM,ROMA,120,LAZIO,2005-01-01T00:00:00,-,Ordinaria,1,41.94412,12.51973,1
327,9268,0,"Via Salaria, 288/a",SALARIA DR.SSA ANTONELLA CASTIELLO,06635581009,199,58091,ROMA,-,58,RM,ROMA,120,LAZIO,2005-01-01T00:00:00,-,Ordinaria,1,41.98817,12.51172,1
328,9269,0,"Via Isole Curzolane, 31",PRATI FISCALI SAS DI LUIGI TANZI & C.,09527621008,139,58091,ROMA,-,58,RM,ROMA,120,LAZIO,2008-01-02T00:00:00,-,Ordinaria,1,41.92368,12.57115,1
329,9269,0,"Via Isole Curzolane, 31",TANZI MARIA PAOLA,02201760606,139,58091,ROMA,-,58,RM,ROMA,120,LAZIO,2005-01-01T00:00:00,31/01/2008,Ordinaria,1,41.92368,12.57115,1
330,9270,0,"Via Principe Eugenio, 53 - 55",RUSSINO FRANCESCO,06677401009,185,58091,ROMA,-,58,RM,ROMA,120,LAZIO,2015-01-06T00:00:00,-,Ordinaria,1,41.89379,12.5082,1
331,9270,0,"Via Principe Eugenio, 56 - 58",RUSSINO FRANCESCO,06677401009,185,58091,ROMA,-,58,RM,ROMA,120,LAZIO,2005-01-01T00:00:00,31/05/2015,Ordinaria,1,41.89379,12.5082,1
332,9271,0,"Via Nemorense, 182",S. EMERENZIANA DR. CAMISASCA DARIO,06689651005,199,58091,ROMA,-,58,RM,ROMA,120,LAZIO,2005-01-01T00:00:00,-,Ordinaria,1,41.72001,12.71963,1
333,9272,0,"V.le Tirreno, 243",ALVINO DEI DR.I ANTONELLA ED ENRICO ALVINO SNC,06248531003,141,58091,ROMA,-,58,RM,ROMA,120,LAZIO,2005-01-01T00:00:00,30/09/2010,Ordinaria,1,41.94584,12.5254,1
334,9272,0,"Viale Tirreno, 243",ALVINO DEI DR.I ANTONELLA ED ENRICO ALVINO SNC,06255831007,141,58091,ROMA,-,58,RM,ROMA,120,LAZIO,2010-01-10T00:00:00,-,Ordinaria,1,41.94584,12.5254,1
335,9273,0,"Via Sant'Angela Merici, 69",MAZZANTINI ALESSANDRA,08289171004,162,58091,ROMA,-,58,RM,ROMA,120,LAZIO,2008-01-01T00:00:00,-,Ordinaria,1,41.92287,12.52574,1
336,9273,0,"Via Sant'Angela Merici, 69",MAZZANTINI ALESSANDRA,07584931005,162,58091,ROMA,-,58,RM,ROMA,120,LAZIO,2005-01-01T00:00:00,31/12/2007,Ordinaria,1,41.92287,12.52574,1
337,9274,0,"Piazza della Repubblica, 67",REPUBBLICA DI CRISTINA ED ILEANA BARLETTA SNC,09028921006,185,58091,ROMA,-,58,RM,ROMA,120,LAZIO,2007-01-07T00:00:00,-,Ordinaria,1,41.90229,12.49562,1
338,9274,0,"Piazza della Repubblica, 67",BARLETTA CRISTINA,03939670877,185,58091,ROMA,-,58,RM,ROMA,120,LAZIO,2005-01-01T00:00:00,30/06/2007,Ordinaria,1,41.90229,12.49562,1
339,9275,0,"Largo Andrea Berardi, 1 - Ang. Via Petrocelli",CERILLI SAS DI ANDREA CERILLI,07122031003,173,58091,ROMA,-,58,RM,ROMA,120,LAZIO,2013-01-03T00:00:00,-,Ordinaria,1,41.92368,12.57115,1
340,9275,0,"Largo Andrea Berardi, 1 - Ang. Via Petrocelli",CERILLI SAS DI ANDREA CERILLI,07122031003,133,58091,ROMA,-,58,RM,ROMA,120,LAZIO,2005-01-01T00:00:00,28/02/2013,Ordinaria,1,41.92368,12.57115,1
341,9276,0,"Via dello Statuto, 35 a",ALLO STATUTO DOTT. PUCCI PIERLUCIANO,07129071002,185,58091,ROMA,-,58,RM,ROMA,120,LAZIO,2005-01-01T00:00:00,-,Ordinaria,1,41.89491,12.50131,1
342,9277,0,"Via dei Castani, 168",SORBINI GUIDO,00424990588,172,58091,ROMA,-,58,RM,ROMA,120,LAZIO,2005-01-01T00:00:00,31/08/2011,Ordinaria,1,41.88204,12.56668,1
343,9277,0,"Via dei Castani, 168",SORBINI DEL DR. GUIDO SORBINI & C. SNC,11279041005,172,58091,ROMA,-,58,RM,ROMA,120,LAZIO,2011-01-09T00:00:00,30/09/2014,Ordinaria,1,41.88204,12.56668,1
344,9277,0,"Piazza dei Gerani, 2",SORBINI SAS DELLA DR.SSA ANTONELLA VACCARO & C.,11279041005,172,58091,ROMA,-,58,RM,ROMA,120,LAZIO,2014-01-10T00:00:00,30/06/2015,Ordinaria,1,41.88204,12.56668,1
345,9277,0,"Piazza dei Gerani, 2",SORBINI DELLA DR.SSA ANTONELLA VACCARO,13408171000,172,58091,ROMA,-,58,RM,ROMA,120,LAZIO,2015-01-07T00:00:00,-,Ordinaria,1,41.88204,12.56668,1
346,9278,0,"Via Nomentana, 25",GARESIO TERESA,00450100581,161,58091,ROMA,-,58,RM,ROMA,120,LAZIO,2005-01-01T00:00:00,-,Ordinaria,1,41.93181,12.52784,1
347,9279,0,"Via G. Salvioli, 5",SETTIMI FEDERICO,08075691009,175,58091,ROMA,-,58,RM,ROMA,120,LAZIO,2005-01-01T00:00:00,30/09/2012,Ordinaria,1,41.86061,12.56683,1
348,9279,0,"Via G. Salvioli, 5",CAVALIERI DEL LAVORO SAS,11794481009,175,58091,ROMA,-,58,RM,ROMA,120,LAZIO,2012-01-10T00:00:00,28/02/2013,Ordinaria,1,41.86061,12.56683,1
349,9279,0,"Via G. Salvioli, 5",SETTIMI FEDERICO,11794481009,175,58091,ROMA,-,58,RM,ROMA,120,LAZIO,2013-01-03T00:00:00,-,Ordinaria,1,41.86061,12.56683,1
350,9280,0,"Via Tommaso Salvini, 47",ROTONDO GAETANO,00892660580,197,58091,ROMA,-,58,RM,ROMA,120,LAZIO,2005-01-01T00:00:00,-,Ordinaria,1,41.9292,12.49277,1
351,9281,0,"Via Marco Papio, 35",MARCHETTI ALFREDO,00547460584,175,58091,ROMA,-,58,RM,ROMA,120,LAZIO,2005-01-01T00:00:00,30/06/2011,Ordinaria,1,41.86583,12.5514,1
352,9281,0,"Via Marco Papio, 41",MARCHETTI ANDREA,-,175,58091,ROMA,-,58,RM,ROMA,120,LAZIO,2011-01-07T00:00:00,-,Ordinaria,1,41.86583,12.5514,1
353,9282,0,"Via Ugento, 44",RUSSO ANGELA MARIA,01936500584,171,58091,ROMA,-,58,RM,ROMA,120,LAZIO,2005-01-01T00:00:00,-,Ordinaria,1,41.89065,12.57772,1
354,9283,0,"Via Cesare Maccari, 312",SANSONI GERVASIO,00861790582,125,58091,ROMA,-,58,RM,ROMA,120,LAZIO,2005-01-01T00:00:00,30/04/2007,Ordinaria,1,41.77428,12.35762,1
355,9284,0,"Via del Calice, 57",FORZA AMEDEO,00168950582,178,58091,ROMA,-,58,RM,ROMA,120,LAZIO,2005-01-01T00:00:00,28/02/2013,Ordinaria,1,41.83074,12.5648,1
356,9284,0,"Via del Calice, 57",FORZA DI FRANCASCA ROMANA FORZA E ELENA FORZA SNC,00168950582,178,58091,ROMA,-,58,RM,ROMA,120,LAZIO,2013-01-03T00:00:00,-,Ordinaria,1,41.83074,12.5648,1
357,9285,0,Via Casal Bianco ang. Via Settecamini,CAMERUCCI ALBERTO,00110391000,131,58091,ROMA,SETTECAMINI,58,RM,ROMA,120,LAZIO,2010-01-10T00:00:00,31/12/2012,Ordinaria,1,41.94123,12.62461,1
358,9285,0,Via Casal Bianco ang. Via Settecamini,CAMERUCCI ALBERTO,03263940581,131,58091,ROMA,SETTECAMINI,58,RM,ROMA,120,LAZIO,2005-01-01T00:00:00,30/09/2010,Ordinaria,1,41.94123,12.62461,1
359,9285,0,"Via Casal Bianco, 147 ang. Via Settecamini",7CAMINI DOTT. ALBERTO & VALERIO CAMERUCCI SAS,11907951005,131,58091,ROMA,SETTECAMINI,58,RM,ROMA,120,LAZIO,2013-01-01T00:00:00,-,Ordinaria,1,41.94123,12.62461,1
360,9286,0,"Via E. Giglioli, 69",FARMACIE SANASI GIGLIOLI SNC,11429981001,169,58091,ROMA,-,58,RM,ROMA,120,LAZIO,2015-01-01T00:00:00,-,Ordinaria,1,41.86996,12.59819,1
361,9286,0,"Via E. Giglioli, 69",SANASI SAS DI SANASI RAFFAELE,00712040583,169,58091,ROMA,-,58,RM,ROMA,120,LAZIO,2010-01-10T00:00:00,28/02/2013,Ordinaria,1,41.86996,12.59819,1
362,9286,0,"Via E. Giglioli, 69",FARMACIE SANASI GIGLIOLI SNC,00712040583,169,58091,ROMA,-,58,RM,ROMA,120,LAZIO,2013-01-03T00:00:00,31/12/2014,Ordinaria,1,41.86996,12.59819,1
363,9286,0,"Via E. Giglioli, 69",SANASI SAS DI SANASI RAFFAELE,09183011007,169,58091,ROMA,-,58,RM,ROMA,120,LAZIO,2007-01-07T00:00:00,30/09/2010,Ordinaria,1,41.86996,12.59819,1
364,9286,0,"Via E. Giglioli, 69",FURIOZZI ELIO,00712040583,169,58091,ROMA,-,58,RM,ROMA,120,LAZIO,2005-01-01T00:00:00,30/06/2007,Ordinaria,1,41.86996,12.59819,1
365,9287,0,"Via Fiuminata, 6/a",CAZZOLA ROBERTO,04556751008,156,58091,ROMA,-,58,RM,ROMA,120,LAZIO,2005-01-01T00:00:00,30/09/2010,Ordinaria,1,41.92368,12.57115,1
366,9287,0,"Via Fiuminata, 6/a",CAZZOLA ROBERTO,00492580584,156,58091,ROMA,-,58,RM,ROMA,120,LAZIO,2010-01-10T00:00:00,-,Ordinaria,1,41.92368,12.57115,1
367,9288,0,"Via Morrovalle, 10/16",S. BASILIO,08825451001,156,58091,ROMA,-,58,RM,ROMA,120,LAZIO,2006-01-06T00:00:00,-,Ordinaria,1,41.93644,12.58248,1
368,9288,0,-,BASILI LUIGI,01107920587,156,58091,ROMA,-,58,RM,ROMA,120,LAZIO,2005-01-01T00:00:00,31/05/2006,Ordinaria,1,41.93644,12.58248,1
369,9289,0,"Via Palmiro Togliatti, 1501/a",FATTORI GIUSEPPE,00711930586,155,58091,ROMA,-,58,RM,ROMA,120,LAZIO,2005-01-01T00:00:00,-,Ordinaria,1,41.91293,12.57068,1
370,9290,0,"Via Tuscolana, 1044/1046",REALDON ANNA MARIA,00447870585,174,58091,ROMA,-,58,RM,ROMA,120,LAZIO,2005-01-01T00:00:00,-,Ordinaria,1,41.88284,12.51456,1
371,9291,0,"Piazza dei Mirti, 1",FRATELLI MARCHETTI SNC,04356811002,172,58091,ROMA,-,58,RM,ROMA,120,LAZIO,2005-01-01T00:00:00,-,Ordinaria,1,41.8811,12.56664,1
372,9292,0,"Via Casilina , 1756",COPPOLA ANIELLO,00924600588,133,58091,ROMA,-,58,RM,ROMA,120,LAZIO,2011-01-03T00:00:00,31/10/2014,Ordinaria,1,41.74817,12.99181,1
373,9292,0,"Via Casilina Km 16,900",COPPOLA ANIELLO,07956551001,133,58091,ROMA,-,58,RM,ROMA,120,LAZIO,2005-01-01T00:00:00,28/02/2011,Ordinaria,1,41.74817,12.99181,1
374,9292,0,"Via Casilina Km 16,900 (Ang. Via del Vermicino)",EREDI DOTT. COPPOLA ANIELLO,00924600588,133,58091,ROMA,-,58,RM,ROMA,120,LAZIO,2014-01-11T00:00:00,28/02/2015,Ordinaria,1,41.74817,12.99181,1
375,9292,0,"Via Casilina Km 16,900 (Ang. Via del Vermicino)",ANGELO GRECO EREDE DR. COPPOLA A.,00924600588,133,58091,ROMA,-,58,RM,ROMA,120,LAZIO,2015-01-03T00:00:00,-,Ordinaria,1,41.74817,12.99181,1
376,9293,0,"Via Diego Angeli, 176",FARGION VENTURA,00761310580,159,58091,ROMA,-,58,RM,ROMA,120,LAZIO,2005-01-01T00:00:00,-,Ordinaria,1,41.90755,12.55125,1
377,9294,0,Viale Palmiro togliatti 944,RUSSO LORETA,01936510583,171,58091,ROMA,-,58,RM,ROMA,120,LAZIO,2005-01-01T00:00:00,-,Ordinaria,1,41.90997,12.57211,1
378,9295,0,"Via dei Platani, 142",LOLLI GHETTI MARCO,-,172,58091,ROMA,-,58,RM,ROMA,120,LAZIO,2005-01-01T00:00:00,30/09/2010,Ordinaria,1,41.88108,12.56757,1
379,9295,0,"Via dei Platani, 142",LOLLI GHETTI MARCO,01045540588,172,58091,ROMA,-,58,RM,ROMA,120,LAZIO,2010-01-10T00:00:00,-,Ordinaria,1,41.88108,12.56757,1
380,9296,0,"Via Bresadola, 19/21",CROCE EMILIO,08368890581,171,58091,ROMA,-,58,RM,ROMA,120,LAZIO,2005-01-01T00:00:00,-,Ordinaria,1,41.92368,12.57115,1
381,9297,0,"Via Aquaroni, 72",VELLANI RAFFAELLA,01099310581,133,58091,ROMA,-,58,RM,ROMA,120,LAZIO,2005-01-01T00:00:00,31/03/2007,Ordinaria,1,41.90151,12.46077,1
382,9297,0,"Via Aquaroni, 72",EREDI VELLANI SNC,09115901002,133,58091,ROMA,-,58,RM,ROMA,120,LAZIO,2013-01-03T00:00:00,-,Ordinaria,1,41.90151,12.46077,1
383,9297,0,"Via Aquaroni, 72",SANTA MONICA DI EREDI DR.SSA VELLANI RAFFAELLA,09115901002,133,58091,ROMA,-,58,RM,ROMA,120,LAZIO,2007-01-04T00:00:00,28/02/2013,Ordinaria,1,41.90151,12.46077,1
384,9298,0,"Piazza Giovanni Falcone, snc",COMUNALE LADISPOLI,-,55,58116,LADISPOLI,-,58,RM,ROMA,120,LAZIO,2005-01-01T00:00:00,-,Ordinaria,1,41.95433,12.09879,1
385,9299,0,"Via Tor De' Schiavi, 188",VERSACE GAETANO,01107920587,172,58091,ROMA,-,58,RM,ROMA,120,LAZIO,2005-01-01T00:00:00,-,Ordinaria,1,41.87529,12.56471,1
386,9300,0,"Via di Pietralata, 511",ZAFFIRI GIANFRANCO,00867130585,158,58091,ROMA,-,58,RM,ROMA,120,LAZIO,2005-01-01T00:00:00,-,Ordinaria,1,41.91944,12.55169,1
387,9301,0,"Via F. Delpino, 70",PACCHIAROTTI GIUSEPPE,01254840588,171,58091,ROMA,-,58,RM,ROMA,120,LAZIO,2005-01-01T00:00:00,-,Ordinaria,1,41.92368,12.57115,1
388,9302,0,"Piazza dei Consoli, 15",M.&T. FARMACIA DEI CONSOLI DI TORRICIANI MARIA PALMA E C. SAS,10395761009,175,58091,ROMA,-,58,RM,ROMA,120,LAZIO,2009-01-09T00:00:00,-,Ordinaria,1,41.86163,12.55863,1
389,9302,0,"Piazza dei Consoli, 15",IANNACE PIETRO,01310500580,175,58091,ROMA,-,58,RM,ROMA,120,LAZIO,2005-01-01T00:00:00,31/08/2009,Ordinaria,1,41.86163,12.55863,1
390,9303,0,"Viale Palmiro Togliatti, 225/231",DIEGO BERNA & C. SNC,11979091003,175,58091,ROMA,-,58,RM,ROMA,120,LAZIO,2013-01-05T00:00:00,-,Ordinaria,1,41.90997,12.57211,1
391,9303,0,"V.le Palmiro Togliatti, 225/231",BERNA DIEGO,01461700583,175,58091,ROMA,-,58,RM,ROMA,120,LAZIO,2010-01-10T00:00:00,30/04/2013,Ordinaria,1,41.90997,12.57211,1
392,9303,0,"V.le Palmiro Togliatti, 225/231",BERNA DIEGO,01382090585,175,58091,ROMA,-,58,RM,ROMA,120,LAZIO,2005-01-01T00:00:00,30/09/2010,Ordinaria,1,41.90997,12.57211,1
393,9304,0,"Via Flavio Stilicone, 255",MASTRACCI IDA,07649221004,175,58091,ROMA,-,58,RM,ROMA,120,LAZIO,2005-01-01T00:00:00,-,Ordinaria,1,41.85731,12.56431,1
394,9305,0,"Via Angelo Viscogliosi, 42",LUCCIARINI SERGIO,04567141009,155,58091,ROMA,-,58,RM,ROMA,120,LAZIO,2005-01-01T00:00:00,30/09/2010,Ordinaria,1,41.88175,12.59115,1
395,9305,0,"Via Angelo Viscogliosi, 42",LUCCIARINI SERGIO,01382090585,155,58091,ROMA,-,58,RM,ROMA,120,LAZIO,2010-01-10T00:00:00,-,Ordinaria,1,41.88175,12.59115,1
396,9306,0,"Via dei Castani, 110",EREDI SANTORI ORNELLA,01383690581,172,58091,ROMA,-,58,RM,ROMA,120,LAZIO,2005-01-01T00:00:00,30/09/2007,Ordinaria,1,41.88204,12.56668,1
397,9306,0,"Via dei Castani, 110",SANTORI ORNELLA DI MOSCATELLI ROSSELLA,08949171006,172,58091,ROMA,-,58,RM,ROMA,120,LAZIO,2007-01-10T00:00:00,-,Ordinaria,1,41.88204,12.56668,1
398,9307,0,"Largo Beltramelli, 13 13/A",DEL LEONE SAS DI PONTECORVI ILARIA & C.,12524611006,157,58091,ROMA,-,58,RM,ROMA,120,LAZIO,2015-01-06T00:00:00,-,Ordinaria,1,41.92368,12.57115,1
399,9307,0,"Largo Beltramelli, 13 13/A",RIZZUTO LEONARDO EREDI,12524611006,157,58091,ROMA,-,58,RM,ROMA,120,LAZIO,2005-01-01T00:00:00,31/05/2015,Ordinaria,1,41.92368,12.57115,1
400,9308,0,"Via Monti Tiburtini, 600",BAIOCCO ELISABETTA,00989031000,157,58091,ROMA,-,58,RM,ROMA,120,LAZIO,2005-01-01T00:00:00,28/02/2009,Ordinaria,1,41.92368,12.57115,1
401,9308,0,"Via Monti Tiburtini, 598",MONTI TIBURTINI,12657381005,157,58091,ROMA,-,58,RM,ROMA,120,LAZIO,2009-01-03T00:00:00,-,Ordinaria,1,41.92368,12.57115,1
402,9309,0,"Via dei Castani, 310/312",ROTA GIOVANNI,02307660585,171,58091,ROMA,-,58,RM,ROMA,120,LAZIO,2005-01-01T00:00:00,-,Ordinaria,1,41.88204,12.56668,1
403,9310,0,"Via Quinto Pedio, 20",POLLERA SAS DI POLLERA EVELINA,09645641003,175,58091,ROMA,-,58,RM,ROMA,120,LAZIO,2008-01-01T00:00:00,-,Ordinaria,1,41.92368,12.57115,1
404,9310,0,"Via Quinto Pedio, 20",POLLERA EVELINA,02458140585,175,58091,ROMA,-,58,RM,ROMA,120,LAZIO,2005-01-01T00:00:00,31/12/2007,Ordinaria,1,41.92368,12.57115,1
405,9311,0,"Via G. Chiovenda, 88",DOMINICI RENATO,03067520589,173,58091,ROMA,-,58,RM,ROMA,120,LAZIO,2010-01-10T00:00:00,-,Ordinaria,1,41.92368,12.57115,1
406,9311,0,"Via G. Chiovenda, 88",DOMINICI RENATO,09858850580,173,58091,ROMA,-,58,RM,ROMA,120,LAZIO,2005-01-01T00:00:00,30/09/2010,Ordinaria,1,41.92368,12.57115,1
407,9312,0,"Via Tor de Schiavi, 147-b/c",PATARINO DEL DOTT.  FRANCESCO PATARINO SAS,11495031004,172,58091,ROMA,-,58,RM,ROMA,120,LAZIO,2013-01-05T00:00:00,-,Ordinaria,1,41.88338,12.56297,1
408,9312,0,"Via Tor de Schiavi, 147-b/c",PATARINO FRANCESCO,03117040588,172,58091,ROMA,-,58,RM,ROMA,120,LAZIO,2005-01-01T00:00:00,30/04/2013,Ordinaria,1,41.88338,12.56297,1
409,9313,0,"Viale Alessandrino, 539",ALESSANDRINO DEI DR.I P. BELLUSCIO E E. PERROTTA SNC,07707721002,172,58091,ROMA,-,58,RM,ROMA,120,LAZIO,2005-01-01T00:00:00,-,Ordinaria,1,41.87181,12.58,1
410,9314,0,"Via Tiburtina, 542",MANCINI GIULIANO,00584860589,159,58091,ROMA,-,58,RM,ROMA,120,LAZIO,2005-01-01T00:00:00,-,Ordinaria,1,41.93305,12.59934,1
411,9315,0,"Via Torrenova, 212 (ang. Via Teseo 1)",INFRICCIOLI MARIA,01057861005,133,58091,ROMA,-,58,RM,ROMA,120,LAZIO,2005-01-01T00:00:00,30/09/2007,Ordinaria,1,41.92368,12.57115,1
412,9315,0,"Via Torrenova, 212 (ang. Via Teseo 1)",ROMA EST SAS DI LODOVICO DI CAPORIACCO & C.,09088881009,133,58091,ROMA,-,58,RM,ROMA,120,LAZIO,2007-01-10T00:00:00,-,Ordinaria,1,41.92368,12.57115,1
413,9316,0,"Via C. Ricotti, 42",MONTAGNA GIULIO CESARE,03445430584,159,58091,ROMA,-,58,RM,ROMA,120,LAZIO,2005-01-01T00:00:00,28/02/2013,Ordinaria,1,41.91519,12.52007,1
414,9316,0,"Via C. Ricotti, 42",EREDI DR. G.C. MONTAGNA DI FEDERICA COLLEGATI E FRANCESCA MONTAGNA SNC,03445430584,159,58091,ROMA,-,58,RM,ROMA,120,LAZIO,2013-01-03T00:00:00,-,Ordinaria,1,41.91519,12.52007,1
415,9317,0,"Via A. Baldissera, 1/c",DI STEFANO VITA,09740870580,159,58091,ROMA,-,58,RM,ROMA,120,LAZIO,2005-01-01T00:00:00,30/09/2010,Ordinaria,1,41.8979,12.53596,1
416,9317,0,"Via A. Baldissera, 1/c",DI STEFANO VITA,03616180588,159,58091,ROMA,-,58,RM,ROMA,120,LAZIO,2010-01-10T00:00:00,-,Ordinaria,1,41.8979,12.53596,1
417,9318,0,"Via Stazione di Ciampino, 53",SCARNO' ENRICO,03663070583,40,58091,ROMA,MORENA,58,RM,ROMA,120,LAZIO,2005-01-01T00:00:00,30/09/2012,Ordinaria,1,41.92368,12.57115,1
418,9318,0,"Via Stazione di Ciampino, 56-58",MORENA - DR. SACARNO SAS,11496381002,40,58091,ROMA,MORENA,58,RM,ROMA,120,LAZIO,2012-01-10T00:00:00,28/02/2013,Ordinaria,1,41.92368,12.57115,1
419,9318,0,"Via Stazione di Ciampino, 56-58",MORENA - DR. SACARNO SAS,11496381002,118,58091,ROMA,-,58,RM,ROMA,120,LAZIO,2013-01-03T00:00:00,-,Ordinaria,1,41.92368,12.57115,1
420,9319,0,"Via Castorano, 35",COMUNALE CASTEL GIUBILEO,-,138,58091,ROMA,CASTEL GIUBILEO,58,RM,ROMA,120,LAZIO,2005-01-01T00:00:00,31/08/2007,Ordinaria,1,41.98887,12.51082,1
421,9319,0,"Via Montappone, 46",COMUNALE CASTEL GIUBILEO,05903241007,138,58091,ROMA,CASTEL GIUBILEO,58,RM,ROMA,120,LAZIO,2007-01-09T00:00:00,-,Ordinaria,1,41.98887,12.51082,1
422,9320,0,"Via Tuscolana, 1258",SAGRIPANTI FRANCA,04970700581,174,58091,ROMA,-,58,RM,ROMA,120,LAZIO,2005-01-01T00:00:00,-,Ordinaria,1,41.92368,12.57115,1
423,9321,0,"via Nicandro, 6/a",LOALDI ROBERTO MARIA,05040810581,155,58091,ROMA,-,58,RM,ROMA,120,LAZIO,2005-01-01T00:00:00,-,Ordinaria,1,41.9141,12.60665,1
424,9322,0,"Via dei Pioppi, 5/c",PELAGALLI GAETANO,04001430588,172,58091,ROMA,-,58,RM,ROMA,120,LAZIO,2005-01-01T00:00:00,-,Ordinaria,1,41.48388,12.60534,1
425,9323,0,"Via Mozart, 59",DI PALMA GIGLIOLA,05112200588,159,58091,ROMA,-,58,RM,ROMA,120,LAZIO,2010-01-09T00:00:00,-,Ordinaria,1,41.91264,12.56361,1
426,9323,0,"Via Mozart, 59",DI PALMA GIGLIOLA,09716710588,159,58091,ROMA,-,58,RM,ROMA,120,LAZIO,2005-01-01T00:00:00,31/08/2010,Ordinaria,1,41.91264,12.56361,1
427,9324,0,"Piazza S. Giovanni Bosco, 39/42",ANGELINI MARIANO,05140350587,175,58091,ROMA,-,58,RM,ROMA,120,LAZIO,2010-01-09T00:00:00,-,Ordinaria,1,41.92368,12.57115,1
428,9324,0,"Piazza S. Giovanni Bosco, 39/42",ANGELINI MARIANO,00450070586,175,58091,ROMA,-,58,RM,ROMA,120,LAZIO,2005-01-01T00:00:00,31/08/2010,Ordinaria,1,41.92368,12.57115,1
429,9325,0,"Via Gaspara Stampa, 71/73",COMUNALE N.2 CECCHINA,05903241007,137,58091,ROMA,-,58,RM,ROMA,120,LAZIO,2007-01-09T00:00:00,-,Ordinaria,1,41.94668,12.55958,1
430,9325,0,"Via Gaspara Stampa, 71/73",COMUNALE N.2 CECCHINA,06002900584,137,58091,ROMA,-,58,RM,ROMA,120,LAZIO,2005-01-01T00:00:00,31/08/2007,Ordinaria,1,41.94668,12.55958,1
431,9326,0,"Via Carlo Arturo Jemolo, 153 (Loc. La Torraccia)",LA TORRACCIA SNC DI ORLANDI LUCIANA E CIDONIO GIOVANNA,08756111004,156,58091,ROMA,-,58,RM,ROMA,120,LAZIO,2006-01-06T00:00:00,28/02/2013,Ordinaria,1,41.94757,12.58653,1
432,9326,0,-,ORLANDI,-,156,58091,ROMA,-,58,RM,ROMA,120,LAZIO,2005-01-01T00:00:00,31/05/2006,Ordinaria,1,41.94757,12.58653,1
433,9326,0,"Via Donato Menichella, 132",LA TORRACCIA SNC DI ORLANDI LUCIANA E CIDONIO GIOVANNA,08756111004,156,58091,ROMA,-,58,RM,ROMA,120,LAZIO,2013-01-03T00:00:00,-,Ordinaria,1,41.94757,12.58653,1
434,9327,0,"Via F. Verdinois, 36",M.&.T. FARMACIA DEI CONSOLI DI TORRICIANI MARIA PALMA & C. SAS,10395761009,159,58091,ROMA,-,58,RM,ROMA,120,LAZIO,2010-01-08T00:00:00,30/09/2010,Ordinaria,1,41.92368,12.57115,1
435,9327,0,"Via F. Verdinois, 36",PARERE MARIA ANTONIETTA,06062520587,159,58091,ROMA,-,58,RM,ROMA,120,LAZIO,2005-01-01T00:00:00,31/07/2010,Ordinaria,1,41.92368,12.57115,1
436,9327,0,"Via F. Verdinois, 42",VERDEROCCA,10395761009,159,58091,ROMA,-,58,RM,ROMA,120,LAZIO,2011-01-10T00:00:00,-,Ordinaria,1,41.92368,12.57115,1
437,9327,0,"Via F. Verdinois, 36",M.&.T. FARMACIA DEI CONSOLI DI TORRICIANI MARIA PALMA & C. SAS,06062520587,159,58091,ROMA,-,58,RM,ROMA,120,LAZIO,2010-01-10T00:00:00,30/09/2011,Ordinaria,1,41.92368,12.57115,1
438,9328,0,"Via Casilina, 1914/c",BONANZINGA VITTORIA,09914640587,132,58091,ROMA,-,58,RM,ROMA,120,LAZIO,2005-01-01T00:00:00,31/12/2009,Ordinaria,1,41.85106,12.73178,1
439,9328,0,"Via Casilina, 1914/c",BONANZINGA VITTORIA,01219680830,132,58091,ROMA,-,58,RM,ROMA,120,LAZIO,2010-01-01T00:00:00,-,Ordinaria,1,41.85106,12.73178,1
440,9328,0,"Via Casilina, 1914/c",BONANZINGA VITTORIA,04700740584,132,58091,ROMA,-,58,RM,ROMA,120,LAZIO,2010-01-10T00:00:00,30/04/2012,Ordinaria,1,41.85106,12.73178,1
441,9329,0,"Via Massa di S. Giuliano, 260",GIORGI GIANFRANCO,00349401000,10,58091,ROMA,-,58,RM,ROMA,120,LAZIO,2005-01-01T00:00:00,-,Ordinaria,1,41.9037,12.69515,1
442,9330,0,"Via S. Elpidio a Mare, 21",EMILIANI ANTONIO MARIA,07078810582,10,58091,ROMA,S VITTORINO GIARD.CORCOLLE,58,RM,ROMA,120,LAZIO,2005-01-01T00:00:00,-,Ordinaria,1,41.92368,12.57115,1
443,9331,0,"Viale Carlo Marx, 195",CELLI MARIA ELISA,07150710585,137,58091,ROMA,-,58,RM,ROMA,120,LAZIO,2010-01-10T00:00:00,31/08/2012,Ordinaria,1,41.92368,12.57115,1
444,9331,0,"Viale Carlo Marx, 195",CELLI MARIA ELISA,04700740584,137,58091,ROMA,-,58,RM,ROMA,120,LAZIO,2005-01-01T00:00:00,30/09/2010,Ordinaria,1,41.92368,12.57115,1
445,9331,0,"Viale Carlo Marx, 195",CELLI SAS,11495281005,137,58091,ROMA,-,58,RM,ROMA,120,LAZIO,2012-01-09T00:00:00,-,Ordinaria,1,41.92368,12.57115,1
446,9332,0,"Via Prataporci, 4",TACCONI MAURO,00782421002,132,58091,ROMA,BORGATA FINOCCHIO,58,RM,ROMA,120,LAZIO,2005-01-01T00:00:00,-,Ordinaria,1,41.8622,12.68507,1
447,9333,0,"Via Annia Regilla, 202",IACOVELLI SALVATORE,07419770586,178,58091,ROMA,-,58,RM,ROMA,120,LAZIO,2005-01-01T00:00:00,-,Ordinaria,1,41.83998,12.54632,1
448,9334,0,"Via Polia, 12-14",CIANCI GIUSEPPE,05040810581,178,58091,ROMA,-,58,RM,ROMA,120,LAZIO,2005-01-01T00:00:00,30/09/2010,Ordinaria,1,41.83637,12.55794,1
449,9334,0,"Via Polia, 12-14",CIANCI GIUSEPPE,07738870588,178,58091,ROMA,-,58,RM,ROMA,120,LAZIO,2010-01-10T00:00:00,-,Ordinaria,1,41.83637,12.55794,1
450,9335,0,"Via Pippo Tamburri, 2 a",MASCIOTTA AGOSTINO,07947770587,169,58091,ROMA,-,58,RM,ROMA,120,LAZIO,2005-01-01T00:00:00,-,Ordinaria,1,41.92368,12.57115,1
451,9336,0,"Via delle Rondini, 64",MACALUSO PIETRO,03754821001,169,58091,ROMA,-,58,RM,ROMA,120,LAZIO,2005-01-01T00:00:00,-,Ordinaria,1,41.86716,12.59269,1
452,9337,0,"Largo Spartaco, 9/10",CIANCARELLI MAURA,04970700581,174,58091,ROMA,-,58,RM,ROMA,120,LAZIO,2005-01-01T00:00:00,30/09/2010,Ordinaria,1,41.92368,12.57115,1
453,9337,0,"Largo Spartaco, 9/10",CIANCARELLI MAURA,08065320585,174,58091,ROMA,-,58,RM,ROMA,120,LAZIO,2010-01-10T00:00:00,-,Ordinaria,1,41.92368,12.57115,1
454,9338,0,"Via degli Armenti, 84",SCIPIONI MASSIMO,08093650581,155,58091,ROMA,-,58,RM,ROMA,120,LAZIO,2005-01-01T00:00:00,31/12/2007,Ordinaria,1,41.92368,12.57115,1
455,9338,0,"Via degli Armenti, 84",SCIPIONI MASSIMO,00719841009,155,58091,ROMA,-,58,RM,ROMA,120,LAZIO,2008-01-01T00:00:00,28/02/2013,Ordinaria,1,41.92368,12.57115,1
456,9338,0,"Piazza Enrico Coleman, 9",SCIPIONI MASSIMO,00719841009,155,58091,ROMA,-,58,RM,ROMA,120,LAZIO,2013-01-03T00:00:00,-,Ordinaria,1,41.92368,12.57115,1
457,9339,0,"Via degli Albatri, 10",BARCELLONA ANTONELLO,08368890581,169,58091,ROMA,-,58,RM,ROMA,120,LAZIO,2008-01-01T00:00:00,-,Ordinaria,1,41.92368,12.57115,1
458,9339,0,"Via degli Albatri, 10",BARCELLONA ANTONELLO,01004030589,169,58091,ROMA,-,58,RM,ROMA,120,LAZIO,2005-01-01T00:00:00,31/12/2007,Ordinaria,1,41.92368,12.57115,1
459,9340,0,"Via Casilina, 1220",SQUARTI FABRIZIO,06613421004,133,58091,ROMA,-,58,RM,ROMA,120,LAZIO,2005-01-01T00:00:00,31/12/2007,Ordinaria,1,41.92368,12.57115,1
460,9340,0,"Via Casilina, 1218",GIARDINETTI DI SQUARTI FABRIZIO,08529280581,133,58091,ROMA,-,58,RM,ROMA,120,LAZIO,2008-01-01T00:00:00,-,Ordinaria,1,41.92368,12.57115,1
461,9341,0,"Via del Casale Agostinelli, 133/c 133/d",EREDI RICCIONI SAS,07985961007,43,58091,ROMA,Ciampino,58,RM,ROMA,120,LAZIO,2005-01-01T00:00:00,28/02/2013,Ordinaria,1,41.92368,12.57115,1
462,9341,0,"Via del Casale Agostinelli, 133/c 133/d",EREDI RICCIONI SAS,07985961007,118,58091,ROMA,Ciampino,58,RM,ROMA,120,LAZIO,2013-01-03T00:00:00,-,Ordinaria,1,41.92368,12.57115,1
463,9342,0,"Via Passo Lombardo, 1",MASTROGIOVANNI MARIA ROSARIA,08643880589,133,58091,ROMA,VERMICINO,58,RM,ROMA,120,LAZIO,2005-01-01T00:00:00,28/02/2013,Ordinaria,1,41.92368,12.57115,1
464,9342,0,"Via J.P. Sartre, 9",MASTROGIOVANNI MARIA ROSARIA,08643880589,133,58091,ROMA,-,58,RM,ROMA,120,LAZIO,2013-01-03T00:00:00,-,Ordinaria,1,41.92368,12.57115,1
465,9343,0,"Viale Giulio Agricola, 96",ROSSI GUENDALINA,08727940580,174,58091,ROMA,-,58,RM,ROMA,120,LAZIO,2010-01-09T00:00:00,-,Ordinaria,1,41.85293,12.55859,1
466,9343,0,"V.le Giulio Agricola, 96",ROSSI GUENDALINA,03183830581,174,58091,ROMA,-,58,RM,ROMA,120,LAZIO,2005-01-01T00:00:00,31/08/2010,Ordinaria,1,41.85293,12.55859,1
467,9344,0,"Via Villabate, 175",TERRERI GIANFRANCO,07020680588,133,58091,ROMA,-,58,RM,ROMA,120,LAZIO,2005-01-01T00:00:00,-,Ordinaria,1,41.86756,12.64739,1
468,9345,0,"Via Tor Sapienza, 9/B",MARCHETTI MARIO,08939510585,155,58091,ROMA,-,58,RM,ROMA,120,LAZIO,2005-01-01T00:00:00,-,Ordinaria,1,41.90265,12.59029,1
469,9346,0,"Via Amico Aspertini, 219",CUPPOLETTI LILIANA,08956690583,133,58091,ROMA,-,58,RM,ROMA,120,LAZIO,2005-01-01T00:00:00,-,Ordinaria,1,41.87685,12.62586,1
470,9347,0,"Via di Torrenova, 163",PONZI ENNIO SAS,10182371004,133,58091,ROMA,-,58,RM,ROMA,120,LAZIO,2005-01-01T00:00:00,-,Ordinaria,1,41.88375,12.61852,1
471,9348,0,"Via Lizzani, 55",TANZINI CRISTIANO,09067020587,169,58091,ROMA,-,58,RM,ROMA,120,LAZIO,2005-01-01T00:00:00,-,Ordinaria,1,41.92368,12.57115,1
472,9349,0,"Via Giuseppe Donati, 62",PROCACCINI ALFREDO,09120350583,159,58091,ROMA,-,58,RM,ROMA,120,LAZIO,2005-01-01T00:00:00,-,Ordinaria,1,41.90788,12.55161,1
473,9350,0,"Via Selinunte, 39",CARDEI BARBARA,03858120581,174,58091,ROMA,-,58,RM,ROMA,120,LAZIO,2005-01-01T00:00:00,30/04/2007,Ordinaria,1,41.85644,12.55082,1
474,9351,0,"Via Tuscolana, 699",BARDELLA ZEIRA,01045540588,174,58091,ROMA,-,58,RM,ROMA,120,LAZIO,2005-01-01T00:00:00,29/02/2008,Ordinaria,1,41.92368,12.57115,1
475,9351,0,"Via Tuscolana, 699",BARDELLA ZEIRA,09254840581,174,58091,ROMA,-,58,RM,ROMA,120,LAZIO,2008-01-03T00:00:00,-,Ordinaria,1,41.92368,12.57115,1
476,9352,0,"Via della Bella Villa, 62/B",FERRARO DOMENICO,09409830586,172,58091,ROMA,-,58,RM,ROMA,120,LAZIO,2005-01-01T00:00:00,-,Ordinaria,1,41.8733,12.57774,1
477,9353,0,"Via Montecassiano, 163",S.CLETO DR PULCHINOTTA PALMIERI,11088101008,156,58091,ROMA,-,58,RM,ROMA,120,LAZIO,2011-01-03T00:00:00,-,Ordinaria,1,41.94323,12.57193,1
478,9353,0,"Via Montecassiano, 163",BENEDETTI PLACCHESI SANDRO,09431860585,156,58091,ROMA,-,58,RM,ROMA,120,LAZIO,2010-01-09T00:00:00,28/02/2011,Ordinaria,1,41.94323,12.57193,1
479,9353,0,"Via Montecassiano, 163",BENEDETTI PLACCHESI SANDRO,01369330582,156,58091,ROMA,-,58,RM,ROMA,120,LAZIO,2005-01-01T00:00:00,31/08/2010,Ordinaria,1,41.94323,12.57193,1
480,9354,0,"Via Dina Galli, 7",COMUNALE VIGNE NUOVE - TUFELLO,05903241007,139,58091,ROMA,-,58,RM,ROMA,120,LAZIO,2007-01-09T00:00:00,-,Ordinaria,1,41.95506,12.53338,1
481,9354,0,"Via Dina Galli, 7",COMUNALE VIGNE NUOVE - TUFELLO,07836100581,139,58091,ROMA,-,58,RM,ROMA,120,LAZIO,2005-01-01T00:00:00,31/08/2007,Ordinaria,1,41.95506,12.53338,1
482,9355,0,"Via C. Baseggio, 112-120",COMUNALE M.TE RESEGONE-VAL MELAINA,05957020588,139,58091,ROMA,-,58,RM,ROMA,120,LAZIO,2005-01-01T00:00:00,31/08/2007,Ordinaria,1,41.92368,12.57115,1
483,9355,0,"Via C. Baseggio, 112-120",COMUNALE M.TE RESEGONE-VAL MELAINA,05903241007,139,58091,ROMA,-,58,RM,ROMA,120,LAZIO,2007-01-09T00:00:00,-,Ordinaria,1,41.92368,12.57115,1
484,9356,0,"Via Bartolo Longo, 7",CECCARELLI MARIA GRAZIA,04560911002,156,58091,ROMA,-,58,RM,ROMA,120,LAZIO,2005-01-01T00:00:00,31/12/2007,Ordinaria,1,41.93435,12.56958,1
485,9356,0,"Via Bartolo Longo, 7",CECCARELLI MARIA GRAZIA,09457540582,156,58091,ROMA,-,58,RM,ROMA,120,LAZIO,2008-01-01T00:00:00,-,Ordinaria,1,41.93435,12.56958,1
486,9357,0,"Viale Giovan Battista Bardanzellu, 75",FATTORI FEDERICO,09557330587,155,58091,ROMA,-,58,RM,ROMA,120,LAZIO,2005-01-01T00:00:00,-,Ordinaria,1,41.90151,12.46077,1
487,9358,0,"Via Ponzio Cominio, 29/a - 29/b",DAVANZO FRANCESCO,08727940580,175,58091,ROMA,-,58,RM,ROMA,120,LAZIO,2005-01-01T00:00:00,31/08/2010,Ordinaria,1,41.86066,12.55783,1
488,9358,0,"Via Ponzio Cominio, 29/a - 29/b",DAVANZO FRANCESCO,09608940582,175,58091,ROMA,-,58,RM,ROMA,120,LAZIO,2010-01-09T00:00:00,-,Ordinaria,1,41.86066,12.55783,1
489,9359,0,"Via G. Curioni, 51/53",GUADAGNO ANGELO,05708010581,157,58091,ROMA,-,58,RM,ROMA,120,LAZIO,2005-01-01T00:00:00,-,Ordinaria,1,41.9236,12.53288,1
490,9360,0,"Viale Alessandrino, 387",PONTRELLI STEFANO,08106061008,172,58091,ROMA,-,58,RM,ROMA,120,LAZIO,2005-01-01T00:00:00,-,Ordinaria,1,41.87181,12.58,1
491,9361,0,"Via Tuscolana, 800",CAPECCI MARCELLA,09875810583,174,58091,ROMA,-,58,RM,ROMA,120,LAZIO,2008-01-01T00:00:00,-,Ordinaria,1,41.92368,12.57115,1
492,9361,0,"Via Tuscolana, 800",CAPECCI MARCELLA,03533771006,174,58091,ROMA,-,58,RM,ROMA,120,LAZIO,2005-01-01T00:00:00,31/12/2007,Ordinaria,1,41.92368,12.57115,1
493,9362,0,"Via Tuscolana, 855/d",POTESTIO PIERGIORGIO,07685331006,175,58091,ROMA,-,58,RM,ROMA,120,LAZIO,2005-01-01T00:00:00,28/02/2013,Ordinaria,1,41.92368,12.57115,1
494,9362,0,"Via Tuscolana, 855/d",POTESTIO PIERGIORGIO,07685331006,174,58091,ROMA,-,58,RM,ROMA,120,LAZIO,2013-01-03T00:00:00,-,Ordinaria,1,41.92368,12.57115,1
495,9363,0,"Via dei Durantini, 350-350/a",MOLAJONI SNC-CLELIA & MARCO MOLAJONI,04850871007,157,58091,ROMA,-,58,RM,ROMA,120,LAZIO,2005-01-01T00:00:00,-,Ordinaria,1,41.91923,12.54563,1
496,9364,0,"Via Tor Vergata, 67",ENNIO PONZI SAS,10182371004,133,58091,ROMA,-,58,RM,ROMA,120,LAZIO,2005-01-01T00:00:00,-,Ordinaria,1,41.92368,12.57115,1
497,9365,0,"Via Scribonio Curione, 91/93",DEGLI ARVALI DR.SSA PIERMARINI BIANCA MARIA,10089290588,175,58091,ROMA,-,58,RM,ROMA,120,LAZIO,2015-01-03T00:00:00,-,Ordinaria,1,41.86444,12.55431,1
498,9365,0,"Via Scribonio Curione, 91/93",PIERMARINI BIANCA MARIA,10089290588,175,58091,ROMA,-,58,RM,ROMA,120,LAZIO,2005-01-01T00:00:00,28/02/2015,Ordinaria,1,41.86444,12.55431,1
499,9366,0,"Via S. Giovanni Bosco, 91",DE CESARIS EMILIA,09086240588,175,58091,ROMA,-,58,RM,ROMA,120,LAZIO,2005-01-01T00:00:00,30/09/2010,Ordinaria,1,41.86073,12.56111,1
500,9366,0,"Via S. Giovanni Bosco, 91",DE CESARIS EMILIA,09640880580,175,58091,ROMA,-,58,RM,ROMA,120,LAZIO,2010-01-10T00:00:00,-,Ordinaria,1,41.86073,12.56111,1
501,9367,0,"Via Tiburtina, 608/D",RUSSO FAUSTINA IN DE REMIGIS,10147300585,159,58091,ROMA,-,58,RM,ROMA,120,LAZIO,2013-01-03T00:00:00,30/04/2015,Ordinaria,1,41.90825,12.54444,1
502,9367,0,"Via Cluniacensi, 20/22",RUSSO FAUSTINA IN DE REMIGIS,10147300585,159,58091,ROMA,-,58,RM,ROMA,120,LAZIO,2005-01-01T00:00:00,28/02/2013,Ordinaria,1,41.90825,12.54444,1
503,9367,0,"Via Tiburtina, 608/D",DE REMIGIS MAURIZIO LUCIANO,13341481003,159,58091,ROMA,-,58,RM,ROMA,120,LAZIO,2015-01-05T00:00:00,-,Ordinaria,1,41.90825,12.54444,1
504,9368,0,"Via A. Regilla, 103/105",ANNIA REGILLA,05199381004,178,58091,ROMA,-,58,RM,ROMA,120,LAZIO,2007-01-04T00:00:00,-,Ordinaria,1,41.84267,12.54811,1
505,9368,0,"Via A. Regilla, 103/105",ANNIA REGILLA,05105199381,178,58091,ROMA,-,58,RM,ROMA,120,LAZIO,2006-01-06T00:00:00,31/03/2007,Ordinaria,1,41.84267,12.54811,1
506,9368,0,-,ANNIA REGILLA,05199381004,178,58091,ROMA,-,58,RM,ROMA,120,LAZIO,2005-01-01T00:00:00,31/05/2006,Ordinaria,1,41.84267,12.54811,1
507,9369,0,"Via Tuscolana, 925",PRAGLIOLA GIANCARLO,10263290586,174,58091,ROMA,-,58,RM,ROMA,120,LAZIO,2010-01-10T00:00:00,28/02/2015,Ordinaria,1,41.85631,12.5636,1
508,9369,0,"Via Tuscolana, 925",PRAGLIOLA GIANCARLO,-,174,58091,ROMA,-,58,RM,ROMA,120,LAZIO,2005-01-01T00:00:00,30/09/2010,Ordinaria,1,41.85631,12.5636,1
509,9369,0,"Via Tuscolana, 925",CINECITTA' - DR. PRAGLIOLA GIANCARLO,10263290586,174,58091,ROMA,-,58,RM,ROMA,120,LAZIO,2015-01-03T00:00:00,-,Ordinaria,1,41.85631,12.5636,1
510,9370,0,"Largo Russell, 11",EREDI DR.SCOPIGNO ALDO SNC,04656331008,156,58091,ROMA,-,58,RM,ROMA,120,LAZIO,2005-01-01T00:00:00,-,Ordinaria,1,41.92368,12.57115,1
511,9371,0,"Via delle Acacie, 51",DELLE ACACIE SNC,05253541006,171,58091,ROMA,-,58,RM,ROMA,120,LAZIO,2008-01-01T00:00:00,30/04/2015,Ordinaria,1,41.54266,12.56907,1
512,9371,0,"Via delle Acacie, 51",DELLE ACACIE SNC DR.SSA RITA PASQUALETTI E C.,05253541006,171,58091,ROMA,-,58,RM,ROMA,120,LAZIO,2015-01-05T00:00:00,-,Ordinaria,1,41.54266,12.56907,1
513,9371,0,"Via delle Acacie, 51",DELLE ACACIE SNC,09457540582,171,58091,ROMA,-,58,RM,ROMA,120,LAZIO,2005-01-01T00:00:00,31/12/2007,Ordinaria,1,41.54266,12.56907,1
514,9372,0,"VIA CALIFORNIA, SNC",COM.LE LADISPOLI N.2,-,55,58116,LADISPOLI,-,58,RM,ROMA,120,LAZIO,2005-01-01T00:00:00,-,Ordinaria,1,41.9499,12.0761,1
515,9373,0,"Piazza B. Avanzini, 7",RIGGIO GIUSEPPINA,10356250588,157,58091,ROMA,-,58,RM,ROMA,120,LAZIO,2005-01-01T00:00:00,-,Ordinaria,1,41.92368,12.57115,1
516,9374,0,"Via dei Gelsi, 15 A",DEI GELSI F.LLI POLI SANDRI DI MARCO GUIDO POLI SANDRI,09735721004,171,58091,ROMA,-,58,RM,ROMA,120,LAZIO,2008-01-09T00:00:00,-,Ordinaria,1,41.88935,12.56963,1
517,9374,0,"Via dei Gelsi, 15 A",DEI GELSI-EREDI POLI SANDRI ELIO,09202940582,171,58091,ROMA,-,58,RM,ROMA,120,LAZIO,2005-01-01T00:00:00,31/08/2008,Ordinaria,1,41.88935,12.56963,1
518,9375,0,"Via Casal De' Pazzi, 64",PONTE MAMMOLO SNC,05371151001,156,58091,ROMA,-,58,RM,ROMA,120,LAZIO,2005-01-01T00:00:00,-,Ordinaria,1,41.92697,12.56987,1
519,9376,0,"Via dei Glicini, 44 a/d",POMPILI POMPILIO DR. VITTORIO,11674201006,172,58091,ROMA,-,58,RM,ROMA,120,LAZIO,2012-01-05T00:00:00,-,Ordinaria,1,41.95874,12.79752,1
520,9376,0,"Via dei Glicini, 44 a/d",DEI GLICINI DI PELAGALLI A. E POMPILI P. SNC,09348380586,172,58091,ROMA,-,58,RM,ROMA,120,LAZIO,2005-01-01T00:00:00,31/12/2007,Ordinaria,1,41.95874,12.79752,1
521,9376,0,"Via dei Glicini, 44 a/d",DEI GLICINI DI PELAGALLI A. E POMPILI P. SNC,05344761001,172,58091,ROMA,-,58,RM,ROMA,120,LAZIO,2008-01-01T00:00:00,30/04/2012,Ordinaria,1,41.95874,12.79752,1
522,9377,0,"Via di Pietralata, 272/B",GALIZIA LETIZIA,09438331002,158,58091,ROMA,-,58,RM,ROMA,120,LAZIO,2007-01-10T00:00:00,31/12/2007,Ordinaria,1,41.92315,12.54642,1
523,9377,0,"Via di Pietralata, 272/B",GALIZIA LETIZIA,07681451006,158,58091,ROMA,-,58,RM,ROMA,120,LAZIO,2008-01-01T00:00:00,-,Ordinaria,1,41.92315,12.54642,1
524,9377,0,"Via di Pietralata, 272/B",LAGANA' - GALIZIA SNC DR. ROCCO LAGANA' E DR. LETIZIA GALIZIA,07681451006,158,58091,ROMA,-,58,RM,ROMA,120,LAZIO,2005-01-01T00:00:00,30/09/2007,Ordinaria,1,41.92315,12.54642,1
525,9378,0,"Via Pietro Romano, 70",ANGELINI GIULIANO ALBERTO,00448170589,169,58091,ROMA,-,58,RM,ROMA,120,LAZIO,2005-01-01T00:00:00,31/12/2007,Ordinaria,1,41.87142,12.57836,1
526,9378,0,"Via Pietro Romano, 70",ANGELINI GIULIANO ALBERTO,10507980588,169,58091,ROMA,-,58,RM,ROMA,120,LAZIO,2008-01-01T00:00:00,-,Ordinaria,1,41.87142,12.57836,1
527,9379,0,"Via Marco Decumio, 18",F.LLI MATALONI LIVIO E GIULIANA SNC,05555961001,174,58091,ROMA,-,58,RM,ROMA,120,LAZIO,2005-01-01T00:00:00,-,Ordinaria,1,41.86252,12.54914,1
528,9380,0,"Via Tiburtina, 348/350",ANGELINI,10873900582,159,58091,ROMA,-,58,RM,ROMA,120,LAZIO,2013-01-03T00:00:00,-,Ordinaria,1,41.90616,12.53785,1
529,9380,0,"Via S. Romano, 26",ANGELINI,10873900582,159,58091,ROMA,-,58,RM,ROMA,120,LAZIO,2010-01-10T00:00:00,28/02/2013,Ordinaria,1,41.90616,12.53785,1
530,9380,0,"Via S. Romano, 26",ANGELINI,05573691002,159,58091,ROMA,-,58,RM,ROMA,120,LAZIO,2005-01-01T00:00:00,30/09/2010,Ordinaria,1,41.90616,12.53785,1
531,9381,0,"Via Tor de' Schiavi, 39-39a",ELETTI SNC DI ELETTI BIANCHI FERNANDO ED ELETTI BIANCHI ROBERTA,08989901007,172,58091,ROMA,-,58,RM,ROMA,120,LAZIO,2007-01-07T00:00:00,-,Ordinaria,1,41.87529,12.56471,1
532,9381,0,"Via Tor de' Schiavi, 39-39a",ELETTI BIANCHI ROBERTA,10580880580,172,58091,ROMA,-,58,RM,ROMA,120,LAZIO,2005-01-01T00:00:00,30/06/2007,Ordinaria,1,41.87529,12.56471,1
533,9382,0,"Via Eugenio Checchi, 29",INGRAO DR.SSA GRAZIELLA,10635930588,157,58091,ROMA,-,58,RM,ROMA,120,LAZIO,2008-01-07T00:00:00,-,Ordinaria,1,41.9095,12.54438,1
534,9382,0,"Via Eugenio Checchi, 29",LANZETTA DR. IRENE R.A.,09914640587,157,58091,ROMA,-,58,RM,ROMA,120,LAZIO,2007-01-10T00:00:00,30/06/2008,Ordinaria,1,41.9095,12.54438,1
535,9382,0,"Via Eugenio Checchi, 29",INGRAO GRAZIELLA,10635930588,157,58091,ROMA,-,58,RM,ROMA,120,LAZIO,2005-01-01T00:00:00,30/09/2007,Ordinaria,1,41.9095,12.54438,1
536,9383,0,"Via Ponte delle Sette Miglia, 35",ROMANINA DELLA DR.SSA MAGALI STEINDLER & C. SAS,09394311006,173,58091,ROMA,-,58,RM,ROMA,120,LAZIO,2007-01-12T00:00:00,-,Ordinaria,1,41.8383,12.60128,1
537,9383,0,"Via Ponte delle Sette Miglia, 35",DI VICO ERMANNO,09779000588,173,58091,ROMA,-,58,RM,ROMA,120,LAZIO,2005-01-01T00:00:00,30/11/2007,Ordinaria,1,41.8383,12.60128,1
538,9384,0,"Via Tuscolana, 991",DESSI,10658660583,174,58091,ROMA,-,58,RM,ROMA,120,LAZIO,2005-01-01T00:00:00,-,Ordinaria,1,41.85458,12.56651,1
539,9385,0,"Viale Anicio Gallo, 154",LINO SNC DELLE DR.SSE LORELLA E SABRINA LINO,07199201000,174,58091,ROMA,-,58,RM,ROMA,120,LAZIO,2005-01-01T00:00:00,-,Ordinaria,1,41.85341,12.56289,1
540,9386,0,"Viale Alessandrino, 273",ALBANESE MARIA NICOLETTA,10852440584,172,58091,ROMA,-,58,RM,ROMA,120,LAZIO,2010-01-10T00:00:00,-,Ordinaria,1,41.87181,12.58,1
541,9386,0,"V.le Alessandrino, 273",ALBANESE MARIA NICOLETTA,00271430589,172,58091,ROMA,-,58,RM,ROMA,120,LAZIO,2005-01-01T00:00:00,30/09/2010,Ordinaria,1,41.87181,12.58,1
542,9387,0,"Via D. Panaroli, 13",DE MAGLIE MARIA EGLE,10623380580,172,58091,ROMA,-,58,RM,ROMA,120,LAZIO,2005-01-01T00:00:00,-,Ordinaria,1,41.92368,12.57115,1
543,9388,0,"Via A. Fiori, 37/39",PADRE PIO SNC,05888241006,156,58091,ROMA,-,58,RM,ROMA,120,LAZIO,2005-01-01T00:00:00,28/02/2013,Ordinaria,1,41.92368,12.57115,1
544,9388,0,"Via A. Fiori, 37/39",PADRE PIO DI MARIA LUISA E PIETRO GRANA SNC,05888241006,156,58091,ROMA,-,58,RM,ROMA,120,LAZIO,2013-01-03T00:00:00,-,Ordinaria,1,41.92368,12.57115,1
545,9389,0,"Piazza E. Piaggio, 19",MARTINO D.SSA M. A.,06222181007,133,58091,ROMA,-,58,RM,ROMA,120,LAZIO,2007-01-12T00:00:00,-,Ordinaria,1,41.92368,12.57115,1
546,9389,0,"Piazza E. Piaggio, 22",BREDA,01523420584,133,58091,ROMA,-,58,RM,ROMA,120,LAZIO,2005-01-01T00:00:00,30/11/2007,Ordinaria,1,41.92368,12.57115,1
547,9390,0,"Via Augusto Lupi, 38/40",NAZIONALE,06077091004,169,58091,ROMA,-,58,RM,ROMA,120,LAZIO,2005-01-01T00:00:00,-,Ordinaria,1,41.86664,12.5809,1
548,9391,0,"Via Tiburtina, 437",RAMUNDO MONTARSOLO UMBERTO,10884760587,159,58091,ROMA,-,58,RM,ROMA,120,LAZIO,2005-01-01T00:00:00,-,Ordinaria,1,41.93305,12.59934,1
549,9392,0,"Via Tuscolana, 918/920",MADRE DEL BUON CONSIGLIO,06388331008,174,58091,ROMA,-,58,RM,ROMA,120,LAZIO,2005-01-01T00:00:00,-,Ordinaria,1,41.88284,12.51456,1
550,9393,0,"Via Appio Claudio, 306",APPIO D.SSA BARBARA GAONI,06283221007,174,58091,ROMA,-,58,RM,ROMA,120,LAZIO,2005-01-01T00:00:00,-,Ordinaria,1,41.85404,12.56315,1
551,9394,0,"Viale P. Togliatti, 1583",COLLI ANIENE SAS DI FONTE DANIELA MARIA E FRASCONE CRISTINA,05719880584,155,58091,ROMA,-,58,RM,ROMA,120,LAZIO,2005-01-01T00:00:00,-,Ordinaria,1,41.83395,12.88206,1
552,9395,0,"Via Enrico Bernardi, 1",EREDI SIMEONI LUIGI SAS DI ANTONIO E STEFANO SIMEONI,06427241002,132,58091,ROMA,LUNGHEZZA,58,RM,ROMA,120,LAZIO,2013-01-03T00:00:00,-,Ordinaria,1,41.92392,12.67174,1
553,9395,0,"Via Enrico Bernardi, 1",EREDI SIMEONI LUIGI SAS DI ANTONIO E STEFANO SIMEONI,08932711008,10,58091,ROMA,LUNGHEZZA,58,RM,ROMA,120,LAZIO,2010-01-08T00:00:00,30/09/2010,Ordinaria,1,41.92392,12.67174,1
554,9395,0,"Via Enrico Bernardi, 1",EREDI SIMEONI LUIGI SAS DI ANTONIO E STEFANO SIMEONI,06427241002,10,58091,ROMA,LUNGHEZZA,58,RM,ROMA,120,LAZIO,2010-01-10T00:00:00,28/02/2013,Ordinaria,1,41.92392,12.67174,1
555,9395,0,"Via Enrico Bernardi, 1",LUNGHEZZA DR. CANTU' WALTER,06427241002,10,58091,ROMA,LUNGHEZZA,58,RM,ROMA,120,LAZIO,2005-01-01T00:00:00,31/07/2010,Ordinaria,1,41.92392,12.67174,1
556,9396,0,"Via Casale S. Basilio, 205/207",CRESCENZI ANDREA,06486241000,156,58091,ROMA,-,58,RM,ROMA,120,LAZIO,2005-01-01T00:00:00,-,Ordinaria,1,41.93687,12.5811,1
557,9397,0,"Via Dameta, 127",CASALE CALETTO DR. ANTONIO DORELLA,06862131007,155,58091,ROMA,-,58,RM,ROMA,120,LAZIO,2005-01-01T00:00:00,-,Ordinaria,1,41.91766,12.60625,1
558,9398,0,"Via Castropignano, 12",BILUCAGLIA VALFREDO MARIA E C. SAS,05192341005,131,58091,ROMA,Case Rosse,58,RM,ROMA,120,LAZIO,2010-01-09T00:00:00,-,Ordinaria,1,41.93266,12.64617,1
559,9398,0,"Via Castropignano, 12",BILUCAGLIA VALFREDO MARIA E C. SAS,01383690581,131,58091,ROMA,Case Rosse,58,RM,ROMA,120,LAZIO,2005-01-01T00:00:00,31/08/2010,Ordinaria,1,41.93266,12.64617,1
560,9399,0,"Via Prenestina, 414/m",BETTI BARBARA,07137801002,171,58091,ROMA,-,58,RM,ROMA,120,LAZIO,2005-01-01T00:00:00,-,Ordinaria,1,41.92368,12.57115,1
561,9400,0,"Via dei Colombi, 84/A",EREDI ZAMPONI PAOLO MARIA,07133761002,169,58091,ROMA,-,58,RM,ROMA,120,LAZIO,2005-01-01T00:00:00,-,Ordinaria,1,41.87092,12.59384,1
562,9401,0,"Via delle Robinie, 81-81a",DELLE ROBINIE SAS DI DI GIACOMANTONIO FRANCO & C.,08423181000,172,58091,ROMA,-,58,RM,ROMA,120,LAZIO,2007-01-08T00:00:00,-,Ordinaria,1,42.73549,12.13479,1
563,9401,0,"Via delle Robinie, 81-81a",GUGLIELMOTTA MARIANNA,09497560582,172,58091,ROMA,-,58,RM,ROMA,120,LAZIO,2005-01-01T00:00:00,31/07/2007,Ordinaria,1,42.73549,12.13479,1
564,9402,0,"Piazza Castrolibero, 18 (Ang.Via Rocca Imperiale)",GALLO SILVIA,07264751004,40,58091,ROMA,MORENA,58,RM,ROMA,120,LAZIO,2005-01-01T00:00:00,-,Ordinaria,1,41.92368,12.57115,1
565,9403,0,"Via Acaia, 49",GALEPPI VITO,00423850585,183,58091,ROMA,-,58,RM,ROMA,120,LAZIO,2005-01-01T00:00:00,-,Ordinaria,1,41.87759,12.50831,1
566,9404,0,"Via A. Consolini, 12",MEALLI GIOVANNI,00064980584,142,58091,ROMA,-,58,RM,ROMA,120,LAZIO,2005-01-01T00:00:00,31/12/2014,Ordinaria,1,41.92368,12.57115,1
567,9404,0,"Via Tazio Nuvolari, 57",MEALLI GIOVANNI,00064980584,142,58091,ROMA,-,58,RM,ROMA,120,LAZIO,2015-01-01T00:00:00,-,Ordinaria,1,41.92368,12.57115,1
568,9405,0,"Via Cerveteri, 5",TORRESI GIOVANNI,00450730585,183,58091,ROMA,-,58,RM,ROMA,120,LAZIO,2005-01-01T00:00:00,-,Ordinaria,1,41.45724,12.89689,1
569,9406,0,"Via Gallia, 102 - 104",GALLIA SAS DEL DOTT. EMILIO VISCA & C.,12180761004,183,58091,ROMA,-,58,RM,ROMA,120,LAZIO,2005-01-01T00:00:00,-,Ordinaria,1,41.88161,12.50139,1
570,9407,0,"Via L. Fincati, 17",FABI FABIO,10623380580,154,58091,ROMA,-,58,RM,ROMA,120,LAZIO,2005-01-01T00:00:00,31/12/2007,Ordinaria,1,41.86318,12.48467,1
571,9407,0,"Via L. Fincati, 17",SETTE CHIESE DA PARTE DEGLI EREDI DEL DOTTO FABI0 FABI,12081291002,154,58091,ROMA,-,58,RM,ROMA,120,LAZIO,2013-01-02T00:00:00,-,Ordinaria,1,41.86318,12.48467,1
572,9407,0,"Via L. Fincati, 17",FABI FABIO,00424570588,154,58091,ROMA,-,58,RM,ROMA,120,LAZIO,2008-01-01T00:00:00,31/01/2013,Ordinaria,1,41.86318,12.48467,1
573,9408,0,"Viale Europa, 78",IMBESI DOMENICO,00449370584,144,58091,ROMA,-,58,RM,ROMA,120,LAZIO,2005-01-01T00:00:00,28/02/2013,Ordinaria,1,41.46286,12.63223,1
574,9408,0,"Viale Europa, 80",IMBESI DOMENICO,00449370584,144,58091,ROMA,-,58,RM,ROMA,120,LAZIO,2013-01-03T00:00:00,-,Ordinaria,1,41.46286,12.63223,1
575,9409,0,"Via Gino Capponi, 65",SERANTONI BICE,00422330589,179,58091,ROMA,-,58,RM,ROMA,120,LAZIO,2005-01-01T00:00:00,30/09/2007,Ordinaria,1,41.87383,12.51878,1
576,9409,0,"Via Gino Capponi, 65",DI SIENA CINZIA,09483171006,179,58091,ROMA,-,58,RM,ROMA,120,LAZIO,2007-01-10T00:00:00,-,Ordinaria,1,41.87383,12.51878,1
577,9410,0,"Via Fontebuono, 45",DANIELE -  DOTT. SSA CORSETTI MATILDE,11741631003,142,58091,ROMA,-,58,RM,ROMA,120,LAZIO,2013-01-03T00:00:00,-,Ordinaria,1,41.92368,12.57115,1
578,9410,0,"Via Fontebuono, 45",EREDI DANIELE DOTT. GIUSEPPE DI DANIELE MARIA,11521721008,142,58091,ROMA,-,58,RM,ROMA,120,LAZIO,2011-01-09T00:00:00,28/02/2013,Ordinaria,1,41.92368,12.57115,1
579,9410,0,"Via Fontebuono, 45",DANIELE GIUSEPPE,08714720581,142,58091,ROMA,-,58,RM,ROMA,120,LAZIO,2005-01-01T00:00:00,31/08/2011,Ordinaria,1,41.92368,12.57115,1
580,9411,0,"Via Orvieto, 39",BROCCHIERI MAURIZIO,00449420587,182,58091,ROMA,-,58,RM,ROMA,120,LAZIO,2008-01-01T00:00:00,31/08/2012,Ordinaria,1,41.98285,12.05029,1
581,9411,0,"Via Orvieto, 39",BROCCHIERI MAURIZIO,02386100586,182,58091,ROMA,-,58,RM,ROMA,120,LAZIO,2005-01-01T00:00:00,31/12/2007,Ordinaria,1,41.98285,12.05029,1
582,9411,0,"Via Orvieto, 33",BROCCHIERI  DI CIANFARANI FILOMENA,11805971006,182,58091,ROMA,-,58,RM,ROMA,120,LAZIO,2013-01-04T00:00:00,-,Ordinaria,1,41.98285,12.05029,1
583,9411,0,"Via Orvieto, 35",BROCCHIERI  DI CIANFARANI FILOMENA,11805971006,182,58091,ROMA,-,58,RM,ROMA,120,LAZIO,2012-01-09T00:00:00,31/03/2013,Ordinaria,1,41.98285,12.05029,1
584,9412,0,"Via Numitore, 9/11",ANGELINI LINO,00449610583,181,58091,ROMA,-,58,RM,ROMA,120,LAZIO,2005-01-01T00:00:00,-,Ordinaria,1,41.87209,12.52963,1
585,9413,0,"Via Leonardo Da Vinci, 155",TROMBETTA SNC,11206031004,145,58091,ROMA,-,58,RM,ROMA,120,LAZIO,2012-01-07T00:00:00,-,Ordinaria,1,41.99875,12.72773,1
586,9413,0,"Via Leonardo Da Vinci, 153/157",TROMBETTA TERESA,00448070581,145,58091,ROMA,-,58,RM,ROMA,120,LAZIO,2005-01-01T00:00:00,30/06/2012,Ordinaria,1,41.99875,12.72773,1
587,9414,0,"Via Tor de Schiavi, 281",MARINI BERARDINO,00450500582,171,58091,ROMA,-,58,RM,ROMA,120,LAZIO,2005-01-01T00:00:00,31/08/2008,Ordinaria,1,41.87529,12.56471,1
588,9414,0,"Via Tor de Schiavi, 281",EREDI MARINI DOTT. BERARDINO,10039771000,171,58091,ROMA,-,58,RM,ROMA,120,LAZIO,2008-01-09T00:00:00,28/02/2010,Ordinaria,1,41.87529,12.56471,1
589,9414,0,"Via Tor de Schiavi, 281",MARINI DOTT. LUCA,10465511003,171,58091,ROMA,-,58,RM,ROMA,120,LAZIO,2010-01-03T00:00:00,-,Ordinaria,1,41.87529,12.56471,1
590,9415,0,"Via Appia Nuova, 405",BARTULI MAURO,09306111007,181,58091,ROMA,-,58,RM,ROMA,120,LAZIO,2007-01-07T00:00:00,-,Ordinaria,1,41.79704,12.58736,1
591,9415,0,"Via Appia Nuova, 405",BARTULI ALFREDO,01066810589,181,58091,ROMA,-,58,RM,ROMA,120,LAZIO,2005-01-01T00:00:00,30/06/2007,Ordinaria,1,41.79704,12.58736,1
592,9415,0,"Via Appia Nuova, 405",BARTULI MAURO,00449840586,181,58091,ROMA,-,58,RM,ROMA,120,LAZIO,2008-01-01T00:00:00,31/08/2010,Ordinaria,1,41.79704,12.58736,1
593,9416,0,"Viale Marinetti, 211",LOMBARDI BOCCIA ALDO,00712160589,143,58091,ROMA,-,58,RM,ROMA,120,LAZIO,2005-01-01T00:00:00,-,Ordinaria,1,41.92368,12.57115,1
594,9417,0,"Via Appia Nuova, 651",VELODROMO SAS DELLE DOTT.SSE FABRIZI IMPERIA V. E LIBERATORE TANIA,12641041004,179,58091,ROMA,-,58,RM,ROMA,120,LAZIO,2005-01-01T00:00:00,-,Ordinaria,1,41.79704,12.58736,1
595,9418,0,"Via Tuscolana, 285",UMBRA SNC DI GIANFRANCO CIDONIO E CRISTINA CIDONIO,01065970582,181,58091,ROMA,-,58,RM,ROMA,120,LAZIO,2008-01-01T00:00:00,31/08/2010,Ordinaria,1,41.92368,12.57115,1
596,9418,0,"Via Tuscolana, 285",UMBRA SNC DI GIANFRANCO CIDONIO E CRISTINA CIDONIO,08746591000,181,58091,ROMA,-,58,RM,ROMA,120,LAZIO,2006-01-06T00:00:00,-,Ordinaria,1,41.92368,12.57115,1
597,9418,0,-,CIDONIO GIANFRANCO,05115770587,181,58091,ROMA,-,58,RM,ROMA,120,LAZIO,2005-01-01T00:00:00,31/05/2006,Ordinaria,1,41.92368,12.57115,1
598,9419,0,"Via Filippi, 11",SCAFFIDI SILIO,01107910588,146,58091,ROMA,-,58,RM,ROMA,120,LAZIO,2005-01-01T00:00:00,30/09/2010,Ordinaria,1,41.8557,12.47485,1
599,9419,0,"Via Filippi, 11",DEGLI SPEZIALI DI LORENZO LICARI & C. SNC,10961541009,146,58091,ROMA,-,58,RM,ROMA,120,LAZIO,2010-01-10T00:00:00,-,Ordinaria,1,41.8557,12.47485,1
600,9420,0,"Via Andrea Mantegna, 42/44",COLI PIERGIORGIO,05436000581,147,58091,ROMA,-,58,RM,ROMA,120,LAZIO,2005-01-01T00:00:00,31/12/2007,Ordinaria,1,41.85185,12.49406,1
601,9420,0,"Via Andrea Mantegna, 42/44",COLI DEL DOTT. PIERGIORGIO COLI E FIGLI SNC,08217151003,147,58091,ROMA,-,58,RM,ROMA,120,LAZIO,2008-01-01T00:00:00,-,Ordinaria,1,41.85185,12.49406,1
602,9421,0,"Piazza dei Navigatori, 12/13",SALIS FIORI GIOVANNA,00450070586,147,58091,ROMA,-,58,RM,ROMA,120,LAZIO,2005-01-01T00:00:00,-,Ordinaria,1,41.86028,12.49984,1
603,9422,0,"Via A. Leonori, 27",VITALE VENANZIA,01233460581,147,58091,ROMA,-,58,RM,ROMA,120,LAZIO,2005-01-01T00:00:00,-,Ordinaria,1,41.92368,12.57115,1
604,9423,0,"Via Tuscolana, 344",MORREALE GIUSEPPE,01275700589,181,58091,ROMA,-,58,RM,ROMA,120,LAZIO,2005-01-01T00:00:00,-,Ordinaria,1,41.92368,12.57115,1
605,9424,0,"Via Prenestina,  279/281/281A",EREDI DI LEO DEL DR. PASQUALE DI LEO & C. SNC,08147261005,177,58091,ROMA,-,58,RM,ROMA,120,LAZIO,2013-01-03T00:00:00,-,Ordinaria,1,41.92368,12.57115,1
606,9424,0,"Via G. Pitacco, 17",EREDI DI LEO DEL DR. PASQUALE DI LEO & C. SNC,08147261005,177,58091,ROMA,-,58,RM,ROMA,120,LAZIO,2005-01-01T00:00:00,28/02/2013,Ordinaria,1,41.92368,12.57115,1
607,9425,0,"Via Gabi, 18/22",MACEDONIO ELVIRA,01972620585,183,58091,ROMA,-,58,RM,ROMA,120,LAZIO,2005-01-01T00:00:00,31/03/2007,Ordinaria,1,41.88199,12.50865,1
608,9425,0,"Via Gabi, 18/22",MACEDONIO DELLA DR.SSA ELVIRA MACEDONIO & C. SNC,08893721004,183,58091,ROMA,-,58,RM,ROMA,120,LAZIO,2007-01-04T00:00:00,-,Ordinaria,1,41.88199,12.50865,1
609,9426,0,-,FRANCHI,01442510580,182,58091,ROMA,-,58,RM,ROMA,120,LAZIO,2005-01-01T00:00:00,31/05/2006,Ordinaria,1,41.87872,12.51814,1
610,9426,0,"Via Tuscolana, 182-184-186 ang. Largo Saluzzo, 1",FRANCHI DI ADA FRANCHI & C. SNC,08559201002,182,58091,ROMA,-,58,RM,ROMA,120,LAZIO,2006-01-06T00:00:00,-,Ordinaria,1,41.87872,12.51814,1
611,9427,0,"Via Roberto Malatesta, 35",MERCURI SECONDINA,01414170587,176,58091,ROMA,-,58,RM,ROMA,120,LAZIO,2005-01-01T00:00:00,31/12/2007,Ordinaria,1,41.88751,12.53905,1
612,9427,0,"Via Roberto Malatesta, 35",TUPPUTI PAOLO,10417101002,176,58091,ROMA,-,58,RM,ROMA,120,LAZIO,2009-01-09T00:00:00,-,Ordinaria,1,41.88751,12.53905,1
613,9427,0,"Via Roberto Malatesta, 35",EREDI DI MERCURI SECONDINA SDF,09717701008,176,58091,ROMA,-,58,RM,ROMA,120,LAZIO,2008-01-01T00:00:00,31/08/2009,Ordinaria,1,41.88751,12.53905,1
614,9428,0,"V.le della Tecnica, 217",MARCUZZO MARIA,01517630586,144,58091,ROMA,-,58,RM,ROMA,120,LAZIO,2005-01-01T00:00:00,28/02/2013,Ordinaria,1,41.82473,12.4573,1
615,9428,0,"Viale della Tecnica, 217",DELLA TECNICA DEI DOTTORI LUCIA GERARDI E MARCO GERARDI SNC,10091421007,144,58091,ROMA,-,58,RM,ROMA,120,LAZIO,2013-01-03T00:00:00,-,Ordinaria,1,41.82473,12.4573,1
616,9429,0,"Via Etruria, 38",IALACCI GIOVANNI DEL DOTT. FAUSTO ATTILIO IALACCI,07080161008,183,58091,ROMA,-,58,RM,ROMA,120,LAZIO,2005-01-01T00:00:00,-,Ordinaria,1,41.87877,12.51382,1
617,9430,0,"Via Tibero Imperatore, 53",GARSIA EDDA,01414110583,145,58091,ROMA,-,58,RM,ROMA,120,LAZIO,2005-01-01T00:00:00,-,Ordinaria,1,41.92368,12.57115,1
618,9431,0,"Via Silvio d'Amico, 15/17",PERCIBALLI PAOLO,-,145,58091,ROMA,-,58,RM,ROMA,120,LAZIO,2009-01-03T00:00:00,31/05/2009,Ordinaria,1,41.85112,12.47964,1
619,9431,0,"Via Silvio d'Amico, 15/17",PERCIBALLI PAOLO,09068251001,145,58091,ROMA,-,58,RM,ROMA,120,LAZIO,2009-01-06T00:00:00,-,Ordinaria,1,41.85112,12.47964,1
620,9431,0,"Via Silvio d'Amico, 15/17",PERCIBALLI ARISTIDE,00602811002,145,58091,ROMA,-,58,RM,ROMA,120,LAZIO,2005-01-01T00:00:00,31/03/2007,Ordinaria,1,41.85112,12.47964,1
621,9431,0,"Via Silvio d'Amico, 15/17",PERCIBALLI PAOLO,09068251001,145,58091,ROMA,-,58,RM,ROMA,120,LAZIO,2007-01-04T00:00:00,28/02/2009,Ordinaria,1,41.85112,12.47964,1
622,9432,0,"Piazza Geremia Bonomelli, 5",MONETA CAGLIO DA RE' MARIA ISABELLA,12381041008,154,58091,ROMA,-,58,RM,ROMA,120,LAZIO,2012-01-07T00:00:00,-,Ordinaria,1,41.92368,12.57115,1
623,9432,0,"Via F. O. da Pennabilli, 4",GALEPPI ANGELA MARIA,01435130586,154,58091,ROMA,-,58,RM,ROMA,120,LAZIO,2005-01-01T00:00:00,30/06/2012,Ordinaria,1,41.92368,12.57115,1
624,9433,0,"Via Marco Tabarrini, 2/e (Angolo Circ.ne Appia)",MILITELLO DI ROBERTA E MARIO DI MARCO BOSINI SNC,08898651008,179,58091,ROMA,-,58,RM,ROMA,120,LAZIO,2007-01-07T00:00:00,-,Ordinaria,1,41.92368,12.57115,1
625,9433,0,"Via Marco Tabarrini, 2",MILITELLO DELLA DR.SSA ANGELA MILITELLO & C. SNC,01411850587,179,58091,ROMA,-,58,RM,ROMA,120,LAZIO,2005-01-01T00:00:00,30/06/2007,Ordinaria,1,41.92368,12.57115,1
626,9434,0,"Viale Francesco Caltagirone, 452",PALERMO SAS DEL DR. ANTONINO PALERMO & C.,10668981003,132,58091,ROMA,-,58,RM,ROMA,120,LAZIO,2010-01-06T00:00:00,30/09/2010,Ordinaria,1,41.9111,12.65338,1
627,9434,0,"Via Sinuessa, 22",FALLETTI DANTE SALVATORE,01502800582,183,58091,ROMA,-,58,RM,ROMA,120,LAZIO,2005-01-01T00:00:00,31/05/2010,Ordinaria,1,41.9111,12.65338,1
628,9434,0,"Viale Francesco Caltagirone, 452",PALERMO SAS DEL DR. ANTONINO PALERMO & C.,10668981003,132,58091,ROMA,-,58,RM,ROMA,120,LAZIO,2010-01-10T00:00:00,-,Ordinaria,1,41.9111,12.65338,1
629,9435,0,"Via Giustiniano Imperatore, 33",BRUNETTI DOTT. PIERLUIGI,13278101004,145,58091,ROMA,-,58,RM,ROMA,120,LAZIO,2015-01-06T00:00:00,-,Ordinaria,1,41.85699,12.47819,1
630,9435,0,"Via Giustiniano Imperatore, 33",BRUNETTI RENATO,01471070589,145,58091,ROMA,-,58,RM,ROMA,120,LAZIO,2010-01-09T00:00:00,31/05/2015,Ordinaria,1,41.85699,12.47819,1
631,9435,0,"Via Giustiniano Imperatore, 33",BRUNETTI RENATO,02810410585,145,58091,ROMA,-,58,RM,ROMA,120,LAZIO,2005-01-01T00:00:00,31/08/2010,Ordinaria,1,41.85699,12.47819,1
632,9436,0,"Via P. di Dono, 35",FARMACIA VIII COLLE DELLA D.SSA ANTONELLA IZZO,12458911000,143,58091,ROMA,-,58,RM,ROMA,120,LAZIO,2005-01-01T00:00:00,-,Ordinaria,1,41.92368,12.57115,1
633,9437,0,"Via Aosta, 89 Ang. Via Taranto, 60",SAN MARCO DOTT. GIULIO PALMIERI,08613161002,182,58091,ROMA,-,58,RM,ROMA,120,LAZIO,2006-01-06T00:00:00,-,Ordinaria,1,41.92368,12.57115,1
634,9437,0,-,FIORETTI GIULIO,01659830580,182,58091,ROMA,-,58,RM,ROMA,120,LAZIO,2005-01-01T00:00:00,31/05/2006,Ordinaria,1,41.92368,12.57115,1
635,9438,0,"Largo Preneste, 22",BORGHESI  GUGLIELMO,02205870583,176,58091,ROMA,-,58,RM,ROMA,120,LAZIO,2010-01-09T00:00:00,-,Ordinaria,1,41.89205,12.54067,1
636,9438,0,"Largo Preneste, 22",BORGHESI  GUGLIELMO,01414110583,176,58091,ROMA,-,58,RM,ROMA,120,LAZIO,2005-01-01T00:00:00,31/08/2010,Ordinaria,1,41.89205,12.54067,1
637,9439,0,"Via Appia Nuova, 97-97/a",ANTICA FARMACIA SAN GIOVANNI DELLA DR.SSA CLELIA ORLANDI & C. SAS,11449841003,183,58091,ROMA,-,58,RM,ROMA,120,LAZIO,2014-01-11T00:00:00,-,Ordinaria,1,41.92368,12.57115,1
638,9439,0,"Via Appia Nuova, 97-97/a",FABIANI SNC DI DR. UGO FABIANI E C.,11449841003,183,58091,ROMA,-,58,RM,ROMA,120,LAZIO,2012-01-05T00:00:00,31/10/2014,Ordinaria,1,41.92368,12.57115,1
639,9439,0,"Via Appia Nuova, 97-97/a",PARISIO MARIA LUISA,02956450585,183,58091,ROMA,-,58,RM,ROMA,120,LAZIO,2005-01-01T00:00:00,30/04/2012,Ordinaria,1,41.92368,12.57115,1
640,9440,0,"Via delle Palme, 195 a",COMUNALE DELLE PALME,05903241007,171,58091,ROMA,-,58,RM,ROMA,120,LAZIO,2007-01-09T00:00:00,28/02/2013,Ordinaria,1,41.4636,12.64434,1
641,9440,0,"Via delle Palme, 195 a",FARMACAP - COMUNALE DELLE PALME,05903241007,171,58091,ROMA,-,58,RM,ROMA,120,LAZIO,2013-01-03T00:00:00,-,Ordinaria,1,41.4636,12.64434,1
642,9440,0,"Via delle Palme, 195 a",COMUNALE DELLE PALME,06507190582,171,58091,ROMA,-,58,RM,ROMA,120,LAZIO,2005-01-01T00:00:00,31/08/2007,Ordinaria,1,41.4636,12.64434,1
643,9441,0,"Via Sante Bargellini, 9c",COMUNALE SANTE BARGELLINI,07738870588,157,58091,ROMA,-,58,RM,ROMA,120,LAZIO,2005-01-01T00:00:00,31/10/2007,Ordinaria,1,41.9106,12.54572,1
644,9442,0,"Via del Pigneto, 108 e/f",ANDRICOPULU DR.SSA KLIO,13125271000,176,58091,ROMA,-,58,RM,ROMA,120,LAZIO,2015-01-03T00:00:00,-,Ordinaria,1,41.92368,12.57115,1
645,9442,0,"Via del Pigneto, 108 e/f",AVARELLO DIOMIRA,03263940581,176,58091,ROMA,-,58,RM,ROMA,120,LAZIO,2010-01-10T00:00:00,28/02/2015,Ordinaria,1,41.92368,12.57115,1
646,9442,0,"Via del Pigneto, 108 e/f",AVARELLO DIOMIRA,00867070583,176,58091,ROMA,-,58,RM,ROMA,120,LAZIO,2005-01-01T00:00:00,30/09/2010,Ordinaria,1,41.92368,12.57115,1
647,9443,0,"Via Torpignattara, 47",RAMUNDO MONTARSOLO RAFFAELLA,09716710588,177,58091,ROMA,-,58,RM,ROMA,120,LAZIO,2005-01-01T00:00:00,-,Ordinaria,1,41.92368,12.57115,1
648,9444,0,"Via Carroceto, 85",LOIACONO ANNA,03628200580,178,58091,ROMA,-,58,RM,ROMA,120,LAZIO,2005-01-01T00:00:00,28/02/2013,Ordinaria,1,41.86503,12.53914,1
649,9444,0,"Via Fosso dell'Osa, 338",LOIACONO ANNA,03628200580,132,58091,ROMA,-,58,RM,ROMA,120,LAZIO,2013-01-03T00:00:00,-,Ordinaria,1,41.86503,12.53914,1
650,9445,0,"Via del Peperino, 38",COMUNALE FERONIA,07004400581,158,58091,ROMA,-,58,RM,ROMA,120,LAZIO,2005-01-01T00:00:00,31/08/2007,Ordinaria,1,41.91788,12.55403,1
651,9445,0,"Via del Peperino, 38",FARMACAP - COMUNALE FERONIA,05903241007,158,58091,ROMA,-,58,RM,ROMA,120,LAZIO,2013-01-03T00:00:00,-,Ordinaria,1,41.91788,12.55403,1
652,9445,0,"Via del Peperino, 38",COMUNALE FERONIA,05903241007,158,58091,ROMA,-,58,RM,ROMA,120,LAZIO,2007-01-09T00:00:00,28/02/2013,Ordinaria,1,41.91788,12.55403,1
653,9446,0,"Via Taranto, 162",BROCCHIERI DI GIGLIOLA E LAURA BROCCHIERI SNC,02205870583,182,58091,ROMA,-,58,RM,ROMA,120,LAZIO,2005-01-01T00:00:00,31/08/2010,Ordinaria,1,41.88538,12.51084,1
654,9446,0,"Via Taranto, 162",BROCCHIERI DI GIGLIOLA E LAURA BROCCHIERI SNC,07016431004,182,58091,ROMA,-,58,RM,ROMA,120,LAZIO,2010-01-09T00:00:00,-,Ordinaria,1,41.88538,12.51084,1
655,9447,0,"Via Tullio Levi Civita, 64",ARRIGHI PAOLA,04808300588,146,58091,ROMA,-,58,RM,ROMA,120,LAZIO,2008-01-01T00:00:00,28/02/2013,Ordinaria,1,41.85595,12.47353,1
656,9447,0,"Via Tullio Levi Civita, 64",ARRIGHI PAOLA,00712260587,146,58091,ROMA,-,58,RM,ROMA,120,LAZIO,2005-01-01T00:00:00,31/12/2007,Ordinaria,1,41.85595,12.47353,1
657,9447,0,"Largo Enea Bortolotti, 1",SANT'ANNA  - ARRIGHI PAOLA,04808300588,146,58091,ROMA,-,58,RM,ROMA,120,LAZIO,2013-01-03T00:00:00,-,Ordinaria,1,41.85595,12.47353,1
658,9448,0,"Via Prenestina, 423",LOMBARDI MAURIZIO,04798330587,177,58091,ROMA,-,58,RM,ROMA,120,LAZIO,2005-01-01T00:00:00,-,Ordinaria,1,41.89026,12.68601,1
659,9449,0,"Piazza Finocchiaro Aprile, 13/14",BARTOLE FRANCESCO,01066780584,181,58091,ROMA,-,58,RM,ROMA,120,LAZIO,2005-01-01T00:00:00,30/06/2007,Ordinaria,1,41.92368,12.57115,1
660,9449,0,"Piazza Finocchiaro Aprile, 13/14",PONTELUNGO SAS DI ANDREA BARTOLE,09208911009,181,58091,ROMA,-,58,RM,ROMA,120,LAZIO,2007-01-07T00:00:00,-,Ordinaria,1,41.92368,12.57115,1
661,9450,0,"Via Corfinio, 1",MARINI MARIA RITA,05039790588,183,58091,ROMA,-,58,RM,ROMA,120,LAZIO,2005-01-01T00:00:00,-,Ordinaria,1,41.88442,12.50877,1
662,9451,0,"Via Renzo Bertami, 64",TAROLA GAETANO,05218200581,128,58091,ROMA,TOR DE CENCI,58,RM,ROMA,120,LAZIO,2005-01-01T00:00:00,31/08/2008,Ordinaria,1,41.92368,12.57115,1
663,9451,0,"Via Renzo Bertami, 64",TOR DE CENCI DEI DR.I GAETANO E PIETRO TAROLA SNC,09959271009,128,58091,ROMA,TOR DE CENCI,58,RM,ROMA,120,LAZIO,2008-01-09T00:00:00,-,Ordinaria,1,41.92368,12.57115,1
664,9452,0,"Via P. Braccini, 4",MANGLAVITI MARIA PIA,07685321007,128,58091,ROMA,-,58,RM,ROMA,120,LAZIO,2005-01-01T00:00:00,28/02/2013,Ordinaria,1,41.79986,12.44777,1
665,9452,0,"Via Elio Chianesi, 134",MANGLAVITI MARIA PIA,07685321007,128,58091,ROMA,-,58,RM,ROMA,120,LAZIO,2013-01-03T00:00:00,-,Ordinaria,1,41.79986,12.44777,1
666,9453,0,"Viale Beata Vergine del Carmelo, 73",TOMASELLI FRANCO,05665110580,144,58091,ROMA,-,58,RM,ROMA,120,LAZIO,2005-01-01T00:00:00,-,Ordinaria,1,41.8087,12.44517,1
667,9454,0,"Via Ettore Giovenale, 10/12",CONTI MAURIZIO,07931720580,176,58091,ROMA,-,58,RM,ROMA,120,LAZIO,2005-01-01T00:00:00,31/03/2007,Ordinaria,1,41.89063,12.53151,1
668,9454,0,"Via Ettore Giovenale, 10/12",CONTI MAURIZIO & GIANMARCO SNC,08759731006,176,58091,ROMA,-,58,RM,ROMA,120,LAZIO,2007-01-04T00:00:00,28/02/2013,Ordinaria,1,41.89063,12.53151,1
669,9454,0,"Via Prenestina, 144/A",CONTI MAURIZIO & GIANMARCO SNC,08759731006,176,58091,ROMA,-,58,RM,ROMA,120,LAZIO,2013-01-03T00:00:00,-,Ordinaria,1,41.89063,12.53151,1
670,9455,0,"Via dell'Appagliatore, 46/c - Ang. Via Stiepovich",ODDI PASQUALE,06233100582,121,58091,ROMA,OSTIA LIDO,58,RM,ROMA,120,LAZIO,2005-01-01T00:00:00,-,Ordinaria,1,41.92368,12.57115,1
671,9456,0,"Via Giacomo Biga, 10",GIMIGLIANO ANNA,07761331003,154,58091,ROMA,-,58,RM,ROMA,120,LAZIO,2008-01-01T00:00:00,-,Ordinaria,1,41.86154,12.48679,1
672,9456,0,"Via Giacomo Biga, 10",GIMIGLIANO ANNA,06472050589,154,58091,ROMA,-,58,RM,ROMA,120,LAZIO,2005-01-01T00:00:00,31/12/2007,Ordinaria,1,41.86154,12.48679,1
673,9457,0,"Via Ostiense, 168",ALBERTAZZI PATRIZIA,06582000581,154,58091,ROMA,-,58,RM,ROMA,120,LAZIO,2010-01-10T00:00:00,-,Ordinaria,1,41.81703,12.43288,1
674,9457,0,"Via Ostiense, 168",ALBERTAZZI PATRIZIA,00272790585,154,58091,ROMA,-,58,RM,ROMA,120,LAZIO,2005-01-01T00:00:00,30/09/2010,Ordinaria,1,41.81703,12.43288,1
675,9458,0,"Piazza Accademia Antiquaria, 1/2",MALATESTA CLAUDIO,06871950587,147,58091,ROMA,-,58,RM,ROMA,120,LAZIO,2005-01-01T00:00:00,-,Ordinaria,1,41.92368,12.57115,1
676,9459,0,"Via Cad. Guerra Liberaz., 152-154",NICOTRA VINCENZO,07956551001,128,58091,ROMA,-,58,RM,ROMA,120,LAZIO,2005-01-01T00:00:00,28/02/2013,Ordinaria,1,41.90151,12.46077,1
677,9459,0,"viale caduti per la resistenza, 117-119",NICOTRA VINCENZO,07956551001,128,58091,ROMA,-,58,RM,ROMA,120,LAZIO,2013-01-03T00:00:00,28/02/2015,Ordinaria,1,41.90151,12.46077,1
678,9459,0,"viale caduti per la resistenza, 117-119",NICONTRA SAS DEL DOTT. VINCENZO NICONTRA,13128121004,128,58091,ROMA,-,58,RM,ROMA,120,LAZIO,2015-01-03T00:00:00,-,Ordinaria,1,41.90151,12.46077,1
679,9460,0,"Via Ermanno Wolf Ferrari, 242 E/F",FARMACAP - COMUNALE ERMANNO WOLF FERRARI,07080161008,124,58091,ROMA,-,58,RM,ROMA,120,LAZIO,2005-01-01T00:00:00,31/08/2007,Ordinaria,1,41.74576,12.3799,1
680,9460,0,"Via Ermanno Wolf Ferrari, 242 E/F",FARMACAP - COMUNALE ERMANNO WOLF FERRARI,05903241007,124,58091,ROMA,-,58,RM,ROMA,120,LAZIO,2007-01-09T00:00:00,-,Ordinaria,1,41.74576,12.3799,1
681,9461,0,"Circonvallazione Ostiense, 142",SERANGELI FRANCA MARIA,07004400581,154,58091,ROMA,-,58,RM,ROMA,120,LAZIO,2005-01-01T00:00:00,-,Ordinaria,1,41.86688,12.4906,1
682,9462,0,"Largo Filippo Juvara, 5",VILLAGGIO AZZURRO SNC DEL DR. MURDOCCO PAOLO & C.,07114990588,128,58091,ROMA,Tre Pini,58,RM,ROMA,120,LAZIO,2010-01-10T00:00:00,-,Ordinaria,1,41.92368,12.57115,1
683,9462,0,"Largo Filippo Juvara, 5",VILLAGGIO AZZURRO SNC DEL DR. MURDOCCO PAOLO & C.,09767391007,128,58091,ROMA,Tre Pini,58,RM,ROMA,120,LAZIO,2009-01-05T00:00:00,30/09/2010,Ordinaria,1,41.92368,12.57115,1
684,9462,0,"Largo Filippo Juvara, 5",VILLAGGIO AZZURRO,07114990588,128,58091,ROMA,Tre Pini,58,RM,ROMA,120,LAZIO,2005-01-01T00:00:00,30/04/2009,Ordinaria,1,41.92368,12.57115,1
685,9463,0,"Via G. Morandi, 163",COMUNALE  RUCCELAI - TOR SAPIENZA,05903241007,155,58091,ROMA,-,58,RM,ROMA,120,LAZIO,2007-01-09T00:00:00,-,Ordinaria,1,41.92368,12.57115,1
686,9463,0,"Via G. Morandi, 163",COMUNALE TOR SAPIENZA RUCCELAI,07767921005,155,58091,ROMA,-,58,RM,ROMA,120,LAZIO,2005-01-01T00:00:00,31/08/2007,Ordinaria,1,41.92368,12.57115,1
687,9464,0,"Via C.T. Odescalchi, 3/a",MUSOLINO GIOVANNA,07401940585,147,58091,ROMA,-,58,RM,ROMA,120,LAZIO,2005-01-01T00:00:00,-,Ordinaria,1,41.92368,12.57115,1
688,9465,0,"Via G. Alessi, 183",DAVID DOMENICO,08767930582,176,58091,ROMA,-,58,RM,ROMA,120,LAZIO,2005-01-01T00:00:00,30/06/2007,Ordinaria,1,41.92368,12.57115,1
689,9465,0,"Via G. Alessi, 183",SACRO CUORE DEL DR. DAVID GIAMPIERO,09240961004,176,58091,ROMA,-,58,RM,ROMA,120,LAZIO,2013-01-03T00:00:00,-,Ordinaria,1,41.92368,12.57115,1
690,9465,0,"Via G. Alessi, 183",EREDI DAVID DOMENICO,09240961004,176,58091,ROMA,-,58,RM,ROMA,120,LAZIO,2007-01-07T00:00:00,28/02/2013,Ordinaria,1,41.92368,12.57115,1
691,9467,0,"Via Pincherle, 28/34",ARRIGHI ILEANA,00712040583,146,58091,ROMA,-,58,RM,ROMA,120,LAZIO,2005-01-01T00:00:00,30/06/2012,Ordinaria,1,41.92368,12.57115,1
692,9467,0,"Via Pincherle, 28/34",ARRIGHI SNC DI ARRIGHI DR.SSA  ILEANA,11206011006,146,58091,ROMA,-,58,RM,ROMA,120,LAZIO,2012-01-07T00:00:00,-,Ordinaria,1,41.92368,12.57115,1
693,9469,0,"Via Laurentina, 591-591/a",PERRONI GIUSEPPE,07876920583,143,58091,ROMA,-,58,RM,ROMA,120,LAZIO,2005-01-01T00:00:00,-,Ordinaria,1,41.82283,12.47973,1
694,9470,0,"Largo N. Cannella, 7",MARTELLI LUIGI ANTONIO,08549620584,128,58091,ROMA,-,58,RM,ROMA,120,LAZIO,2005-01-01T00:00:00,-,Ordinaria,1,41.92368,12.57115,1
695,9471,0,"Via R. Pettazzoni, 24",TEDONE PAOLA,01414180586,177,58091,ROMA,-,58,RM,ROMA,120,LAZIO,2005-01-01T00:00:00,31/03/2015,Ordinaria,1,41.875,12.54471,1
696,9471,0,"Via R. Pettazzoni, 24",perri,01414180586,177,58091,ROMA,-,58,RM,ROMA,120,LAZIO,2015-01-04T00:00:00,-,Ordinaria,1,41.875,12.54471,1
697,9472,0,"Via Prenestina, 365/e",VANNI MARCO,08534030583,177,58091,ROMA,-,58,RM,ROMA,120,LAZIO,2005-01-01T00:00:00,-,Ordinaria,1,41.92368,12.57115,1
698,9473,0,"Via Giuseppe Cei, 45",FARMACRIMI AXA,10059001007,177,58091,ROMA,-,58,RM,ROMA,120,LAZIO,2009-01-11T00:00:00,30/09/2010,Ordinaria,1,41.92368,12.57115,1
699,9473,0,"Via Giuseppe Cei, 45",PERUGINI ALFREDO,08690670586,177,58091,ROMA,-,58,RM,ROMA,120,LAZIO,2005-01-01T00:00:00,31/10/2009,Ordinaria,1,41.92368,12.57115,1
700,9473,0,"Via Giuseppe Cei, 45",FARMACRIMI AXA,08690670586,177,58091,ROMA,-,58,RM,ROMA,120,LAZIO,2010-01-10T00:00:00,-,Ordinaria,1,41.92368,12.57115,1
701,9474,0,"Via A. da Giussano, 40",SANASI RAFFAELE,08110310581,176,58091,ROMA,-,58,RM,ROMA,120,LAZIO,2005-01-01T00:00:00,30/11/2007,Ordinaria,1,41.89048,12.53451,1
702,9474,0,"Via A. da Giussano, 40",SANASI SAS DI SANASI RAFFAELE,09183011007,176,58091,ROMA,-,58,RM,ROMA,120,LAZIO,2007-01-12T00:00:00,30/04/2012,Ordinaria,1,41.89048,12.53451,1
703,9474,0,"Via A. da Giussano, 40",FARMACIE SANASI GIUSSANO SAS DI SANASI ARMANDO CARMELO ANTONIO,11429971002,176,58091,ROMA,-,58,RM,ROMA,120,LAZIO,2012-01-05T00:00:00,-,Ordinaria,1,41.89048,12.53451,1
704,9475,0,"Via A. Cechov, 8",GALLITTO PATRIZIA,08681000587,142,58091,ROMA,-,58,RM,ROMA,120,LAZIO,2005-01-01T00:00:00,-,Ordinaria,1,41.92368,12.57115,1
705,9476,0,"Via Pisino, 81/83 ang. Via Serenissima, 56",CARNOVALE FABRIZIO,08803940587,177,58091,ROMA,-,58,RM,ROMA,120,LAZIO,2008-01-02T00:00:00,-,Ordinaria,1,41.92368,12.57115,1
706,9476,0,"Via Pisino, 81/83 ang. Via Serenissima, 56",CARNOVALE FABRIZIO,04450551009,177,58091,ROMA,-,58,RM,ROMA,120,LAZIO,2005-01-01T00:00:00,31/01/2008,Ordinaria,1,41.92368,12.57115,1
707,9477,0,"Via Collatina, 29/A",COLLATINA NUOVA- DI DANIELA CRESCENZI-LUCETTA FRANCIONI-WILLIAM SELVI,08869060585,177,58091,ROMA,-,58,RM,ROMA,120,LAZIO,2010-01-10T00:00:00,28/02/2015,Ordinaria,1,41.90054,12.56698,1
708,9477,0,"Via Collatina, 29",BASCHIERI IVO,01099310581,177,58091,ROMA,-,58,RM,ROMA,120,LAZIO,2005-01-01T00:00:00,30/04/2009,Ordinaria,1,41.90054,12.56698,1
709,9477,0,"Via Collatina, 29/A",COLLATINA NUOVA SNC DI DANIELA CRESCENZI-LUCETTA FRANCIONE,10249791004,177,58091,ROMA,-,58,RM,ROMA,120,LAZIO,2015-01-03T00:00:00,-,Ordinaria,1,41.90054,12.56698,1
710,9477,0,"Via Collatina, 29/A",COLLATINA NUOVA- DI DANIELA CRESCENZI-LUCETTA FRANCIONI-WILLIAM SELVI,10249791004,177,58091,ROMA,-,58,RM,ROMA,120,LAZIO,2009-01-05T00:00:00,30/09/2010,Ordinaria,1,41.90054,12.56698,1
711,9478,0,"Via Edoardo D'Onofrio, 70",COMUNALE GOTTIFREDI - COLLI ANIENE,05903241007,155,58091,ROMA,-,58,RM,ROMA,120,LAZIO,2013-01-03T00:00:00,-,Ordinaria,1,41.9122,12.57205,1
712,9478,0,"Via Edoardo D'Onofrio, 66",COMUNALE GOTTIFREDI - COLLI ANIENE,05903241007,155,58091,ROMA,-,58,RM,ROMA,120,LAZIO,2007-01-09T00:00:00,28/02/2013,Ordinaria,1,41.9122,12.57205,1
713,9478,0,"Via Edoardo D'Onofrio, 66",COMUNALE GOTTIFREDI,07097750587,155,58091,ROMA,-,58,RM,ROMA,120,LAZIO,2005-01-01T00:00:00,31/08/2007,Ordinaria,1,41.9122,12.57205,1
714,9479,0,"Via Lepetit, 207/209",COMUNALE BUTTARELLI TOR TRETESTE,05903241007,155,58091,ROMA,-,58,RM,ROMA,120,LAZIO,2007-01-09T00:00:00,-,Ordinaria,1,41.92368,12.57115,1
715,9479,0,"Via Lepetit, 207/209",COMUNALE BUTTARELLI TOR TRETESTE,06076900585,155,58091,ROMA,-,58,RM,ROMA,120,LAZIO,2005-01-01T00:00:00,31/08/2007,Ordinaria,1,41.92368,12.57115,1
716,9480,0,"Via Casola Valsenio, 10",FORCELLESE PASQUALINO,09066510588,127,58091,ROMA,VITINIA,58,RM,ROMA,120,LAZIO,2005-01-01T00:00:00,30/06/2007,Ordinaria,1,41.79147,12.4079,1
717,9480,0,"Via Casola Valsenio, 10",FORCELLESE LUCIA,09274211003,127,58091,ROMA,VITINIA,58,RM,ROMA,120,LAZIO,2007-01-07T00:00:00,-,Ordinaria,1,41.79147,12.4079,1
718,9481,0,"Via Enna, 17",LA MARTIRE GAETANO,09086240588,182,58091,ROMA,-,58,RM,ROMA,120,LAZIO,2005-01-01T00:00:00,-,Ordinaria,1,41.88292,12.52306,1
719,9482,0,"Via di Trigoria, 96 D",ESPOSITO VINCENZO,03919801005,128,58091,ROMA,-,58,RM,ROMA,120,LAZIO,2005-01-01T00:00:00,-,Ordinaria,1,41.92368,12.57115,1
720,9483,0,"Via L. Bufalini, 37/47",CAMILLI FABIO,03379720588,176,58091,ROMA,-,58,RM,ROMA,120,LAZIO,2005-01-01T00:00:00,30/09/2010,Ordinaria,1,41.92368,12.57115,1
721,9483,0,"Via L. Bufalini, 37/47",CAMILLI FABIO,09089430582,176,58091,ROMA,-,58,RM,ROMA,120,LAZIO,2010-01-10T00:00:00,-,Ordinaria,1,41.92368,12.57115,1
722,9484,0,-,CRISTINI GIULIO,08273540586,176,58091,ROMA,-,58,RM,ROMA,120,LAZIO,2005-01-01T00:00:00,31/05/2006,Ordinaria,1,41.88549,12.54289,1
723,9484,0,"Via B. Perestrello, 26/27",FENICE SNC DR.SSE ARICO' CARMELINA E MIRABILE SERENELLA,08549461005,176,58091,ROMA,-,58,RM,ROMA,120,LAZIO,2006-01-06T00:00:00,-,Ordinaria,1,41.88549,12.54289,1
724,9485,0,"Via A. Crivellucci, 37/39/41",FANTASIA LEA,08670210585,179,58091,ROMA,-,58,RM,ROMA,120,LAZIO,2005-01-01T00:00:00,-,Ordinaria,1,41.92368,12.57115,1
725,9486,0,"Via del Pigneto, 77",ARMATO BRUNO,03286670587,176,58091,ROMA,-,58,RM,ROMA,120,LAZIO,2010-01-09T00:00:00,-,Ordinaria,1,41.27621,13.08861,1
726,9486,0,"Via del Pigneto, 77",ARMATO BRUNO,00622510584,176,58091,ROMA,-,58,RM,ROMA,120,LAZIO,2005-01-01T00:00:00,31/08/2010,Ordinaria,1,41.27621,13.08861,1
727,9487,0,"Via Acqua Bullicante, 72",SILVESTRINI LUCA,09271600588,177,58091,ROMA,-,58,RM,ROMA,120,LAZIO,2005-01-01T00:00:00,-,Ordinaria,1,41.88431,12.54343,1
728,9488,0,"Via del Pigneto, 162/g-Ang.Via M.Sanaudo,1",OLIMPIA SAS DELLA DR.SSA TERESA COFANO,06683710583,176,58091,ROMA,-,58,RM,ROMA,120,LAZIO,2013-01-03T00:00:00,-,Ordinaria,1,41.92368,12.57115,1
729,9488,0,"Via del Pigneto, 162/g-Ang.Via M.Sanaudo,1",OLIMPIA - DR. ANIBALLI,06683710583,176,58091,ROMA,-,58,RM,ROMA,120,LAZIO,2005-01-01T00:00:00,28/02/2013,Ordinaria,1,41.92368,12.57115,1
730,9489,0,"Via Collatina, 112",ABUDI LINDA,00064980584,177,58091,ROMA,-,58,RM,ROMA,120,LAZIO,2005-01-01T00:00:00,31/08/2010,Ordinaria,1,41.90054,12.56698,1
731,9489,0,"Via Collatina, 112",ABUDI LINDA,08670340580,177,58091,ROMA,-,58,RM,ROMA,120,LAZIO,2010-01-09T00:00:00,-,Ordinaria,1,41.90054,12.56698,1
732,9490,0,"Piazza Federico Marcello Lante, 32",PALMIERI SNC,04256551005,147,58091,ROMA,-,58,RM,ROMA,120,LAZIO,2005-01-01T00:00:00,30/06/2011,Ordinaria,1,41.85295,12.50279,1
733,9490,0,"Via G.A. Sartorio, 34(Ang.P.za Lante 32)",MARTINO SNC,11221571000,147,58091,ROMA,-,58,RM,ROMA,120,LAZIO,2013-01-03T00:00:00,-,Ordinaria,1,41.85295,12.50279,1
734,9490,0,"Piazza Federico Marcello Lante, 32",MARTINO SNC,11221571000,147,58091,ROMA,-,58,RM,ROMA,120,LAZIO,2011-01-07T00:00:00,28/02/2013,Ordinaria,1,41.85295,12.50279,1
735,9491,0,"Via Taranto, 111",RAGUSA DR.SSA MARIA ANTONIETTA MACRI' E C. SAS,13071751005,182,58091,ROMA,-,58,RM,ROMA,120,LAZIO,2015-01-03T00:00:00,-,Ordinaria,1,41.88538,12.51084,1
736,9491,0,"Via Taranto, 111",RAGUSA DR.SSA MARIA ANTONIETTA MACRI',07756641002,182,58091,ROMA,-,58,RM,ROMA,120,LAZIO,2005-01-01T00:00:00,28/02/2015,Ordinaria,1,41.88538,12.51084,1
737,9492,0,"Via A. Meldola, 112",S. FRANCESCO DI PAOLA DI C. & G. TEBANO SNC,04428251005,143,58091,ROMA,Vigna Murata,58,RM,ROMA,120,LAZIO,2005-01-01T00:00:00,-,Ordinaria,1,41.92368,12.57115,1
738,9493,0,"Via Benedetto Croce, 149/151/153",SANTONI LIVIA,-,142,58091,ROMA,-,58,RM,ROMA,120,LAZIO,2009-01-03T00:00:00,31/05/2009,Ordinaria,1,41.84169,12.48392,1
739,9493,0,"Via Benedetto Croce, 149/151/153",TRE FONTANE,12971941005,142,58091,ROMA,-,58,RM,ROMA,120,LAZIO,2015-01-05T00:00:00,-,Ordinaria,1,41.84169,12.48392,1
740,9493,0,"Via Benedetto Croce, 149/151/153",SANTONI LIVIA,04430731002,142,58091,ROMA,-,58,RM,ROMA,120,LAZIO,2010-01-09T00:00:00,30/04/2015,Ordinaria,1,41.84169,12.48392,1
741,9493,0,"Via Benedetto Croce, 149/151/153",SANTONI LIVIA,04430751002,142,58091,ROMA,-,58,RM,ROMA,120,LAZIO,2005-01-01T00:00:00,31/08/2010,Ordinaria,1,41.84169,12.48392,1
742,9494,0,"Via R. R. Garibaldi, 87",GATTI PAOLA,09475850583,145,58091,ROMA,-,58,RM,ROMA,120,LAZIO,2005-01-01T00:00:00,-,Ordinaria,1,41.92368,12.57115,1
743,9495,0,"Via Prenestina, 204/c",SPATARO MARIA,09541810587,176,58091,ROMA,-,58,RM,ROMA,120,LAZIO,2005-01-01T00:00:00,28/02/2013,Ordinaria,1,41.92368,12.57115,1
744,9495,0,"Via Prenestina, 206",SPATARO MARIA,09541810587,176,58091,ROMA,-,58,RM,ROMA,120,LAZIO,2013-01-03T00:00:00,-,Ordinaria,1,41.92368,12.57115,1
745,9496,0,"Via L'Aquila, 13",PALOMBO GIOVANNI,04556751008,176,58091,ROMA,-,58,RM,ROMA,120,LAZIO,2005-01-01T00:00:00,-,Ordinaria,1,41.8908,12.52617,1
746,9497,0,"Via Furio Camillo, 10",FRISONI UMBERTO & C. SNC,04534321007,181,58091,ROMA,-,58,RM,ROMA,120,LAZIO,2015-01-02T00:00:00,-,Ordinaria,1,41.65524,12.48961,1
747,9497,0,"Via Niso, 10",FRISONI UMBERTO & C. SNC,04534321007,181,58091,ROMA,-,58,RM,ROMA,120,LAZIO,2005-01-01T00:00:00,31/01/2015,Ordinaria,1,41.65524,12.48961,1
748,9498,0,"Via Mario Menghini, 13",GALLOT - GALLAZZI PAOLA & C. SNC,04541741007,179,58091,ROMA,-,58,RM,ROMA,120,LAZIO,2005-01-01T00:00:00,-,Ordinaria,1,41.86887,12.52765,1
749,9499,0,"Via Camillo Sabatini, 140",TORRINO-SCARAMELLA M.CATERINA & C. SAS,04450551009,144,58091,ROMA,Torrino,58,RM,ROMA,120,LAZIO,2005-01-01T00:00:00,-,Ordinaria,1,41.8169,12.43852,1
750,9500,0,"Piazza Roberto Malatesta, 38",D'ERAMO MARCO NICOLO',07598671001,176,58091,ROMA,-,58,RM,ROMA,120,LAZIO,2010-01-09T00:00:00,28/02/2013,Ordinaria,1,41.88703,12.54036,1
751,9500,0,"Piazza Roberto Malatesta, 38",D'ERAMO MARCO NICOLO',09537120587,176,58091,ROMA,-,58,RM,ROMA,120,LAZIO,2005-01-01T00:00:00,31/08/2010,Ordinaria,1,41.88703,12.54036,1
752,9500,0,"Via Guglielmo degli Ubertini, 3",D'ERAMO MARCO NICOLO',07598671001,176,58091,ROMA,-,58,RM,ROMA,120,LAZIO,2013-01-03T00:00:00,-,Ordinaria,1,41.88703,12.54036,1
753,9501,0,"Via Morozzo della Rocca, 34",LA DONNA ANGELA,09671210582,159,58091,ROMA,-,58,RM,ROMA,120,LAZIO,2010-01-09T00:00:00,-,Ordinaria,1,41.89834,12.534,1
754,9501,0,"Via Morozzo della Rocca, 34",LA DONNA ANGELA,01057861005,159,58091,ROMA,-,58,RM,ROMA,120,LAZIO,2005-01-01T00:00:00,31/03/2007,Ordinaria,1,41.89834,12.534,1
755,9501,0,"Via Morozzo della Rocca, 34",LA DONNA ANGELA,04797700582,159,58091,ROMA,-,58,RM,ROMA,120,LAZIO,2007-01-04T00:00:00,31/08/2010,Ordinaria,1,41.89834,12.534,1
756,9502,0,"Via Tarquinio Prisco, 46",FOGLIANI DR. GIANCARLO E A. SNC,04571771007,181,58091,ROMA,-,58,RM,ROMA,120,LAZIO,2005-01-01T00:00:00,-,Ordinaria,1,41.97796,12.05116,1
757,9503,0,"Via Elio Lampridio Cerva, 147",AZZELLINO COSIMA,09647710582,143,58091,ROMA,-,58,RM,ROMA,120,LAZIO,2010-01-10T00:00:00,-,Ordinaria,1,41.8238,12.50223,1
758,9503,0,"Via Elio Lampridio Cerva, 147",AZZELLINO COSIMA,00916080583,143,58091,ROMA,-,58,RM,ROMA,120,LAZIO,2005-01-01T00:00:00,30/09/2010,Ordinaria,1,41.8238,12.50223,1
759,9504,0,"Via Carmelo Maestrini, 100",BRUGNOLI ALESSIO,06730681001,128,58091,ROMA,-,58,RM,ROMA,120,LAZIO,2005-01-01T00:00:00,-,Ordinaria,1,41.79406,12.44858,1
760,9505,0,"Largo Irpinia, 40",CONTI MARINA,09732140588,177,58091,ROMA,-,58,RM,ROMA,120,LAZIO,2008-01-01T00:00:00,-,Ordinaria,1,41.89294,12.55097,1
761,9505,0,"Largo Irpinia, 40",CONTI MARINA,07876920583,177,58091,ROMA,-,58,RM,ROMA,120,LAZIO,2005-01-01T00:00:00,31/12/2007,Ordinaria,1,41.89294,12.55097,1
762,9506,0,"Via Tommaso da Celano, 27/c",GAONI RAFFAELLA,12661241005,179,58091,ROMA,-,58,RM,ROMA,120,LAZIO,2005-01-01T00:00:00,-,Ordinaria,1,41.92368,12.57115,1
763,9507,0,"Via Macinghi Strozzi, 7",MATTERA ADELE,09779000588,145,58091,ROMA,-,58,RM,ROMA,120,LAZIO,2005-01-01T00:00:00,-,Ordinaria,1,41.92368,12.57115,1
764,9508,0,"Via della Villa di Lucina, 51 A-B-C",COSTANTINO DELLA DR.SSA SANDRA ARRIGHI,09159841007,145,58091,ROMA,-,58,RM,ROMA,120,LAZIO,2007-01-07T00:00:00,-,Ordinaria,1,41.92368,12.57115,1
765,9508,0,"Via della Villa di Lucina, 51 A-B-C",COSTANTINO DELLA DR.SSA SANDRA ARRIGHI E C. SAS,06859071000,145,58091,ROMA,-,58,RM,ROMA,120,LAZIO,2005-01-01T00:00:00,30/06/2007,Ordinaria,1,41.92368,12.57115,1
766,9509,0,"Via Tuscolana, 460",VERDIGLIONE ENRICO,09930290581,181,58091,ROMA,-,58,RM,ROMA,120,LAZIO,2005-01-01T00:00:00,-,Ordinaria,1,41.92368,12.57115,1
767,9510,0,"V.le Partenope, 96",ANNETTA MARIA GIUSEPPINA,00584860589,177,58091,ROMA,-,58,RM,ROMA,120,LAZIO,2005-01-01T00:00:00,31/08/2010,Ordinaria,1,41.88953,12.55139,1
768,9510,0,"Viale Partenope, 96",ANNETTA MARIA GIUSEPPINA,09884340580,177,58091,ROMA,-,58,RM,ROMA,120,LAZIO,2010-01-09T00:00:00,-,Ordinaria,1,41.88953,12.55139,1
769,9511,0,"Via Colle Nocello, 147",LORENTI SAS DELLA DR.SSA MARIA TERESA IANNOTTA,09953600583,12,58047,GUIDONIA MONTECELIO,La Botte,58,RM,ROMA,120,LAZIO,2005-01-01T00:00:00,31/08/2010,Ordinaria,1,41.97941,12.76759,1
770,9511,0,"Via Colle Nocello, 147",LORENTI SAS DELLA DR.SSA MARIA TERESA IANNOTTA,08652181002,12,58047,GUIDONIA MONTECELIO,La Botte,58,RM,ROMA,120,LAZIO,2010-01-09T00:00:00,-,Ordinaria,1,41.97941,12.76759,1
771,9512,0,"Via V. Cerulli, 16/20",CATTI CARMELA TIZIANA,04547721003,143,58091,ROMA,-,58,RM,ROMA,120,LAZIO,2005-01-01T00:00:00,31/12/2007,Ordinaria,1,41.82434,12.49107,1
772,9512,0,"Via V. Cerulli, 16/20",CATTI CARMELA TIZIANA,09860720581,143,58091,ROMA,-,58,RM,ROMA,120,LAZIO,2008-01-01T00:00:00,-,Ordinaria,1,41.82434,12.49107,1
773,9513,0,"Via La Spezia, 96/98",EREDI ANGELONI ALBERTO,10110930582,182,58091,ROMA,-,58,RM,ROMA,120,LAZIO,2005-01-01T00:00:00,31/03/2007,Ordinaria,1,41.94826,12.08468,1
774,9513,0,"Via La Spezia, 96/98",ANGELONI GIOVANNA,09016731003,182,58091,ROMA,-,58,RM,ROMA,120,LAZIO,2007-01-04T00:00:00,-,Ordinaria,1,41.94826,12.08468,1
775,9514,0,"Via Ciro da Urbino, 37",S. GIUSEPPE DR.SSA ANNA RASULO,10006140585,176,58091,ROMA,-,58,RM,ROMA,120,LAZIO,2005-01-01T00:00:00,-,Ordinaria,1,41.87814,12.54036,1
776,9515,0,"Via Etruria, 13/B",LOPRIORE SNC,05006371008,183,58091,ROMA,-,58,RM,ROMA,120,LAZIO,2015-01-06T00:00:00,-,Ordinaria,1,41.87877,12.51382,1
777,9515,0,"Via Etruria, 13/B",EREDI SERVINO GIUSEPPE SNC,05006371008,183,58091,ROMA,-,58,RM,ROMA,120,LAZIO,2005-01-01T00:00:00,31/05/2015,Ordinaria,1,41.87877,12.51382,1
778,9516,0,"Via Dino Penazzato, 83/E 83/F",VALLATI AUGUSTO E ALESSANDRO SNC,04937731000,177,58091,ROMA,-,58,RM,ROMA,120,LAZIO,2005-01-01T00:00:00,-,Ordinaria,1,41.92368,12.57115,1
779,9517,0,"V.le Venezia Giulia, 113",ANNETTA ANTONINO,00478840580,177,58091,ROMA,-,58,RM,ROMA,120,LAZIO,2005-01-01T00:00:00,31/01/2008,Ordinaria,1,41.95468,12.76926,1
780,9517,0,"Viale Venezia Giulia, 113",TERME GIORDIANI,10081380585,177,58091,ROMA,-,58,RM,ROMA,120,LAZIO,2008-01-02T00:00:00,-,Ordinaria,1,41.95468,12.76926,1
781,9518,0,"Circonvallazione Ostiense, 289",GARBATELLA DEL DOTT. PAOLINETTI,05140631002,154,58091,ROMA,-,58,RM,ROMA,120,LAZIO,2013-01-03T00:00:00,-,Ordinaria,1,41.86688,12.4906,1
782,9518,0,"Circonvallazione Ostiense, 289",EREDI PAOLINELLI DR.SSA VALERIA,05140631002,154,58091,ROMA,-,58,RM,ROMA,120,LAZIO,2010-01-10T00:00:00,28/02/2013,Ordinaria,1,41.86688,12.4906,1
783,9518,0,"Circonvallazione Ostiense, 289",EREDI PAOLINELLI DR.SSA VALERIA,10318530580,154,58091,ROMA,-,58,RM,ROMA,120,LAZIO,2005-01-01T00:00:00,30/09/2010,Ordinaria,1,41.86688,12.4906,1
784,9519,0,"Via Eurialo, 35",ZELLI GIULIO,10406120583,181,58091,ROMA,-,58,RM,ROMA,120,LAZIO,2005-01-01T00:00:00,-,Ordinaria,1,41.65618,12.48825,1
785,9520,0,"Via Appia Nuova, 213",DE LONGIS FRANCESCO,10199850586,183,58091,ROMA,-,58,RM,ROMA,120,LAZIO,2010-01-10T00:00:00,-,Ordinaria,1,41.79704,12.58736,1
786,9520,0,"Via Appia Nuova, 213",DE LONGIS FRANCESCO,09141060583,183,58091,ROMA,-,58,RM,ROMA,120,LAZIO,2005-01-01T00:00:00,30/09/2010,Ordinaria,1,41.79704,12.58736,1
787,9521,0,"Via A. Zanetta, 130",TATA ANTONIO,10141710581,143,58091,ROMA,-,58,RM,ROMA,120,LAZIO,2005-01-01T00:00:00,31/10/2014,Ordinaria,1,41.92368,12.57115,1
788,9521,0,"Via Abigaile Zanetta, 130",SANTA MARIA DELLA DR.SSA VALENTINA TATA SNC,12870981003,143,58091,ROMA,-,58,RM,ROMA,120,LAZIO,2014-01-11T00:00:00,-,Ordinaria,1,41.92368,12.57115,1
789,9522,0,"Via del Pianeta Giove, 68",PERLINI MARINA,10147280589,144,58091,ROMA,-,58,RM,ROMA,120,LAZIO,2005-01-01T00:00:00,28/02/2013,Ordinaria,1,41.92368,12.57115,1
790,9522,0,"Via del Pianeta Giove, 68",PERLINI MARINA SAS,12134011001,144,58091,ROMA,-,58,RM,ROMA,120,LAZIO,2013-01-03T00:00:00,-,Ordinaria,1,41.92368,12.57115,1
791,9523,0,"Via Davide Carazzi, 31",DIVINO AMORE SNC,09823070587,134,58091,ROMA,Divino Amore,58,RM,ROMA,120,LAZIO,2005-01-01T00:00:00,-,Ordinaria,1,41.76493,12.55814,1
792,9524,0,"Via Ostiense, 53",GIAQUINTO PAOLO EMILIO,07618991009,154,58091,ROMA,-,58,RM,ROMA,120,LAZIO,2005-01-01T00:00:00,-,Ordinaria,1,41.81703,12.43288,1
793,9525,0,"Piazzale Cina, 60",MINERVAE A. E PINO F. SNC,05383951000,144,58091,ROMA,-,58,RM,ROMA,120,LAZIO,2005-01-01T00:00:00,-,Ordinaria,1,41.80764,12.43156,1
794,9526,0,"Viale dell'Esercito, 62/f",VAVALA' RAFFAELE,10475900584,143,58091,ROMA,-,58,RM,ROMA,120,LAZIO,2005-01-01T00:00:00,31/12/2014,Ordinaria,1,41.80475,12.49918,1
795,9526,0,"Viale dell'Esercito, 62/f",VAVALA' SNC,13019041006,143,58091,ROMA,-,58,RM,ROMA,120,LAZIO,2015-01-01T00:00:00,-,Ordinaria,1,41.80475,12.49918,1
796,9527,0,"Via Casilina, 474 a/b",GIACOBBI DONATELLA,10388430588,177,58091,ROMA,-,58,RM,ROMA,120,LAZIO,2005-01-01T00:00:00,30/06/2007,Ordinaria,1,41.92368,12.57115,1
797,9527,0,"Via Casilina, 474 a/b",ALESSANDRINA SNC DI GIACOBBI DONATELLA E CIFALDI PLACIDO,08984341001,177,58091,ROMA,-,58,RM,ROMA,120,LAZIO,2007-01-07T00:00:00,-,Ordinaria,1,41.92368,12.57115,1
798,9528,0,"Via Nocera Umbra, 184/186",LA MARTIRE SNC,05380511005,181,58091,ROMA,-,58,RM,ROMA,120,LAZIO,2005-01-01T00:00:00,-,Ordinaria,1,41.87688,12.52628,1
799,9529,0,"Via Britannia, 2/4/6",ETRURIA DEL DOTT. REDINI MICHELE,08443161008,183,58091,ROMA,-,58,RM,ROMA,120,LAZIO,2005-01-01T00:00:00,-,Ordinaria,1,41.87975,12.50821,1
800,9530,0,"Via Fiume Bianco, 46",FIUME BIANCO SNC,05445961005,144,58091,ROMA,-,58,RM,ROMA,120,LAZIO,2005-01-01T00:00:00,-,Ordinaria,1,41.81631,12.43842,1
801,9531,0,"Piazza Montecastrilli, 13",DI MAIRA SILVANA,10476710586,181,58091,ROMA,-,58,RM,ROMA,120,LAZIO,2005-01-01T00:00:00,-,Ordinaria,1,41.87714,12.53258,1
802,9532,0,"Via A. Baccarini, 22/c",BARTALOTTA FRANCESCO,10596260587,179,58091,ROMA,-,58,RM,ROMA,120,LAZIO,2010-01-09T00:00:00,-,Ordinaria,1,41.92368,12.57115,1
803,9532,0,"Via A. Baccarini, 22/c",BARTALOTTA FRANCESCO,01051440582,179,58091,ROMA,-,58,RM,ROMA,120,LAZIO,2005-01-01T00:00:00,31/08/2010,Ordinaria,1,41.92368,12.57115,1
804,9533,0,"Via Luigi Caffaro, 9",ANGELINI ROBERTO,05223540583,154,58091,ROMA,-,58,RM,ROMA,120,LAZIO,2005-01-01T00:00:00,31/01/2015,Ordinaria,1,41.92368,12.57115,1
805,9533,0,"Via Luigi Caffaro, 9",ANGELINI ROBERTO SAS DI ROBERTO ANGELINI & C.,01257804100,154,58091,ROMA,-,58,RM,ROMA,120,LAZIO,2015-01-02T00:00:00,-,Ordinaria,1,41.92368,12.57115,1
806,9534,0,-,CASTELFORTE SNC,05559081004,171,58091,ROMA,-,58,RM,ROMA,120,LAZIO,2005-01-01T00:00:00,31/05/2006,Ordinaria,1,41.89132,12.55664,1
807,9534,0,"Via Castelforte, 29",CASTELFORTE SNC,05055590810,171,58091,ROMA,-,58,RM,ROMA,120,LAZIO,2006-01-06T00:00:00,31/03/2007,Ordinaria,1,41.89132,12.55664,1
808,9534,0,"Via Castelforte, 29",CASTELFORTE SNC DI GIANSERRA A. & MEDIATI M.G.,05559081004,171,58091,ROMA,-,58,RM,ROMA,120,LAZIO,2013-01-03T00:00:00,-,Ordinaria,1,41.89132,12.55664,1
809,9534,0,"Via Castelforte, 29",CASTELFORTE SNC,05559081004,171,58091,ROMA,-,58,RM,ROMA,120,LAZIO,2007-01-04T00:00:00,28/02/2013,Ordinaria,1,41.89132,12.55664,1
810,9535,0,"Via Simone Martini, 34/36",PONTECORVI ANGELO,04489381006,143,58091,ROMA,-,58,RM,ROMA,120,LAZIO,2010-01-10T00:00:00,-,Ordinaria,1,41.82674,12.48818,1
811,9535,0,"Via Simone Martini, 34/36",PONTECORVI ANGELO,-,143,58091,ROMA,-,58,RM,ROMA,120,LAZIO,2005-01-01T00:00:00,30/09/2010,Ordinaria,1,41.82674,12.48818,1
812,9536,0,"Via Cesare Pavese, 96/C",PAVESE DELLA DR.SSA LO PINTO RITA E C. SNC,09733820584,144,58091,ROMA,-,58,RM,ROMA,120,LAZIO,2013-01-03T00:00:00,-,Ordinaria,1,41.92368,12.57115,1
813,9536,0,"Via Cesare Pavese, 100/O",LO PINTO RITA,09733820584,144,58091,ROMA,-,58,RM,ROMA,120,LAZIO,2005-01-01T00:00:00,28/02/2013,Ordinaria,1,41.92368,12.57115,1
814,9537,0,"Viale dell'Aereonautica, 37",CORSETTI PIO,10852950582,144,58091,ROMA,-,58,RM,ROMA,120,LAZIO,2005-01-01T00:00:00,-,Ordinaria,1,41.90151,12.46077,1
815,9538,0,"Circonvallazione Ostiense, 218",PERUZZI PAOLA,10826510587,154,58091,ROMA,-,58,RM,ROMA,120,LAZIO,2005-01-01T00:00:00,-,Ordinaria,1,41.92368,12.57115,1
816,9539,0,"Via Rocca Priora, 60",COLLI ALBANI,10887190584,179,58091,ROMA,-,58,RM,ROMA,120,LAZIO,2005-01-01T00:00:00,-,Ordinaria,1,41.48372,12.67937,1
817,9540,0,"Viale Citta' d'Europa, 700",CITTA' D'EUROPA SNC,04910120585,144,58091,ROMA,Torrino Nord,58,RM,ROMA,120,LAZIO,2005-01-01T00:00:00,30/09/2007,Ordinaria,1,41.82498,12.45422,1
818,9540,0,"Viale Citta' d'Europa, 700",CITTA' D'EUROPA,09281581000,144,58091,ROMA,Torrino Nord,58,RM,ROMA,120,LAZIO,2007-01-10T00:00:00,-,Ordinaria,1,41.82498,12.45422,1
819,9541,0,"Via G. Trevis, 60/68",CRISTOFORO COLOMBO DOTT. OSVALDO MOLTEDO,05983131003,147,58091,ROMA,-,58,RM,ROMA,120,LAZIO,2005-01-01T00:00:00,-,Ordinaria,1,41.92368,12.57115,1
820,9542,0,"Largo Pannonia, 4/5/6/7",PORTA METRONIA,02154800581,183,58091,ROMA,-,58,RM,ROMA,120,LAZIO,2005-01-01T00:00:00,30/04/2013,Ordinaria,1,41.87974,12.50169,1
821,9542,0,"Largo Pannonia, 4/5/6/7",PORTA METRONIA SNC DI SCANZANO DR.SSA ROSA & C.,12101221005,183,58091,ROMA,-,58,RM,ROMA,120,LAZIO,2013-01-05T00:00:00,-,Ordinaria,1,41.87974,12.50169,1
822,9543,0,"Via Ostiense, 85-85/A",OSTIENSE SNC DI ANGELI MASSIMO E OLIVIERI ANTONIO,06023681007,154,58091,ROMA,-,58,RM,ROMA,120,LAZIO,2005-01-01T00:00:00,-,Ordinaria,1,41.92368,12.57115,1
823,9544,0,"Piazza Ronchi, 2",RONCHI SNC,05879471000,177,58091,ROMA,-,58,RM,ROMA,120,LAZIO,2005-01-01T00:00:00,-,Ordinaria,1,41.87724,12.55434,1
824,9545,0,"Viale Eroi di Cefalonia, 109",SPINACETO SNC,05990111006,128,58091,ROMA,-,58,RM,ROMA,120,LAZIO,2005-01-01T00:00:00,-,Ordinaria,1,41.92368,12.57115,1
825,9546,0,"Via Vittorio De Sica, 32",OLGIATA SNC DEI DR.I MASSIMO E PAOLO PICCHIONI,08528381000,123,58091,ROMA,-,58,RM,ROMA,120,LAZIO,2005-01-01T00:00:00,30/04/2007,Ordinaria,1,42.02107,12.37423,1
826,9547,0,"Via Augusto Dulceri, 19",DI SALVIA DEL DR. DI SALVIA MICHELE E .C SAS,11172931005,176,58091,ROMA,-,58,RM,ROMA,120,LAZIO,2011-01-03T00:00:00,-,Ordinaria,1,41.92368,12.57115,1
827,9547,0,"Via M. V. Coronelli, 46",DI SALVIA MICHELE,06204301003,176,58091,ROMA,-,58,RM,ROMA,120,LAZIO,2005-01-01T00:00:00,28/02/2011,Ordinaria,1,41.92368,12.57115,1
828,9548,0,"Via Tommaso da Celano, 122",EREDI ROSA GIUSEPPE SNC DI ROSA BARBARA E GAMBACCINI PAOLA,06371711000,179,58091,ROMA,-,58,RM,ROMA,120,LAZIO,2005-01-01T00:00:00,31/12/2010,Ordinaria,1,41.92368,12.57115,1
829,9548,0,"Via Tommaso da Celano, 122",ROSA  BARBARA,11151231005,179,58091,ROMA,-,58,RM,ROMA,120,LAZIO,2011-01-01T00:00:00,-,Ordinaria,1,41.92368,12.57115,1
830,9549,0,"Via Adolfo Omodeo, 66/68",FONSI SILVIA,07752791009,179,58091,ROMA,-,58,RM,ROMA,120,LAZIO,2005-01-01T00:00:00,-,Ordinaria,1,41.92368,12.57115,1
831,9550,0,"Piazza S. M. Ausiliatrice, 39-40",GIANCOTTI ENRICO ALFONSO,06406231008,181,58091,ROMA,-,58,RM,ROMA,120,LAZIO,2005-01-01T00:00:00,-,Ordinaria,1,41.87323,12.52855,1
832,9551,0,"Via Casilina, 439/B",CASILINA DOTT. NICOLA MAURO,06526961005,176,58091,ROMA,-,58,RM,ROMA,120,LAZIO,2005-01-01T00:00:00,-,Ordinaria,1,41.92368,12.57115,1
833,9552,0,"Via dell'Acqua Bullicante, 202",ANACAPRI DI LUISELLA FESTINANTE,06402581000,177,58091,ROMA,-,58,RM,ROMA,120,LAZIO,2010-01-10T00:00:00,30/04/2011,Ordinaria,1,41.89028,12.54206,1
834,9552,0,"Via dell'Acqua Bullicante, 202",ANACAPRI DI LUISELLA FESTINANTE,10544181000,177,58091,ROMA,-,58,RM,ROMA,120,LAZIO,2009-01-09T00:00:00,30/09/2010,Ordinaria,1,41.89028,12.54206,1
835,9552,0,"Via dell'Acqua Bullicante, 202",SALTARELLI ARMANDO SAS,10544181000,177,58091,ROMA,-,58,RM,ROMA,120,LAZIO,2015-01-07T00:00:00,-,Ordinaria,1,41.89028,12.54206,1
836,9552,0,"Via dell'Acqua Bullicante, 202",ANACAPRI DI LUISELLA FESTINANTE,10544181000,177,58091,ROMA,-,58,RM,ROMA,120,LAZIO,2011-01-05T00:00:00,30/06/2015,Ordinaria,1,41.89028,12.54206,1
837,9552,0,"Via dell'Acqua Bullicante, 202",ANACAPRI SAS DI LUISELLA FESTINANTE,06402581000,177,58091,ROMA,-,58,RM,ROMA,120,LAZIO,2008-01-01T00:00:00,31/08/2009,Ordinaria,1,41.89028,12.54206,1
838,9552,0,"Via dell'Acqua Bullicante, 202",ANACAPRI SNC DI LUISELLA FESTINANTE E ROBERTO MONGARDINI,00432790582,177,58091,ROMA,-,58,RM,ROMA,120,LAZIO,2005-01-01T00:00:00,31/12/2007,Ordinaria,1,41.89028,12.54206,1
839,9553,0,"Piazza C. Cantu', 2",CANTU' DOTT. BORYSOWICZ STEFANO,06666191009,181,58091,ROMA,-,58,RM,ROMA,120,LAZIO,2005-01-01T00:00:00,-,Ordinaria,1,41.92368,12.57115,1
840,9554,0,"Piazza Epiro, 7",PORRECA MARCO GIULIANO,06480661005,183,58091,ROMA,-,58,RM,ROMA,120,LAZIO,2005-01-01T00:00:00,-,Ordinaria,1,41.87876,12.5043,1
841,9555,0,"Via Renzo da Ceri, 66 ang. Via S. di Bastelica, 48",BASTELICA DOTT. GABRIELE GIUSEPPE ROMEO,06724851008,176,58091,ROMA,-,58,RM,ROMA,120,LAZIO,2005-01-01T00:00:00,-,Ordinaria,1,41.90151,12.46077,1
842,9556,0,"Piazza Cesare Baronio, 4/A",MEMEO DOTT. NICCOLO' DI GRAVINA,06804991005,179,58091,ROMA,-,58,RM,ROMA,120,LAZIO,2005-01-01T00:00:00,-,Ordinaria,1,41.87318,12.52084,1
843,9557,0,"Via Accademia del Cimento, 16",DEL CIMENTO DOTT. ANGELO IZZO,07072701001,147,58091,ROMA,-,58,RM,ROMA,120,LAZIO,2005-01-01T00:00:00,-,Ordinaria,1,41.85185,12.4957,1
844,9558,0,"Via Sabaudia, 71",SABAUDIA SNC DI VALERIA E MARCO MORI,06157701001,171,58091,ROMA,-,58,RM,ROMA,120,LAZIO,2005-01-01T00:00:00,30/04/2013,Ordinaria,1,41.89439,12.55763,1
845,9558,0,"Via Sabaudia, 71",SABAUDIA DEL DR. MARCO MORI,02151230444,171,58091,ROMA,-,58,RM,ROMA,120,LAZIO,2013-01-05T00:00:00,-,Ordinaria,1,41.89439,12.55763,1
846,9559,0,"Via della Marranella, 41",ELMO VITTORIA,07153361006,176,58091,ROMA,-,58,RM,ROMA,120,LAZIO,2005-01-01T00:00:00,-,Ordinaria,1,41.92368,12.57115,1
847,9560,0,"Piazza Roselle, 1",BARGONI FRANCO,01051230587,179,58091,ROMA,-,58,RM,ROMA,120,LAZIO,2005-01-01T00:00:00,31/12/2007,Ordinaria,1,41.92368,12.57115,1
848,9560,0,"Piazza Roselle, 1",BASTA FRANCESCO VITTORIO DI BASTA FRANCESCO VITTORIO & C S.A.S.,13116051007,179,58091,ROMA,-,58,RM,ROMA,120,LAZIO,2015-01-06T00:00:00,-,Ordinaria,1,41.92368,12.57115,1
849,9560,0,"Piazza Roselle, 1",BARGONI FRANCO,00440250587,179,58091,ROMA,-,58,RM,ROMA,120,LAZIO,2008-01-01T00:00:00,31/05/2015,Ordinaria,1,41.92368,12.57115,1
850,9561,0,"Via Castellammare, 59",SPADA DEL DOTT. CLAUDIO SABBATINI SNC,08492741007,50,58120,FIUMICINO,FREGENE,58,RM,ROMA,120,LAZIO,2010-01-10T00:00:00,-,Ordinaria,1,41.84541,12.20535,1
851,9561,0,"Via Castellammare, 59",SPADA DEL DOTT. CLAUDIO SABBATINI SNC,05480621001,50,58120,FIUMICINO,FREGENE,58,RM,ROMA,120,LAZIO,2005-01-01T00:00:00,30/09/2010,Ordinaria,1,41.84541,12.20535,1
852,9562,0,"via delle Vigne, 163",DI LEONE GIAMBATTISTA,09671210582,148,58091,ROMA,-,58,RM,ROMA,120,LAZIO,2005-01-01T00:00:00,30/09/2010,Ordinaria,1,41.84597,12.42035,1
853,9562,0,"via delle Vigne, 163",DI LEONE GIAMBATTISTA,00760910588,148,58091,ROMA,-,58,RM,ROMA,120,LAZIO,2010-01-10T00:00:00,-,Ordinaria,1,41.84597,12.42035,1
854,9563,0,"Via del Trullo, 294-296",EREDI DOTT. TORELLI ANDREA,10058421008,148,58091,ROMA,-,58,RM,ROMA,120,LAZIO,2008-01-09T00:00:00,28/02/2010,Ordinaria,1,41.85111,12.43485,1
855,9563,0,"Via del Trullo, 294-296",TORELLI DEL DR. GUIDO TORELLI E C. SAS,09600211008,148,58091,ROMA,-,58,RM,ROMA,120,LAZIO,2010-01-03T00:00:00,-,Ordinaria,1,41.85111,12.43485,1
856,9563,0,"Via del Trullo, 294-296",TORELLI ANDREA,00272790585,148,58091,ROMA,-,58,RM,ROMA,120,LAZIO,2005-01-01T00:00:00,31/08/2008,Ordinaria,1,41.85111,12.43485,1
857,9564,0,"Via Capo Passero, 26/32",EREDI DI CARLO ROMOLO,12995861007,122,58091,ROMA,OSTIA LIDO,58,RM,ROMA,120,LAZIO,2005-01-01T00:00:00,-,Ordinaria,1,41.92368,12.57115,1
858,9565,0,"Via della Consolata, 7/9",LEONARDIS GERARDO,01057861005,164,58091,ROMA,-,58,RM,ROMA,120,LAZIO,2005-01-01T00:00:00,30/09/2010,Ordinaria,1,41.87698,12.42129,1
859,9565,0,"Via della Consolata, 7/9",LEONARDIS GERARDO,00752870584,164,58091,ROMA,-,58,RM,ROMA,120,LAZIO,2010-01-10T00:00:00,30/04/2012,Ordinaria,1,41.87698,12.42129,1
860,9565,0,"Via della Consolata, 7/9",DEGLI ESTENSI SAS,11491541006,164,58091,ROMA,-,58,RM,ROMA,120,LAZIO,2012-01-05T00:00:00,-,Ordinaria,1,41.87698,12.42129,1
861,9566,0,"Via G. Ricci Curbastro, 3",SPINELLI MAURIZIO & C. SNC,10707381009,149,58091,ROMA,-,58,RM,ROMA,120,LAZIO,2010-01-04T00:00:00,-,Ordinaria,1,41.92368,12.57115,1
862,9566,0,"Via G. Ricci Curbastro, 3",ROMAGNOLI SPINELLI GABRIELA,00861870582,149,58091,ROMA,-,58,RM,ROMA,120,LAZIO,2005-01-01T00:00:00,31/03/2010,Ordinaria,1,41.92368,12.57115,1
863,9567,0,"Via Avicenna, 8/10",ARRIGHI DEL DR. LUIGI NAVA,07526681007,146,58091,ROMA,-,58,RM,ROMA,120,LAZIO,2005-01-01T00:00:00,-,Ordinaria,1,41.86527,12.47154,1
864,9568,0,"Piazza del Maccarese, 14",BORTOLAN ANNA MARIA,05586161001,57,58120,FIUMICINO,MACCARESE,58,RM,ROMA,120,LAZIO,2005-01-01T00:00:00,31/03/2007,Ordinaria,1,41.88756,12.22867,1
865,9568,0,"Piazza del Maccarese, 14/15",MACCARESE DEL DR. ATTILIO MONETA CAGLIO DE SUVICH,01459980536,57,58120,FIUMICINO,MACCARESE,58,RM,ROMA,120,LAZIO,2011-01-01T00:00:00,-,Ordinaria,1,41.88756,12.22867,1
866,9568,0,"Piazza del Maccarese, 14",MACCARESE DEI DR.I ATTILIO MONETA CAGLIO DE SUVICH E LUIGI TANZI SNC,09043851006,57,58120,FIUMICINO,MACCARESE,58,RM,ROMA,120,LAZIO,2007-01-04T00:00:00,31/12/2010,Ordinaria,1,41.88756,12.22867,1
867,9569,0,"Via A. G. Barrili, 7",MILANI FAGIOLO BRUNO,00712270586,152,58091,ROMA,-,58,RM,ROMA,120,LAZIO,2005-01-01T00:00:00,-,Ordinaria,1,41.92368,12.57115,1
868,9570,0,"Viale Trastevere, 229",LOFARO ANNUNZIATA,00476970587,153,58091,ROMA,-,58,RM,ROMA,120,LAZIO,2005-01-01T00:00:00,-,Ordinaria,1,41.90151,12.46077,1
869,9571,0,"Via Portuense, 468",PENNACCHIA PIER LUIGI,01051440582,149,58091,ROMA,-,58,RM,ROMA,120,LAZIO,2005-01-01T00:00:00,-,Ordinaria,1,41.84327,12.40431,1
870,9572,0,"Largo Bilancioni, 8/11 (Via Pio Fo)",SANT'ELENA DELLE DR.SSE ANNA MARIA E ANNA LAURA PELLEGRINI SNC,07551721009,152,58091,ROMA,-,58,RM,ROMA,120,LAZIO,2007-01-02T00:00:00,31/03/2013,Ordinaria,1,41.92368,12.57115,1
871,9572,0,-,PELLEGRINI MARCELLO,01363270586,152,58091,ROMA,-,58,RM,ROMA,120,LAZIO,2005-01-01T00:00:00,31/05/2006,Ordinaria,1,41.92368,12.57115,1
872,9572,0,"Largo Bilancioni, 8/11 (Via Pio Fo)",SANT'ELENA DELLE DR.SSE ANNA MARIA E ANNA LAURA PELLEGRINI SNC,07551721009,152,58091,ROMA,-,58,RM,ROMA,120,LAZIO,2013-01-04T00:00:00,-,Ordinaria,1,41.92368,12.57115,1
873,9573,0,"Via S. Pantaleo Campano, 28/d",MUCELLI GINA & C. SNC,10089551005,149,58091,ROMA,-,58,RM,ROMA,120,LAZIO,2009-01-11T00:00:00,-,Ordinaria,1,41.92368,12.57115,1
874,9573,0,"Via S. Pantaleo Campano, 28/d",MUCELLI GINA,01369330582,149,58091,ROMA,-,58,RM,ROMA,120,LAZIO,2005-01-01T00:00:00,31/10/2009,Ordinaria,1,41.92368,12.57115,1
875,9574,0,"Via Portuense, 718",BRANCHINI ROSANNA,01405530583,148,58091,ROMA,-,58,RM,ROMA,120,LAZIO,2008-01-01T00:00:00,31/10/2009,Ordinaria,1,41.84327,12.40431,1
876,9574,0,"Via Portuense, 718",TORELLI SILVIA,09847361004,148,58091,ROMA,-,58,RM,ROMA,120,LAZIO,2009-01-11T00:00:00,-,Ordinaria,1,41.84327,12.40431,1
877,9574,0,"Via Portuense, 718",BRANCHINI ROSANNA,01471070589,148,58091,ROMA,-,58,RM,ROMA,120,LAZIO,2005-01-01T00:00:00,31/12/2007,Ordinaria,1,41.84327,12.40431,1
878,9575,0,"Via G. Giorgios, 214/d",DI TERLIZZI DEL DR. DI TERLIZZI PANTALEO MARIA & C. SAS,-,54,58120,FIUMICINO,FIUMICINO - ISOLA SACRA,58,RM,ROMA,120,LAZIO,2008-01-01T00:00:00,31/03/2013,Ordinaria,1,41.88756,12.22867,1
879,9575,0,"Via G. Giorgis, 214/d",DI TERLIZZI DEL DR. DI TERLIZZI PANTALEO MARIA & C. SAS,-,54,58120,FIUMICINO,FIUMICINO - ISOLA SACRA,58,RM,ROMA,120,LAZIO,2013-01-04T00:00:00,-,Ordinaria,1,41.88756,12.22867,1
880,9575,0,"Via G. Giorgios, 214/d",EREDI DR.SSA ENRICHETTA MUSTI DE GENNARO,07701001005,54,58120,FIUMICINO,FIUMICINO - ISOLA SACRA,58,RM,ROMA,120,LAZIO,2005-01-01T00:00:00,31/12/2007,Ordinaria,1,41.88756,12.22867,1
881,9576,0,"Via Portuense, 425",CASSAR EMMA,02111790586,149,58091,ROMA,-,58,RM,ROMA,120,LAZIO,2008-01-01T00:00:00,31/03/2013,Ordinaria,1,41.84327,12.40431,1
882,9576,0,"Via Portuense, 425",CASSAR EMMA,04513201006,149,58091,ROMA,-,58,RM,ROMA,120,LAZIO,2005-01-01T00:00:00,31/12/2007,Ordinaria,1,41.84327,12.40431,1
883,9576,0,"Via Portuense, 423",PORTUENSE,02111790586,149,58091,ROMA,-,58,RM,ROMA,120,LAZIO,2013-01-04T00:00:00,-,Ordinaria,1,41.84327,12.40431,1
884,9577,0,"Via della Corrazzata, 71 ang. V.del Sommerg",FARMACIA SIRENE DI  VENTRESCA CLAUDIA,09657681004,121,58091,ROMA,OSTIA LIDO,58,RM,ROMA,120,LAZIO,2010-01-01T00:00:00,-,Ordinaria,1,41.92368,12.57115,1
885,9577,0,Via della Corrazzata 71 ang. V.del Sommerg,VENTRESCA CLAUDIA,02197310580,121,58091,ROMA,OSTIA LIDO,58,RM,ROMA,120,LAZIO,2005-01-01T00:00:00,31/08/2007,Ordinaria,1,41.92368,12.57115,1
886,9577,0,Via della Corrazzata 71 ang. V.del Sommerg,FARMACIA SIRENE DI  VENTRESCA CLAUDIA,08436511003,121,58091,ROMA,OSTIA LIDO,58,RM,ROMA,120,LAZIO,2007-01-09T00:00:00,31/12/2009,Ordinaria,1,41.92368,12.57115,1
887,9578,0,"Piazza E. Morelli, 23-24",FARMACIA DEI COLLI DR. FULVIO COSCONATI SAS,1277932104,151,58091,ROMA,-,58,RM,ROMA,120,LAZIO,2005-01-01T00:00:00,-,Ordinaria,1,41.85964,12.4457,1
888,9579,0,"Via Aurelia, 2835 (Km. 28)",ROANI SCIUTO ANDREINA,05587151001,50,58120,FIUMICINO,TORREIMPIETRA,58,RM,ROMA,120,LAZIO,2010-01-10T00:00:00,-,Ordinaria,1,41.88756,12.22867,1
889,9579,0,"Via Aurelia, 2835 (Km. 28)",ROANI SCIUTO ANDREINA,-,50,58120,FIUMICINO,TORREIMPIETRA,58,RM,ROMA,120,LAZIO,2005-01-01T00:00:00,30/09/2010,Ordinaria,1,41.88756,12.22867,1
890,9580,0,"Via A. Piola Caselli, 82/b-c",SPARTIVENTO SNC DEI DR.I BIANCAPAOLA PETTINELLA E GAETANO CORDIO,07260581009,122,58091,ROMA,OSTIA LIDO,58,RM,ROMA,120,LAZIO,2005-01-01T00:00:00,30/04/2015,Ordinaria,1,41.92368,12.57115,1
891,9580,0,"Via A. Piola Caselli, 82/b-c","SPARTIVENTO SNC DEI DR.I BIANCAPAOLA PETTINELLA, LANZELLOTTI F. E F.",07260581009,122,58091,ROMA,OSTIA LIDO,58,RM,ROMA,120,LAZIO,2015-01-05T00:00:00,-,Ordinaria,1,41.92368,12.57115,1
892,9581,0,"Largo Zabeccari, 6",ANITORI CLAUDIO,00450500582,149,58091,ROMA,-,58,RM,ROMA,120,LAZIO,2005-01-01T00:00:00,30/09/2010,Ordinaria,1,41.92368,12.57115,1
893,9581,0,"Largo Zabeccari, 6",ANITORI CLAUDIO,02720340583,149,58091,ROMA,-,58,RM,ROMA,120,LAZIO,2010-01-10T00:00:00,-,Ordinaria,1,41.92368,12.57115,1
894,9582,0,"Largo Esopo, 20",PALMIOTTI CALO' GIULIANA,03183830581,124,58091,ROMA,CASAL PALOCCO,58,RM,ROMA,120,LAZIO,2005-01-01T00:00:00,31/08/2010,Ordinaria,1,41.92368,12.57115,1
895,9582,0,"Largo Esopo, 20",CALO' MICAELA,10698061008,124,58091,ROMA,CASAL PALOCCO,58,RM,ROMA,120,LAZIO,2010-01-09T00:00:00,-,Ordinaria,1,41.92368,12.57115,1
896,9583,0,"P.za S. Giovanni di Dio, 14",GARRONI EVARISTO,03239000585,152,58091,ROMA,-,58,RM,ROMA,120,LAZIO,2005-01-01T00:00:00,31/08/2012,Ordinaria,1,41.87444,12.44667,1
897,9583,0,"Piazza S. Giovanni di Dio, 14",GARRONI SAS DI EVARISTO GARRONI & C,11497861002,152,58091,ROMA,-,58,RM,ROMA,120,LAZIO,2012-01-09T00:00:00,-,Ordinaria,1,41.87444,12.44667,1
898,9584,0,"Piazza A.F.Doria Pamphili, 14",ZANOBI AIDA,03261470581,149,58091,ROMA,-,58,RM,ROMA,120,LAZIO,2005-01-01T00:00:00,-,Ordinaria,1,41.92368,12.57115,1
899,9585,0,"Piazza della Radio, 39 39/A",TACCHINO ALESSANDRA MARIA,09868271009,146,58091,ROMA,-,58,RM,ROMA,120,LAZIO,2008-01-02T00:00:00,-,Ordinaria,1,41.92368,12.57115,1
900,9585,0,"Piazza della Radio, 39 39/A",SCORZA MARIA ROSA,03412680583,146,58091,ROMA,-,58,RM,ROMA,120,LAZIO,2005-01-01T00:00:00,31/01/2008,Ordinaria,1,41.92368,12.57115,1
901,9586,0,"Via G. Carini, 44",ROMAGNUOLO MARIA CATERINA,03438510582,152,58091,ROMA,-,58,RM,ROMA,120,LAZIO,2005-01-01T00:00:00,-,Ordinaria,1,41.92368,12.57115,1
902,9587,0,"Via di Torre Clementina, 76/78",FARMACIA SANTAMARIA DELLA SALUTE,03537710588,54,58120,FIUMICINO,-,58,RM,ROMA,120,LAZIO,2007-01-09T00:00:00,-,Ordinaria,1,41.77119,12.22794,1
903,9587,0,"Via di Torre Clementina, 76/78",URODA PIERO,-,54,58120,FIUMICINO,-,58,RM,ROMA,120,LAZIO,2007-01-07T00:00:00,31/08/2007,Ordinaria,1,41.77119,12.22794,1
904,9587,0,"Via di Torre Clementina, 76/78",URODA PIERO,01631280466,54,58120,FIUMICINO,-,58,RM,ROMA,120,LAZIO,2005-01-01T00:00:00,30/06/2007,Ordinaria,1,41.77119,12.22794,1
905,9588,0,"Via Matteo Ripa, 43",GAMBADAURO GIOVANNI,03852260581,126,58091,ROMA,ACILIA,58,RM,ROMA,120,LAZIO,2005-01-01T00:00:00,31/01/2008,Ordinaria,1,41.92368,12.57115,1
906,9588,0,"Via Matteo Ripa, 43",GAMBADAURO DI PIERFELICE GAMBADAURO E FRANCESCA P. GAMBADAURO E C. SNC,09036431006,126,58091,ROMA,ACILIA,58,RM,ROMA,120,LAZIO,2008-01-02T00:00:00,-,Ordinaria,1,41.92368,12.57115,1
907,9589,0,"Via R. De Cosa, 2",CALISTI GIUSEPPINA,04796440586,122,58091,ROMA,OSTIA LIDO,58,RM,ROMA,120,LAZIO,2005-01-01T00:00:00,31/03/2013,Ordinaria,1,41.92368,12.57115,1
908,9589,0,"Via Alessandro Piola Caselli, 117",CALISTI GIUSEPPINA,04796440586,122,58091,ROMA,OSTIA LIDO,58,RM,ROMA,120,LAZIO,2015-01-04T00:00:00,30/04/2015,Ordinaria,1,41.92368,12.57115,1
909,9589,0,"Viale Ammiraglio del Bono, 42",CALISTI GIUSEPPINA,04796440586,122,58091,ROMA,OSTIA LIDO,58,RM,ROMA,120,LAZIO,2013-01-04T00:00:00,-,Ordinaria,1,41.92368,12.57115,1
910,9590,0,"Piazza S. Pierdamiani, 40",MAJONE DI AMALIA MAJONE E LUCIANA MAJONE E C. SNC,09567611000,125,58091,ROMA,ACILIA,58,RM,ROMA,120,LAZIO,2007-01-10T00:00:00,-,Ordinaria,1,41.90151,12.46077,1
911,9590,0,"P.za S. Pierdamiani, 40",EREDI MAJONE SILVIO,08178331008,125,58091,ROMA,ACILIA,58,RM,ROMA,120,LAZIO,2005-01-01T00:00:00,30/09/2007,Ordinaria,1,41.90151,12.46077,1
912,9591,0,"Via G. Bonichi, 115",FARMACRIMI ACILIA DEL DR. VINCENZO CRIMI & C. SAS,09312571004,125,58091,ROMA,ACILIA,58,RM,ROMA,120,LAZIO,2008-01-04T00:00:00,30/09/2010,Ordinaria,1,41.92368,12.57115,1
913,9591,0,"Via G. Bonichi, 115",FARMACRIMI ACILIA DEL DR. VINCENZO CRIMI & C. SAS,05052900585,125,58091,ROMA,ACILIA,58,RM,ROMA,120,LAZIO,2010-01-10T00:00:00,-,Ordinaria,1,41.92368,12.57115,1
914,9591,0,"Via G. Bonichi, 115",ANGELI BUFALINI LEONELLA,05052900585,125,58091,ROMA,ACILIA,58,RM,ROMA,120,LAZIO,2005-01-01T00:00:00,31/03/2008,Ordinaria,1,41.92368,12.57115,1
915,9592,0,"Via Camillo Serafini, 28",LORPHARMA SAS DI MOZZETTI SAVERIO & C.,04571831009,164,58091,ROMA,-,58,RM,ROMA,120,LAZIO,2010-01-04T00:00:00,30/09/2010,Ordinaria,1,41.87858,12.42772,1
916,9592,0,"Via Camillo Serafini, 28",MOZZETTI SAVERIO,02154810580,164,58091,ROMA,-,58,RM,ROMA,120,LAZIO,2005-01-01T00:00:00,31/03/2010,Ordinaria,1,41.87858,12.42772,1
917,9592,0,"Via Camillo Serafini, 28",LORPHARMA SAS DI MOZZETTI SAVERIO & C.,02154810580,164,58091,ROMA,-,58,RM,ROMA,120,LAZIO,2010-01-10T00:00:00,-,Ordinaria,1,41.87858,12.42772,1
918,9593,0,"Via della Magliana, 191-191/a",CENTONZE RENATO,05436000581,146,58091,ROMA,-,58,RM,ROMA,120,LAZIO,2010-01-09T00:00:00,-,Ordinaria,1,41.85015,12.45909,1
919,9593,0,"Via della Magliana, 191-191/a",CENTONZE RENATO,04708030582,146,58091,ROMA,-,58,RM,ROMA,120,LAZIO,2005-01-01T00:00:00,31/08/2010,Ordinaria,1,41.85015,12.45909,1
920,9594,0,"Via Prenestina, 1206 A/B",COMUNALE COLLE PRENESTINO,06343271000,155,58091,ROMA,-,58,RM,ROMA,120,LAZIO,2005-01-01T00:00:00,31/08/2007,Ordinaria,1,41.92368,12.57115,1
921,9594,0,"Via Prenestina, 1206 A/B",COMUNALE COLLE PRENESTINO,05903241007,155,58091,ROMA,-,58,RM,ROMA,120,LAZIO,2007-01-09T00:00:00,-,Ordinaria,1,41.92368,12.57115,1
922,9595,0,"Viale dei Quattro Venti, 160 A",DI SALVO GIUSTINO,03817821006,152,58091,ROMA,-,58,RM,ROMA,120,LAZIO,2005-01-01T00:00:00,31/08/2011,Ordinaria,1,41.92368,12.57115,1
923,9595,0,"Viale dei Quattro Venti, 160 A",DI SALVO ANTONELLA,12008631009,152,58091,ROMA,-,58,RM,ROMA,120,LAZIO,2012-01-09T00:00:00,-,Ordinaria,1,41.92368,12.57115,1
924,9595,0,"Viale dei Quattro Venti, 160 A",EREDI DR. DI SALVO GIUSTINO,11512561009,152,58091,ROMA,-,58,RM,ROMA,120,LAZIO,2011-01-09T00:00:00,31/08/2012,Ordinaria,1,41.92368,12.57115,1
925,9596,0,"Via della Pisana, 370-Edificio E-Negozio A",PETITTO GIANLUIGI,05719880584,163,58091,ROMA,-,58,RM,ROMA,120,LAZIO,2005-01-01T00:00:00,-,Ordinaria,1,41.92368,12.57115,1
926,9597,0,Aerostaz.Intern.le L. Da Vinci,SALA MAURA ANGELA,-,54,58120,FIUMICINO,AEROPORTO,58,RM,ROMA,120,LAZIO,2007-01-07T00:00:00,31/08/2010,Ordinaria,1,41.88756,12.22867,1
927,9597,0,Aeroporto Intern.le L. Da Vinci,SALA MAURA ANGELA,04828560583,54,58120,FIUMICINO,AEROPORTO,58,RM,ROMA,120,LAZIO,2010-01-09T00:00:00,-,Ordinaria,1,41.88756,12.22867,1
928,9597,0,Aerostaz.Intern.le L. Da Vinci,SALA MAURA ANGELA,01631280466,54,58120,FIUMICINO,AEROPORTO,58,RM,ROMA,120,LAZIO,2005-01-01T00:00:00,30/06/2007,Ordinaria,1,41.88756,12.22867,1
929,9598,0,"Via Del Trullo, 162/164",FOCOLARI NANDO,-,148,58091,ROMA,-,58,RM,ROMA,120,LAZIO,2005-01-01T00:00:00,30/09/2010,Ordinaria,1,41.85111,12.43485,1
930,9598,0,"Via Del Trullo, 162/164",EREDI FOCOLARI DOTT. NANDO SDF,12949521004,148,58091,ROMA,-,58,RM,ROMA,120,LAZIO,2010-01-10T00:00:00,-,Ordinaria,1,41.85111,12.43485,1
931,9599,0,"Via G.G. Zerbi, 47",DEI PROMONTORI DR.SSA ALESSANDRA BREHERET,09415921007,122,58091,ROMA,OSTIA LIDO,58,RM,ROMA,120,LAZIO,2007-01-07T00:00:00,31/12/2007,Ordinaria,1,41.76713,12.47229,1
932,9599,0,"Via G.G. Zerbi, 47",EREDI BREHERET GIUSEPPE,07677151008,122,58091,ROMA,OSTIA LIDO,58,RM,ROMA,120,LAZIO,2005-01-01T00:00:00,30/06/2007,Ordinaria,1,41.76713,12.47229,1
933,9599,0,"Via G.G. Zerbi, 47",DEI PROMONTORI DR.SSA ALESSANDRA BREHERET,06194620586,122,58091,ROMA,OSTIA LIDO,58,RM,ROMA,120,LAZIO,2008-01-01T00:00:00,-,Ordinaria,1,41.76713,12.47229,1
934,9600,0,"Via Enrico Fermi, 1/3/5",PASSARETTA ADA,06214480581,146,58091,ROMA,-,58,RM,ROMA,120,LAZIO,2005-01-01T00:00:00,-,Ordinaria,1,41.8175,12.67317,1
935,9601,0,"Via Menandro, 13 (ang. Via Sofocle)",CALISE LILIANA,00893590588,125,58091,ROMA,Axa,58,RM,ROMA,120,LAZIO,2010-01-09T00:00:00,-,Ordinaria,1,41.92368,12.57115,1
936,9601,0,"Via Menandro, 13 (ang. Via Sofocle)",CALISE LILIANA,03210780585,125,58091,ROMA,Axa,58,RM,ROMA,120,LAZIO,2005-01-01T00:00:00,31/08/2010,Ordinaria,1,41.92368,12.57115,1
937,9602,0,"Via G. Fuggetta, 76",ADROWER DEL DR. ROBERTO ADROWER,09410380589,149,58091,ROMA,-,58,RM,ROMA,120,LAZIO,2010-01-09T00:00:00,-,Ordinaria,1,41.92368,12.57115,1
938,9602,0,"Via G. Fuggetta, 76",MADDALONI MARIA GIUSEPPA,05462750588,149,58091,ROMA,-,58,RM,ROMA,120,LAZIO,2005-01-01T00:00:00,31/08/2010,Ordinaria,1,41.92368,12.57115,1
939,9603,0,"Via Sermoneta, 10",COMUNALE COLLI ALBANI,06388331008,177,58091,ROMA,-,58,RM,ROMA,120,LAZIO,2005-01-01T00:00:00,31/08/2007,Ordinaria,1,41.48579,12.65417,1
940,9603,0,"Via Sermoneta, 10",COMUNALE ARICCIA - COLLI ALBANI,05903241007,177,58091,ROMA,-,58,RM,ROMA,120,LAZIO,2007-01-09T00:00:00,-,Ordinaria,1,41.48579,12.65417,1
941,9604,0,"Piazzale E. Dunant, 11 A/B",MONTEVERDE DR. FABRIZIO CUTELLI,07050931000,152,58091,ROMA,-,58,RM,ROMA,120,LAZIO,2005-01-01T00:00:00,28/02/2013,Ordinaria,1,41.92368,12.57115,1
942,9604,0,"Piazzale E. Dunant, 11",FARMACRIMI MONTEVERDE DEL DR. VINCENZO CRIMI & C. SAS,10736401000,152,58091,ROMA,-,58,RM,ROMA,120,LAZIO,2013-01-03T00:00:00,-,Ordinaria,1,41.92368,12.57115,1
943,9605,0,"Via del Trullo, 392",CIANCI LUIGI,05060540589,148,58091,ROMA,-,58,RM,ROMA,120,LAZIO,2005-01-01T00:00:00,31/12/2007,Ordinaria,1,41.85111,12.43485,1
944,9605,0,"Via del Trullo, 392",CIANCI LUIGI,07931720580,148,58091,ROMA,-,58,RM,ROMA,120,LAZIO,2008-01-01T00:00:00,-,Ordinaria,1,41.85111,12.43485,1
945,9606,0,"Via della Pisana, 92",JUNGANO MARIA VITA,07857080589,163,58091,ROMA,-,58,RM,ROMA,120,LAZIO,2005-01-01T00:00:00,28/02/2013,Ordinaria,1,41.88011,12.4172,1
946,9606,0,"Via della Pisana, 106",JUNGANO MARIA VITA,07857080589,163,58091,ROMA,-,58,RM,ROMA,120,LAZIO,2013-01-03T00:00:00,-,Ordinaria,1,41.88011,12.4172,1
947,9607,0,"Via Giovanni Garau, 9 Ang.V.le Rep. Marinare",DEL LIDO EREDI MASTELLI SNC DI GIULIANI GIANNA E FIGLIE,01923391005,121,58091,ROMA,OSTIA LIDO,58,RM,ROMA,120,LAZIO,2005-01-01T00:00:00,-,Ordinaria,1,41.90151,12.46077,1
948,9608,0,"Viale Vicopisano, 62",IZZO SILVIA,08068060584,146,58091,ROMA,-,58,RM,ROMA,120,LAZIO,2005-01-01T00:00:00,-,Ordinaria,1,41.84711,12.45986,1
949,9609,0,"Via Donna Olimpia, 194",EREDI TRAINA SNC DI DANIELE E ANTONELLA MARCHI,12267951007,152,58091,ROMA,-,58,RM,ROMA,120,LAZIO,2005-01-01T00:00:00,-,Ordinaria,1,41.92368,12.57115,1
950,9610,0,"Via Valtellina, 94",SAN FRANCESCO DOTT.SSA FRANCESCA DONATI,12989621003,151,58091,ROMA,-,58,RM,ROMA,120,LAZIO,2014-01-11T00:00:00,-,Ordinaria,1,41.92368,12.57115,1
951,9610,0,"Via Val Tellina, 94",DONATI FRANCO,09860340588,151,58091,ROMA,-,58,RM,ROMA,120,LAZIO,2005-01-01T00:00:00,31/12/2007,Ordinaria,1,41.92368,12.57115,1
952,9610,0,"Via Val Tellina, 94",SAN FRANCESCO EREDI DOTT. FRANCO DONATI,12521031000,151,58091,ROMA,-,58,RM,ROMA,120,LAZIO,2008-01-01T00:00:00,31/10/2014,Ordinaria,1,41.92368,12.57115,1
953,9611,0,"Via G. Sirtori, 35",ANGELINI ANNA MARIA,08785090583,149,58091,ROMA,-,58,RM,ROMA,120,LAZIO,2008-01-01T00:00:00,28/02/2013,Ordinaria,1,41.85539,12.4496,1
954,9611,0,"Via G. Sirtori, 21",ANGELINI DI DEL GOBBO ELEONORA,13410131000,149,58091,ROMA,-,58,RM,ROMA,120,LAZIO,2015-01-07T00:00:00,-,Ordinaria,1,41.85539,12.4496,1
955,9611,0,"Via G. Sirtori, 35",ANGELINI ANNA MARIA,00447870585,149,58091,ROMA,-,58,RM,ROMA,120,LAZIO,2005-01-01T00:00:00,31/12/2007,Ordinaria,1,41.85539,12.4496,1
956,9611,0,"Via G. Sirtori, 21",EREDI ANGELINI DR.SSA ANNA MARIA,12542441006,149,58091,ROMA,-,58,RM,ROMA,120,LAZIO,2013-01-03T00:00:00,30/06/2015,Ordinaria,1,41.85539,12.4496,1
957,9612,0,"Viale Quattro venti, 73/b/c",BENASSAI PIER DOMENICO,01363290584,152,58091,ROMA,-,58,RM,ROMA,120,LAZIO,2005-01-01T00:00:00,30/09/2010,Ordinaria,1,41.88248,12.45891,1
958,9612,0,"Viale Quattro venti, 73/b/c",BENASSAI PIER DOMENICO,08872970580,152,58091,ROMA,-,58,RM,ROMA,120,LAZIO,2010-01-10T00:00:00,-,Ordinaria,1,41.88248,12.45891,1
959,9613,0,"Viale Vasco De Gama, 38",ADILARDI PAOLA,08981600581,121,58091,ROMA,OSTIA LIDO,58,RM,ROMA,120,LAZIO,2005-01-01T00:00:00,28/02/2013,Ordinaria,1,41.73427,12.27579,1
960,9613,0,"Viale Vasco De Gama, 36 A",ADILARDI PAOLA,08981600581,121,58091,ROMA,OSTIA LIDO,58,RM,ROMA,120,LAZIO,2013-01-03T00:00:00,-,Ordinaria,1,41.73427,12.27579,1
961,9614,0,"Via S. Gherardi, 106",MODICA ORSOLA,09079210580,146,58091,ROMA,-,58,RM,ROMA,120,LAZIO,2005-01-01T00:00:00,-,Ordinaria,1,41.92368,12.57115,1
962,9615,0,"Via Portuense, 1440/A",FOCOLARI LEONE,08562470586,50,58091,ROMA,PONTE GALERIA,58,RM,ROMA,120,LAZIO,2005-01-01T00:00:00,-,Ordinaria,1,41.85807,12.44769,1
963,9616,0,"Via Edoardo Jenner, 109",ROSSI GIAMPIERO,09151300580,151,58091,ROMA,-,58,RM,ROMA,120,LAZIO,2005-01-01T00:00:00,-,Ordinaria,1,41.87245,12.44523,1
964,9617,0,"Via Ferdinando Acton, 23",ANGELINI LAURA,-,122,58091,ROMA,OSTIA LIDO,58,RM,ROMA,120,LAZIO,2005-01-01T00:00:00,30/09/2010,Ordinaria,1,41.73058,12.29217,1
965,9617,0,"Via Ferdinando Acton, 23",ANGELINI LAURA,09079280583,122,58091,ROMA,OSTIA LIDO,58,RM,ROMA,120,LAZIO,2010-01-10T00:00:00,-,Ordinaria,1,41.73058,12.29217,1
966,9618,0,"Via dei Colli Portuensi, 310/A",VILLARI ALESSANDRA,06466610729,151,58091,ROMA,-,58,RM,ROMA,120,LAZIO,2011-01-11T00:00:00,-,Ordinaria,1,41.86532,12.4436,1
967,9618,0,"Via dei Colli Portuensi, 310/A",VILLARI ALESSANDRA,09097340583,151,58091,ROMA,-,58,RM,ROMA,120,LAZIO,2005-01-01T00:00:00,31/10/2011,Ordinaria,1,41.86532,12.4436,1
968,9619,0,"Via Pescaglia, 29",DE BERARDINIS MARIO,09079210580,146,58091,ROMA,-,58,RM,ROMA,120,LAZIO,2005-01-01T00:00:00,31/12/2007,Ordinaria,1,41.84846,12.46531,1
969,9619,0,"Via Pescaglia, 29",DE BERARDINIS MARIO,09245800587,146,58091,ROMA,-,58,RM,ROMA,120,LAZIO,2008-01-01T00:00:00,-,Ordinaria,1,41.84846,12.46531,1
970,9620,0,"Via Casetta Mattei, 202",LU.FER.FARMA-G. LUCIANI & C. SNC,04365751009,148,58091,ROMA,-,58,RM,ROMA,120,LAZIO,2005-01-01T00:00:00,-,Ordinaria,1,41.85825,12.41946,1
971,9621,0,"Via Bravetta, 82/84",SALVATORE DELLA DR.SSA CUOZZO CARMELITA,09831290581,164,58091,ROMA,-,58,RM,ROMA,120,LAZIO,2005-01-01T00:00:00,-,Ordinaria,1,41.92368,12.57115,1
972,9622,0,"Piazza di Spagna , 30",TRINITA' DEI MONTI SAS,10038611009,149,58091,ROMA,-,58,RM,ROMA,120,LAZIO,2008-01-09T00:00:00,30/09/2010,Ordinaria,1,41.90661,12.4816,1
973,9622,0,"Piazza di Spagna , 30",TRINITA' DEI MONTI SAS,09532940583,149,58091,ROMA,-,58,RM,ROMA,120,LAZIO,2010-01-10T00:00:00,-,Ordinaria,1,41.90661,12.4816,1
974,9622,0,"Via Leopoldo Ruspoli, 57",D'AMICIS ANDREA,08676530580,149,58091,ROMA,-,58,RM,ROMA,120,LAZIO,2005-01-01T00:00:00,31/08/2008,Ordinaria,1,41.90661,12.4816,1
975,9623,0,"Via G. De Calvi, 12",FOCACCIA SILVANO & C. SNC,04365431008,151,58091,ROMA,-,58,RM,ROMA,120,LAZIO,2010-01-09T00:00:00,-,Ordinaria,1,41.92368,12.57115,1
976,9623,0,"Via G. De Calvi, 12",FOCACCIA SILVANO & C. SNC,-,151,58091,ROMA,-,58,RM,ROMA,120,LAZIO,2005-01-01T00:00:00,31/08/2010,Ordinaria,1,41.92368,12.57115,1
977,9624,0,"Via E. Rolli, 19",FACCIOLA' FABIO,09615190585,153,58091,ROMA,-,58,RM,ROMA,120,LAZIO,2005-01-01T00:00:00,28/02/2013,Ordinaria,1,41.92368,12.57115,1
978,9624,0,"Via E. Rolli, 19",FACCIOLA' DEL DR. FABIO FACCIOLA' & C. SNC,09615190585,153,58091,ROMA,-,58,RM,ROMA,120,LAZIO,2013-01-03T00:00:00,-,Ordinaria,1,41.92368,12.57115,1
979,9625,0,"Circ.ne Gianicolense, 186/a",DELOGU FRANCESCA,09509210580,152,58091,ROMA,-,58,RM,ROMA,120,LAZIO,2005-01-01T00:00:00,31/12/2007,Ordinaria,1,41.92368,12.57115,1
980,9625,0,"Circonvallazione Gianicolense, 186/a",DELOGU FRANCESCA,09603300584,152,58091,ROMA,-,58,RM,ROMA,120,LAZIO,2008-01-01T00:00:00,-,Ordinaria,1,41.92368,12.57115,1
981,9626,0,"Via Federico Torre, 27/31",POLVERINI GIULIANA & A.PAOLA SNC,04571751009,152,58091,ROMA,-,58,RM,ROMA,120,LAZIO,2005-01-01T00:00:00,-,Ordinaria,1,41.88102,12.46201,1
982,9627,0,"Via Donna Olimpia, 23",LORPHARMA SAS DI SAVERIO MOZZETTI & C.,04571831009,152,58091,ROMA,-,58,RM,ROMA,120,LAZIO,2015-01-04T00:00:00,-,Ordinaria,1,41.87782,12.45282,1
983,9627,0,"Via Donna Olimpia, 25",MOTTIRONI ANNA & M. ROSARIA SNC,04571831009,152,58091,ROMA,-,58,RM,ROMA,120,LAZIO,2005-01-01T00:00:00,28/02/2013,Ordinaria,1,41.87782,12.45282,1
984,9627,0,"Via Donna Olimpia, 21",LORPHARMA SAS DI SAVERIO MOZZETTI & C.,04571831009,152,58091,ROMA,-,58,RM,ROMA,120,LAZIO,2013-01-03T00:00:00,31/03/2015,Ordinaria,1,41.87782,12.45282,1
985,9628,0,"Piazzale Filippo il Macedone, 23/24",D'ALBERTI ANGELO SNC,08549620584,124,58091,ROMA,CASAL PALOCCO,58,RM,ROMA,120,LAZIO,2005-01-01T00:00:00,30/04/2011,Ordinaria,1,41.92368,12.57115,1
986,9628,0,"Piazzale Filippo il Macedone, 23/24",FARMACRIMI PALOCCO DEL DR. VINCENZO CRIMI & C. SAS,04567141009,124,58091,ROMA,CASAL PALOCCO,58,RM,ROMA,120,LAZIO,2011-01-05T00:00:00,-,Ordinaria,1,41.92368,12.57115,1
987,9629,0,"Viale Vasco De Gama, 137",ZINCONE DI M. ANTONIA ZINCONE E VITTORIA BENNI SNC,-,121,58091,ROMA,OSTIA LIDO,58,RM,ROMA,120,LAZIO,2005-01-01T00:00:00,31/12/2007,Ordinaria,1,41.73427,12.27579,1
988,9629,0,"Viale Vasco De Gama, 137",ZINCONE DI M. ANTONIA ZINCONE E VITTORIA BENNI SNC,04571801002,121,58091,ROMA,OSTIA LIDO,58,RM,ROMA,120,LAZIO,2008-01-01T00:00:00,-,Ordinaria,1,41.73427,12.27579,1
989,9630,0,"Via Aristide Carabelli, 52-54-56",MATTEAZZI GIANCARLO,09765040580,121,58091,ROMA,OSTIA LIDO,58,RM,ROMA,120,LAZIO,2005-01-01T00:00:00,30/06/2007,Ordinaria,1,41.74024,12.26796,1
990,9630,0,"Via Aristide Carabelli, 52-54-56",MATTEAZZI DI MASSIMILIANO MATTEAZZI E SCARAMELLA GIUSEPPINA E C. SNC,09068781005,121,58091,ROMA,OSTIA LIDO,58,RM,ROMA,120,LAZIO,2007-01-07T00:00:00,-,Ordinaria,1,41.74024,12.26796,1
991,9631,0,"Via Mare Glaciale Artico, 4",MAR ROSSO DI SANSONI CARMELO SAS,09718050587,122,58091,ROMA,OSTIA LIDO,58,RM,ROMA,120,LAZIO,2013-01-03T00:00:00,-,Ordinaria,1,41.73309,12.30195,1
992,9631,0,"Via Mare Glaciale Artico, 4",SANSONI CARMELO,09718050587,122,58091,ROMA,OSTIA LIDO,58,RM,ROMA,120,LAZIO,2005-01-01T00:00:00,28/02/2013,Ordinaria,1,41.73309,12.30195,1
993,9632,0,"Via F. Bolognesi, 27",DI FLUMERI MARIA ROSARIA,09539800582,152,58091,ROMA,-,58,RM,ROMA,120,LAZIO,2005-01-01T00:00:00,31/12/2007,Ordinaria,1,41.92368,12.57115,1
994,9632,0,"Via F. Bolognesi, 27",PAMPHILI DI DI FLUMERI M.ROSARIA & C. SNC,11996831001,152,58091,ROMA,-,58,RM,ROMA,120,LAZIO,2013-01-06T00:00:00,-,Ordinaria,1,41.92368,12.57115,1
995,9632,0,"Via F. Bolognesi, 27",DI FLUMERI MARIA ROSARIA,04912971001,152,58091,ROMA,-,58,RM,ROMA,120,LAZIO,2008-01-01T00:00:00,31/05/2013,Ordinaria,1,41.92368,12.57115,1
996,9633,0,"Via dell'Imbrecciato, 124",GUARINO F. & C. SNC,04817521000,149,58091,ROMA,-,58,RM,ROMA,120,LAZIO,2010-01-10T00:00:00,-,Ordinaria,1,41.92368,12.57115,1
997,9633,0,"Via dell'Imbrecciato, 124",GUARINO F. & C. SNC,-,149,58091,ROMA,-,58,RM,ROMA,120,LAZIO,2005-01-01T00:00:00,30/09/2010,Ordinaria,1,41.92368,12.57115,1
998,9634,0,"Viale Trastevere, 303/307",RIZZO MARULLO SAS,10541181003,153,58091,ROMA,-,58,RM,ROMA,120,LAZIO,2011-01-11T00:00:00,-,Ordinaria,1,41.92368,12.57115,1
999,9634,0,"Viale Trastevere, 305",SCUTELLA LIDIA,10001410587,153,58091,ROMA,-,58,RM,ROMA,120,LAZIO,2005-01-01T00:00:00,31/10/2011,Ordinaria,1,41.92368,12.57115,1
1000,9635,0,"Piazza Pietro Merolli, 18",D'AMICO MARIA GIULIA,08681830587,151,58091,ROMA,-,58,RM,ROMA,120,LAZIO,2005-01-01T00:00:00,31/12/2007,Ordinaria,1,41.86187,12.44253,1
1001,9635,0,"Piazza Pietro Merolli, 18",D'AMICO MARIA GIULIA,09965670582,151,58091,ROMA,-,58,RM,ROMA,120,LAZIO,2008-01-01T00:00:00,-,Ordinaria,1,41.86187,12.44253,1
1002,9636,0,"Via Fonteiana, 79/79a",MURINO DI MURINO RAFFAELE & C. SNC,10007340580,152,58091,ROMA,-,58,RM,ROMA,120,LAZIO,2005-01-01T00:00:00,31/08/2010,Ordinaria,1,41.88351,12.45583,1
1003,9636,0,"Via Fonteiana, 79/79a",MURINO DI MURINO RAFFAELE & C. SNC,08998151008,152,58091,ROMA,-,58,RM,ROMA,120,LAZIO,2010-01-09T00:00:00,-,Ordinaria,1,41.88351,12.45583,1
1004,9637,0,"Largo Gaetano La Loggia, 35",SAMPERI LAURA,10118730588,149,58091,ROMA,-,58,RM,ROMA,120,LAZIO,2005-01-01T00:00:00,-,Ordinaria,1,41.85577,12.44616,1
1005,9638,0,"Via Stella Polare, 59/61/63",STELLA POLARE DEL DR. RUELLO MATTEO,05106461006,122,58091,ROMA,OSTIA LIDO,58,RM,ROMA,120,LAZIO,2013-01-03T00:00:00,-,Ordinaria,1,41.9767,12.61621,1
1006,9638,0,"Via Stella Polare, 59/61/63",STELLA POLARE SNC,05106461006,122,58091,ROMA,OSTIA LIDO,58,RM,ROMA,120,LAZIO,2005-01-01T00:00:00,28/02/2013,Ordinaria,1,41.9767,12.61621,1
1007,9639,0,"Via G. Ghislieri, 21/23",CORDESCHI DEI DOTT.RI FERNANDO E PAOLA SNC,10196981004,152,58091,ROMA,-,58,RM,ROMA,120,LAZIO,2009-01-05T00:00:00,-,Ordinaria,1,41.92368,12.57115,1
1008,9639,0,"Via G. Ghislieri, 21/23",CORDESCHI FERNANDO,07992540588,152,58091,ROMA,-,58,RM,ROMA,120,LAZIO,2005-01-01T00:00:00,30/04/2009,Ordinaria,1,41.92368,12.57115,1
1009,9640,0,"Via Oderisi da Gubbio, 241",MAGLIANA ANTICA,10195370589,146,58091,ROMA,-,58,RM,ROMA,120,LAZIO,2013-01-03T00:00:00,-,Ordinaria,1,41.86643,12.46576,1
1010,9640,0,"Via Oderisi da Gubbio, 178",PASTORE VINCENZO,10195370589,146,58091,ROMA,-,58,RM,ROMA,120,LAZIO,2005-01-01T00:00:00,28/02/2013,Ordinaria,1,41.86643,12.46576,1
1011,9641,0,"Viale Guglielmo Marconi, 312-314",COTTI LAURA,10182690585,146,58091,ROMA,-,58,RM,ROMA,120,LAZIO,2007-01-04T00:00:00,-,Ordinaria,1,41.86932,12.46774,1
1012,9641,0,"Via Antonio Roiti, 9",COTTI LAURA,08056200580,146,58091,ROMA,-,58,RM,ROMA,120,LAZIO,2005-01-01T00:00:00,31/03/2007,Ordinaria,1,41.86932,12.46774,1
1013,9642,0,"Via G. Marconi, 174 - 174/A",MARCHESE MARIO GIUSTINO,08767930582,146,58091,ROMA,-,58,RM,ROMA,120,LAZIO,2005-01-01T00:00:00,-,Ordinaria,1,41.92368,12.57115,1
1014,9643,0,"Viale Isacco Newton, 92/B",CARDILLO ADELAIDE,05407441004,151,58091,ROMA,-,58,RM,ROMA,120,LAZIO,2008-01-01T00:00:00,-,Ordinaria,1,41.85461,12.44037,1
1015,9643,0,"Viale Isacco Newton, 92/B",CARDILLO ADELAIDE,04211761004,151,58091,ROMA,-,58,RM,ROMA,120,LAZIO,2005-01-01T00:00:00,31/12/2007,Ordinaria,1,41.85461,12.44037,1
1016,9644,0,Via Aurelia Km. 1297/1299,BUCCELLA DR. FILIPPO & C. SAS,05102341004,166,58091,ROMA,-,58,RM,ROMA,120,LAZIO,2010-01-10T00:00:00,-,Ordinaria,1,41.92368,12.57115,1
1017,9644,0,Via Aurelia Km. 1297/1299,BUCCELLA DR. FILIPPO & C. SAS,02956450585,166,58091,ROMA,-,58,RM,ROMA,120,LAZIO,2005-01-01T00:00:00,30/09/2010,Ordinaria,1,41.92368,12.57115,1
1018,9645,0,"Via dei Malatesta, 5 a/b",D'ALESSANDRO SILVIA,08595080584,164,58091,ROMA,-,58,RM,ROMA,120,LAZIO,2005-01-01T00:00:00,30/09/2010,Ordinaria,1,41.88131,12.425,1
1019,9645,0,"Via dei Malatesta, 5 a/b",D'ALESSANDRO SILVIA,10480660587,164,58091,ROMA,-,58,RM,ROMA,120,LAZIO,2010-01-10T00:00:00,-,Ordinaria,1,41.88131,12.425,1
1020,9646,0,"Via dei Romagnoli, 753",BENNI BERTRANDO E LUIGI SNC,05380541002,119,58091,ROMA,OSTIA ANTICA,58,RM,ROMA,120,LAZIO,2005-01-01T00:00:00,-,Ordinaria,1,41.7521,12.29534,1
1021,9647,0,"Viale Marconi, 107",EREDI INGLESE ROSA,10234680584,146,58091,ROMA,-,58,RM,ROMA,120,LAZIO,2005-01-01T00:00:00,31/03/2007,Ordinaria,1,42.63472,11.67024,1
1022,9647,0,"Viale Marconi, 107",ANTONAGLIA GIOVANNI,09025251001,146,58091,ROMA,-,58,RM,ROMA,120,LAZIO,2007-01-04T00:00:00,-,Ordinaria,1,42.63472,11.67024,1
1023,9648,0,"Viale Trieste, 18",EREDI RICCARDI DR. ZINO,05584771009,19,58104,TIVOLI,-,58,RM,ROMA,120,LAZIO,2005-01-01T00:00:00,30/06/2008,Ordinaria,1,41.95975,12.80025,1
1024,9648,0,"Via Aldo Moro, 21",RICCARDI ENZO LUIGI,10101381001,19,58104,TIVOLI,-,58,RM,ROMA,120,LAZIO,2013-01-03T00:00:00,-,Ordinaria,1,41.95975,12.80025,1
1025,9648,0,"Viale Trieste, 14",EREDI RICCARDI DR. ZINO,10101381001,19,58104,TIVOLI,-,58,RM,ROMA,120,LAZIO,2008-01-07T00:00:00,28/02/2013,Ordinaria,1,41.95975,12.80025,1
1026,9649,0,"Via della Magliana, 134/b",ARRIGHI ERMIDA,08698751008,146,58091,ROMA,-,58,RM,ROMA,120,LAZIO,2006-01-06T00:00:00,-,Ordinaria,1,41.83312,12.44594,1
1027,9649,0,-,EREDI GEREMEI MAURO SNC DI GIUSEPPINA CERQUETTI E C.,05599631008,146,58091,ROMA,-,58,RM,ROMA,120,LAZIO,2005-01-01T00:00:00,31/05/2006,Ordinaria,1,41.83312,12.44594,1
1028,9650,0,"Via Federico Ozanam, 57/a",LICARI FRANCESCA,01057861005,152,58091,ROMA,-,58,RM,ROMA,120,LAZIO,2005-01-01T00:00:00,31/08/2010,Ordinaria,1,41.87757,12.45245,1
1029,9650,0,"Via Federico Ozanam, 57/a",LICARI FRANCESCA,10655630589,152,58091,ROMA,-,58,RM,ROMA,120,LAZIO,2010-01-09T00:00:00,-,Ordinaria,1,41.87757,12.45245,1
1030,9651,0,"Piazza della Rovere, 2/C",EREDI DI VINCENTI MARCELLO TOMMASO,07289721008,122,58091,ROMA,OSTIA LIDO,58,RM,ROMA,120,LAZIO,2005-01-01T00:00:00,-,Ordinaria,1,41.89947,12.46255,1
1031,9652,0,"Largo S.Vincenzo de Paoli, 5",PADRE PIO SAS DELLA DR.SSA MARIA LUISA GRANA & C.,05888241006,152,58091,ROMA,-,58,RM,ROMA,120,LAZIO,2013-01-03T00:00:00,-,Ordinaria,1,41.87113,12.457,1
1032,9652,0,"Via P. Cartoni, 183/185",PADRE PIO DI MARIA LUISA E PIETRO GRANA SNC,-,152,58091,ROMA,-,58,RM,ROMA,120,LAZIO,2009-01-11T00:00:00,30/09/2010,Ordinaria,1,41.87113,12.457,1
1033,9652,0,"Largo S.Vincenzo de Paoli, 5",PADRE PIO DI MARIA LUISA E PIETRO GRANA SNC,05888241006,152,58091,ROMA,-,58,RM,ROMA,120,LAZIO,2010-01-10T00:00:00,28/02/2013,Ordinaria,1,41.87113,12.457,1
1034,9652,0,"Via P. Cartoni, 183/185",SAN CAMILLO,10851220581,152,58091,ROMA,-,58,RM,ROMA,120,LAZIO,2005-01-01T00:00:00,31/10/2009,Ordinaria,1,41.87113,12.457,1
1035,9653,0,"Viale dei Colli Portuensi, 475",BATTISTINI,06116831006,151,58091,ROMA,-,58,RM,ROMA,120,LAZIO,2005-01-01T00:00:00,-,Ordinaria,1,41.86532,12.4436,1
1036,9654,0,"Via G. Cardano, 58",ABBATE SNC,05999741001,146,58091,ROMA,-,58,RM,ROMA,120,LAZIO,2005-01-01T00:00:00,-,Ordinaria,1,41.86333,12.46769,1
1037,9655,0,Via Aurelia km. 24.300,COMUNALE N.1 ARANOVA - FIUMICINO,06041561009,54,58120,FIUMICINO,-,58,RM,ROMA,120,LAZIO,2005-01-01T00:00:00,-,Ordinaria,1,41.88756,12.22867,1
1038,9656,0,"Via Pietro Rosa, 42",CAVALIERI SNC,-,122,58091,ROMA,OSTIA LIDO,58,RM,ROMA,120,LAZIO,2007-01-09T00:00:00,28/02/2013,Ordinaria,1,41.7297,12.28461,1
1039,9656,0,"Via Pietro Rosa, 42",CAVALIERI DELLA DR.SSA CRISTINA CAVALIERI,-,122,58091,ROMA,OSTIA LIDO,58,RM,ROMA,120,LAZIO,2013-01-03T00:00:00,-,Ordinaria,1,41.7297,12.28461,1
1040,9656,0,"Via Pietro Rosa, 42",CAVALIERI SNC,06347261007,122,58091,ROMA,OSTIA LIDO,58,RM,ROMA,120,LAZIO,2005-01-01T00:00:00,31/08/2007,Ordinaria,1,41.7297,12.28461,1
1041,9657,0,"Viale delle Meduse, 77",FARMACRIMI FIUMICINO DEL DR. VINCENZO CRIMI & C. SAS,08324291007,54,58120,FIUMICINO,-,58,RM,ROMA,120,LAZIO,2007-01-08T00:00:00,-,Ordinaria,1,41.76426,12.2248,1
1042,9657,0,"Viale delle Meduse, 77",ISOLA SACRA SAS DI ALESSANDRO RENZETTI & C.,06055591009,54,58120,FIUMICINO,-,58,RM,ROMA,120,LAZIO,2005-01-01T00:00:00,31/07/2007,Ordinaria,1,41.76426,12.2248,1
1043,9658,0,"Via delle Baleniere, 139",GRAZIOSI ALESSANDRA,06427251001,121,58091,ROMA,OSTIA LIDO,58,RM,ROMA,120,LAZIO,2005-01-01T00:00:00,28/02/2013,Ordinaria,1,41.74203,12.28169,1
1044,9658,0,"Via delle Baleniere, 139",TOMA DELLA DR.SSA GRAZIOSI ALESSANDRA,06427251001,121,58091,ROMA,OSTIA LIDO,58,RM,ROMA,120,LAZIO,2013-01-03T00:00:00,-,Ordinaria,1,41.74203,12.28169,1
1045,9659,0,"Via della Scafa, 143",COMUNALE ISOLA SACRA,06041561009,54,58120,FIUMICINO,-,58,RM,ROMA,120,LAZIO,2005-01-01T00:00:00,-,Ordinaria,1,41.7645,12.26482,1
1046,9660,0,"Viale di Vigna Pia, 42/44/46",CAPEZZERA GERARDO,06923101007,149,58091,ROMA,-,58,RM,ROMA,120,LAZIO,2010-01-10T00:00:00,-,Ordinaria,1,41.86339,12.4592,1
1047,9660,0,"V.le di Vigna Pia, 42/44/46",CAPEZZERA GERARDO,03583501006,149,58091,ROMA,-,58,RM,ROMA,120,LAZIO,2005-01-01T00:00:00,30/09/2010,Ordinaria,1,41.86339,12.4592,1
1048,9661,0,"Via Colli Portuensi, 173/175",GIORDANO STEFANO,07075721006,151,58091,ROMA,-,58,RM,ROMA,120,LAZIO,2005-01-01T00:00:00,-,Ordinaria,1,41.92368,12.57115,1
1049,9662,0,"P.zza Salvo DAcquisto, 15",MUSTI DE GENNARO CLAUDIA,01347080531,50,58120,FIUMICINO,PASSOSCURO,58,RM,ROMA,120,LAZIO,2013-01-03T00:00:00,-,Ordinaria,1,41.88756,12.22867,1
1050,9662,0,"Piazza Villacidro, 24",MUSTI DE GENNARO CLAUDIA,01347080531,50,58120,FIUMICINO,PASSOSCURO,58,RM,ROMA,120,LAZIO,2005-01-01T00:00:00,28/02/2013,Ordinaria,1,41.88756,12.22867,1
1051,9663,0,"Viale Colli Portuensi, 30/32",DI NARDO STEFANO,06818291004,151,58091,ROMA,-,58,RM,ROMA,120,LAZIO,2005-01-01T00:00:00,-,Ordinaria,1,41.87626,12.44301,1
1052,9664,0,"Via di Macchia Saponara, 64/T",SAN GIORGIO SNC,07029701005,125,58091,ROMA,ACILIA,58,RM,ROMA,120,LAZIO,2005-01-01T00:00:00,-,Ordinaria,1,41.92368,12.57115,1
1053,9665,0,"Piazza dei Quiriti, 1/2",DEI QURITI DR.SSA INFANTE LEILA,00316730589,192,58091,ROMA,-,58,RM,ROMA,120,LAZIO,2013-01-03T00:00:00,-,Ordinaria,1,41.90935,12.4645,1
1054,9665,0,"Piazza dei Quiriti, 1/2",INFANTE LEILA,00316730589,192,58091,ROMA,-,58,RM,ROMA,120,LAZIO,2005-01-01T00:00:00,28/02/2013,Ordinaria,1,41.90935,12.4645,1
1055,9666,0,"Via Baccanello, 361",CIARCIA' VINCENZO,01025670587,123,58091,ROMA,CESANO DI ROMA,58,RM,ROMA,120,LAZIO,2013-01-03T00:00:00,-,Ordinaria,1,41.92368,12.57115,1
1056,9666,0,"Via Baccanello, 361",CIARCIA' VINCENZO,01025670587,64,58091,ROMA,CESANO DI ROMA,58,RM,ROMA,120,LAZIO,2005-01-01T00:00:00,28/02/2013,Ordinaria,1,41.92368,12.57115,1
1057,9667,0,"Via Crescenzio, 57",NANNI ALDO,00869410589,193,58091,ROMA,-,58,RM,ROMA,120,LAZIO,2005-01-01T00:00:00,30/09/2014,Ordinaria,1,41.90578,12.46279,1
1058,9667,0,"Via Crescenzio, 59",NANNI SNC DI GUIDO E FRANCESCO NANNI,12723771007,193,58091,ROMA,-,58,RM,ROMA,120,LAZIO,2014-01-10T00:00:00,-,Ordinaria,1,41.90578,12.46279,1
1059,9668,0,"Via Trionfale, 8764",S. ONOFRIO DR. FRANCESCO LAVERGATA,11211051005,135,58091,ROMA,-,58,RM,ROMA,120,LAZIO,2011-01-03T00:00:00,-,Ordinaria,1,41.98493,12.40688,1
1060,9668,0,"Via Trionfale, 8764",PONZETTI ANNA MARIA,00595911009,135,58091,ROMA,-,58,RM,ROMA,120,LAZIO,2005-01-01T00:00:00,28/02/2011,Ordinaria,1,41.98493,12.40688,1
1061,9669,0,"Via Ennio Bonifazi, 12",CICHI LUCIANO,00439120585,167,58091,ROMA,-,58,RM,ROMA,120,LAZIO,2010-01-10T00:00:00,30/09/2014,Ordinaria,1,41.9051,12.41687,1
1062,9669,0,"Via Boccea, 254",CICHI LUCIANO,00439120585,167,58091,ROMA,-,58,RM,ROMA,120,LAZIO,2014-01-10T00:00:00,-,Ordinaria,1,41.9051,12.41687,1
1063,9669,0,"Via Ennio Bonifazi, 12",CICHI LUCIANO,05097731003,167,58091,ROMA,-,58,RM,ROMA,120,LAZIO,2005-01-01T00:00:00,30/09/2010,Ordinaria,1,41.9051,12.41687,1
1064,9670,0,"Via della Giuliana, 24",RAGONI FRANCESCO,00269020582,195,58091,ROMA,-,58,RM,ROMA,120,LAZIO,2005-01-01T00:00:00,-,Ordinaria,1,41.9131,12.45426,1
1065,9671,0,"Via F. Borromeo, 13/15",CRESCIMANNO CLOTILDE,00483400586,168,58091,ROMA,-,58,RM,ROMA,120,LAZIO,2010-01-10T00:00:00,-,Ordinaria,1,41.92368,12.57115,1
1066,9671,0,"Via F. Borromeo, 13/15",CRESCIMANNO CLOTILDE,08068060584,168,58091,ROMA,-,58,RM,ROMA,120,LAZIO,2005-01-01T00:00:00,30/09/2010,Ordinaria,1,41.92368,12.57115,1
1067,9672,0,"Via Aurelia, 560",MERUCCI ANGELINA,01536800582,165,58091,ROMA,-,58,RM,ROMA,120,LAZIO,2005-01-01T00:00:00,-,Ordinaria,1,41.97259,12.07801,1
1068,9673,0,"Largo Vigna Stelluti, 34/35/36",COEN TULLIA,05383951000,191,58091,ROMA,-,58,RM,ROMA,120,LAZIO,2005-01-01T00:00:00,30/09/2007,Ordinaria,1,41.9478,12.46506,1
1069,9673,0,"Largo Vigna Stelluti, 34/35/36",VIGNA CLARA DR.SSE BIANCA MARIA E GIACINTA MANUELA BULLIO SNC,09051551001,191,58091,ROMA,-,58,RM,ROMA,120,LAZIO,2007-01-10T00:00:00,-,Ordinaria,1,41.9478,12.46506,1
1070,9674,0,"Viale Giulio Cesare, 209/211",GIULIO CESARE,07948261008,192,58091,ROMA,-,58,RM,ROMA,120,LAZIO,2005-01-01T00:00:00,-,Ordinaria,1,41.91117,12.46496,1
1071,9675,0,"Via Trionfale, 11264/11270",COCCI MARIA TERESA EREDI,11074971000,135,58091,ROMA,-,58,RM,ROMA,120,LAZIO,2010-01-12T00:00:00,31/10/2012,Ordinaria,1,41.95999,12.41137,1
1072,9675,0,"Via Trionfale, 11264/11270",OTTAVIA - TABARRINI DR.SSA ANGELA,11984371002,135,58091,ROMA,-,58,RM,ROMA,120,LAZIO,2012-01-11T00:00:00,-,Ordinaria,1,41.95999,12.41137,1
1073,9675,0,"Via Trionfale, 11264/11270",COCCI MARIA TERESA,05344761001,135,58091,ROMA,-,58,RM,ROMA,120,LAZIO,2005-01-01T00:00:00,30/11/2010,Ordinaria,1,41.95999,12.41137,1
1074,9676,0,"Via Candia, 28",DE LONGIS  FAUSTO,09136700581,192,58091,ROMA,-,58,RM,ROMA,120,LAZIO,2005-01-01T00:00:00,-,Ordinaria,1,41.90758,12.45077,1
1075,9677,0,"Viale Cola di Rienzo, 124",CENTRALE DOTT. GIORGIO DI GIOACCHINO SAS,11702831006,192,58091,ROMA,-,58,RM,ROMA,120,LAZIO,2012-01-09T00:00:00,-,Ordinaria,1,41.92368,12.57115,1
1076,9677,0,"V.le Cola di Rienzo, 124",DI GIOACCHINO GIORGIO,00440420586,192,58091,ROMA,-,58,RM,ROMA,120,LAZIO,2010-01-09T00:00:00,31/08/2012,Ordinaria,1,41.92368,12.57115,1
1077,9677,0,"V.le Cola di Rienzo, 124",DI GIOACCHINO GIORGIO,09615190585,192,58091,ROMA,-,58,RM,ROMA,120,LAZIO,2005-01-01T00:00:00,31/08/2010,Ordinaria,1,41.92368,12.57115,1
1078,9678,0,"Via Don Primo Mazzolari, 220",LIBERTA' DR.SSA ROSANNA SICILIANO,08555331001,132,58091,ROMA,-,58,RM,ROMA,120,LAZIO,2007-01-04T00:00:00,31/08/2010,Ordinaria,1,41.90904,12.47074,1
1079,9678,0,"P.za della Liberta', 5/6",RUSCIGNO GIULIANO,01066810589,192,58091,ROMA,-,58,RM,ROMA,120,LAZIO,2005-01-01T00:00:00,31/03/2007,Ordinaria,1,41.90904,12.47074,1
1080,9679,0,"Largo Donaggio, 9/10",CONFORTI FERNANDA,07857080589,168,58091,ROMA,-,58,RM,ROMA,120,LAZIO,2005-01-01T00:00:00,30/09/2010,Ordinaria,1,41.92368,12.57115,1
1081,9679,0,"Largo Donaggio, 9/10",CONFORTI FERNANDA,01101920583,168,58091,ROMA,-,58,RM,ROMA,120,LAZIO,2010-01-10T00:00:00,-,Ordinaria,1,41.92368,12.57115,1
1082,9680,0,"Piazza Capecelatro, 7",SCIORILLI CLELIA,01111570584,168,58091,ROMA,-,58,RM,ROMA,120,LAZIO,2005-01-01T00:00:00,28/02/2011,Ordinaria,1,41.92368,12.57115,1
1083,9680,0,"Piazza Capecelatro, 7",COLAPINTO ISABELLA,11220531005,168,58091,ROMA,-,58,RM,ROMA,120,LAZIO,2011-01-03T00:00:00,-,Ordinaria,1,41.92368,12.57115,1
1084,9681,0,"Via S. Bernadette, 55",ROMOLO ROMANO,-,167,58091,ROMA,-,58,RM,ROMA,120,LAZIO,2005-01-01T00:00:00,30/09/2010,Ordinaria,1,41.92368,12.57115,1
1085,9681,0,"Via S. Bernadette, 55",SAN PIO DOTT.RISOLIMANDO PAOLINO SAS,12987941007,167,58091,ROMA,-,58,RM,ROMA,120,LAZIO,2015-01-06T00:00:00,-,Ordinaria,1,41.92368,12.57115,1
1086,9681,0,"Via S. Bernadette, 55",SAN PIO DOTT.RISOLIMANDO PAOLINO SAS,12827211009,167,58091,ROMA,-,58,RM,ROMA,120,LAZIO,2015-01-04T00:00:00,31/05/2015,Ordinaria,1,41.92368,12.57115,1
1087,9681,0,"Via S. Bernadette, 55",EREDI DOTT. ROMOLO ROMANO,12827211009,167,58091,ROMA,-,58,RM,ROMA,120,LAZIO,2010-01-10T00:00:00,31/03/2015,Ordinaria,1,41.92368,12.57115,1
1088,9682,0,"Via Pietro Maffi, 74 A e B",COLAPINTO SAS DR.SSA COLAPINTO FRANCESCA SOFIA,09204301007,168,58091,ROMA,-,58,RM,ROMA,120,LAZIO,2007-01-07T00:00:00,-,Ordinaria,1,41.92369,12.41822,1
1089,9682,0,"Via Pietro Maffi, 74 A e B",COLAPINTO LEONARDO,05418151006,168,58091,ROMA,-,58,RM,ROMA,120,LAZIO,2005-01-01T00:00:00,30/06/2007,Ordinaria,1,41.92369,12.41822,1
1090,9683,0,"Piazzale Clodio, 54",GALLO ADRIANA,00170690580,195,58091,ROMA,-,58,RM,ROMA,120,LAZIO,2005-01-01T00:00:00,28/02/2011,Ordinaria,1,41.91688,12.45443,1
1091,9683,0,"Piazzale Clodio, 54",ERCOLANI CRISTINA,09158331000,195,58091,ROMA,-,58,RM,ROMA,120,LAZIO,2011-01-03T00:00:00,-,Ordinaria,1,41.91688,12.45443,1
1092,9684,0,"Via Giuseppe Girolami, 6",SPAGNOLI FRANCESCO,01414120582,168,58091,ROMA,-,58,RM,ROMA,120,LAZIO,2005-01-01T00:00:00,31/08/2010,Ordinaria,1,41.92928,12.41651,1
1093,9684,0,"Via Giuseppe Girolami, 6",SPAGNOLI FRANCESCO,10291571007,168,58091,ROMA,-,58,RM,ROMA,120,LAZIO,2010-01-09T00:00:00,-,Ordinaria,1,41.92928,12.41651,1
1094,9685,0,"Via Fosso del Poggio, 9/a",GATTI GIANPAOLO,01798910582,189,58091,ROMA,-,58,RM,ROMA,120,LAZIO,2005-01-01T00:00:00,-,Ordinaria,1,41.97578,12.44043,1
1095,9686,0,"Via Aurelia, 712/D",RAPISARDA RIZZO OLIMPIA & C. SNC,09182641002,165,58091,ROMA,-,58,RM,ROMA,120,LAZIO,2007-01-10T00:00:00,-,Ordinaria,1,41.92368,12.57115,1
1096,9686,0,"Via Aurelia, 712/D",RAPISARDA RIZZO GIUSEPPE,01447410588,165,58091,ROMA,-,58,RM,ROMA,120,LAZIO,2005-01-01T00:00:00,30/09/2007,Ordinaria,1,41.92368,12.57115,1
1097,9687,0,"Via D. Galimberti, 21/23",Farmacia Eredi Cappelli,10125531003,136,58091,ROMA,-,58,RM,ROMA,120,LAZIO,2008-01-07T00:00:00,-,Ordinaria,1,41.92368,12.57115,1
1098,9687,0,"Via D. Galimberti, 21/23",CAPPELLI GIUSEPPE,03625800580,136,58091,ROMA,-,58,RM,ROMA,120,LAZIO,2005-01-01T00:00:00,30/06/2008,Ordinaria,1,41.92368,12.57115,1
1099,9688,0,"Via Giuseppe Bonaccorsi, 32",DELLE FRATTE ANDREA,07496451001,167,58091,ROMA,-,58,RM,ROMA,120,LAZIO,2005-01-01T00:00:00,31/10/2014,Ordinaria,1,41.9031,12.43834,1
1100,9688,0,"Viale di Valle Aurelia, 73 A/B",DELLE FRATTE ANDREA,07496451001,167,58091,ROMA,-,58,RM,ROMA,120,LAZIO,2014-01-11T00:00:00,-,Ordinaria,1,41.9031,12.43834,1
1101,9689,0,"Via Gregorio VII, 129",MANNUCCI ANTONIO,02810410585,165,58091,ROMA,-,58,RM,ROMA,120,LAZIO,2005-01-01T00:00:00,30/09/2007,Ordinaria,1,41.89614,12.44191,1
1102,9689,0,"Via Gregorio VII, 129",MANNUCCI SALVATORE ALFREDO,09131751001,165,58091,ROMA,-,58,RM,ROMA,120,LAZIO,2007-01-10T00:00:00,-,Ordinaria,1,41.89614,12.44191,1
1103,9690,0,"Piazzale Gregorio VII, 20/21",GUERRA - DR.SSA VALENTINA BORNEO,02798240582,165,58091,ROMA,-,58,RM,ROMA,120,LAZIO,2010-01-10T00:00:00,-,Ordinaria,1,41.8993,12.45142,1
1104,9690,0,"P.le Gregorio VII, 20/21",GUERRA - DR.SSA VALENTINA BORNEO,05915511215,165,58091,ROMA,-,58,RM,ROMA,120,LAZIO,2008-01-02T00:00:00,30/09/2010,Ordinaria,1,41.8993,12.45142,1
1105,9690,0,"P.le Gregorio VII, 20/21",GUERRA ERNESTA,02798240582,165,58091,ROMA,-,58,RM,ROMA,120,LAZIO,2005-01-01T00:00:00,31/01/2008,Ordinaria,1,41.8993,12.45142,1
1106,9691,0,"Via P. Maffi, 130",BEDESCHI PATRIZIA,02921560583,168,58091,ROMA,-,58,RM,ROMA,120,LAZIO,2014-01-11T00:00:00,-,Ordinaria,1,41.92368,12.57115,1
1107,9691,0,"Via P. Maffi, 115",BEDESCHI PATRIZIA,02921560583,168,58091,ROMA,-,58,RM,ROMA,120,LAZIO,2010-01-09T00:00:00,31/10/2014,Ordinaria,1,41.92368,12.57115,1
1108,9691,0,"Via P. Maffi, 115",BEDESCHI PATRIZIA,01275700589,168,58091,ROMA,-,58,RM,ROMA,120,LAZIO,2005-01-01T00:00:00,31/08/2010,Ordinaria,1,41.92368,12.57115,1
1109,9692,0,"Via De Viti De Marco, 48/D/E",GRANA DI PIETRO E SABINA GRANA SNC,10062781009,191,58091,ROMA,-,58,RM,ROMA,120,LAZIO,2009-01-11T00:00:00,-,Ordinaria,1,41.97178,12.49198,1
1110,9692,0,"Via Flaminia Nuova, 248",GRANA DI PIETRO E SABINA GRANA SNC,-,191,58091,ROMA,-,58,RM,ROMA,120,LAZIO,2005-01-01T00:00:00,31/10/2009,Ordinaria,1,41.97178,12.49198,1
1111,9693,0,"Via L. Bodio, 73",DI ROLLO ROBERTO,03537680583,191,58091,ROMA,-,58,RM,ROMA,120,LAZIO,2010-01-09T00:00:00,-,Ordinaria,1,41.94501,12.46426,1
1112,9693,0,"Via L. Bodio, 73",DI ROLLO ROBERTO,09732140588,191,58091,ROMA,-,58,RM,ROMA,120,LAZIO,2005-01-01T00:00:00,31/08/2010,Ordinaria,1,41.94501,12.46426,1
1113,9694,0,"Via Mattia Battistini, 67",TORELLI SAS DI TORELLI MARIA GRAZIA,09633841003,167,58091,ROMA,-,58,RM,ROMA,120,LAZIO,2008-01-01T00:00:00,-,Ordinaria,1,41.90477,12.41027,1
1114,9694,0,"Via Mattia Battistini, 67",SCAGNOLI EULALIA,03362340584,167,58091,ROMA,-,58,RM,ROMA,120,LAZIO,2005-01-01T00:00:00,31/12/2007,Ordinaria,1,41.90477,12.41027,1
1115,9695,0,"Largo Giannina Milli, 17-18-18/a",NOCERINO GUIDO,04720400581,135,58091,ROMA,-,58,RM,ROMA,120,LAZIO,2005-01-01T00:00:00,31/05/2015,Ordinaria,1,41.92368,12.57115,1
1116,9695,0,"Largo Giannina Milli, 17-18-18/a",NOCERINO DOTT. GUIDO SNC,13228671007,135,58091,ROMA,-,58,RM,ROMA,120,LAZIO,2015-01-06T00:00:00,-,Ordinaria,1,41.92368,12.57115,1
1117,9696,0,"Via Cassia, 840",SORRENTINO UGO,12493391002,189,58091,ROMA,-,58,RM,ROMA,120,LAZIO,2015-01-02T00:00:00,-,Ordinaria,1,42.08192,12.37295,1
1118,9696,0,"Via Cassia, 838/842",CASSIA 383 DI MASSIMO SGRICCIA E CO. SNC,11093751003,189,58091,ROMA,-,58,RM,ROMA,120,LAZIO,2011-01-07T00:00:00,31/01/2015,Ordinaria,1,42.08192,12.37295,1
1119,9696,0,"Via Cassia, 838/842",FILIPPONE ANTONELLO,03836340582,189,58091,ROMA,-,58,RM,ROMA,120,LAZIO,2005-01-01T00:00:00,30/06/2011,Ordinaria,1,42.08192,12.37295,1
1120,9697,0,"Via San Pio X, 1/a",SAN PIETRO,-,193,58091,ROMA,-,58,RM,ROMA,120,LAZIO,2005-01-01T00:00:00,30/04/2007,Ordinaria,1,41.90202,12.46319,1
1121,9698,0,"Via Borgo Pio, 44/A",LAZZARO RAFFAELLA,03932040581,193,58091,ROMA,-,58,RM,ROMA,120,LAZIO,2010-01-10T00:00:00,28/02/2013,Ordinaria,1,41.92368,12.57115,1
1122,9698,0,"Via Borgo Pio, 44/A",LAZZARO RAFFAELLA,01057861005,193,58091,ROMA,-,58,RM,ROMA,120,LAZIO,2005-01-01T00:00:00,30/09/2010,Ordinaria,1,41.92368,12.57115,1
1123,9698,0,"Borgo Pio, 44/A",LAZZARO RAFFAELLA,03932040581,193,58091,ROMA,-,58,RM,ROMA,120,LAZIO,2013-01-03T00:00:00,-,Ordinaria,1,41.92368,12.57115,1
1124,9699,0,"Largo Cervinia, 23",IGEA DR.SSA INGRIA MARIA CATENA,04899500583,135,58091,ROMA,-,58,RM,ROMA,120,LAZIO,2005-01-01T00:00:00,31/01/2008,Ordinaria,1,41.93436,12.43993,1
1125,9699,0,"Largo Cervinia, 23",IGEA SNC DI INGRIA MARIA CATENA E LUPOI CARLA,09849131009,135,58091,ROMA,-,58,RM,ROMA,120,LAZIO,2008-01-02T00:00:00,-,Ordinaria,1,41.93436,12.43993,1
1126,9700,0,"Via Cassia, 1346/1348",COCCI AMALIA MARIA VITTORIA,05115770587,123,58091,ROMA,-,58,RM,ROMA,120,LAZIO,2010-01-10T00:00:00,-,Ordinaria,1,42.08192,12.37295,1
1127,9700,0,"Via Cassia, 1346/1348",COCCI AMALIA MARIA VITTORIA,05195571004,123,58091,ROMA,-,58,RM,ROMA,120,LAZIO,2005-01-01T00:00:00,30/09/2010,Ordinaria,1,42.08192,12.37295,1
1128,9701,0,"Via Cassia, 648",MARZOCCA VITO,06347261007,189,58091,ROMA,-,58,RM,ROMA,120,LAZIO,2005-01-01T00:00:00,31/08/2007,Ordinaria,1,42.08192,12.37295,1
1129,9701,0,"Via Cassia, 648/B",TRAVAGLINI DR. LUCA,01928070661,189,58091,ROMA,-,58,RM,ROMA,120,LAZIO,2013-01-05T00:00:00,-,Ordinaria,1,42.08192,12.37295,1
1130,9701,0,"Via Cassia, 648",MARZOCCA VITO,-,189,58091,ROMA,-,58,RM,ROMA,120,LAZIO,2007-01-09T00:00:00,30/04/2013,Ordinaria,1,42.08192,12.37295,1
1131,9702,0,"Via di Selva Candida, 389/A",LA FENICIA 2 DEL DOTT. STEFANO OLIVA & C. SAS,09443201000,166,58091,ROMA,-,58,RM,ROMA,120,LAZIO,2008-01-02T00:00:00,28/02/2013,Ordinaria,1,41.92368,12.57115,1
1132,9702,0,"Via Nosate, 10-18",LA FENICIA 2 DEL DOTT. STEFANO OLIVA & C. SAS,09443201000,166,58091,ROMA,-,58,RM,ROMA,120,LAZIO,2013-01-03T00:00:00,-,Ordinaria,1,41.92368,12.57115,1
1133,9702,0,"Via di Selva Candida, 389/A",LA FENICIA DOTT. STEFANO OLIVA,07743641008,166,58091,ROMA,-,58,RM,ROMA,120,LAZIO,2005-01-01T00:00:00,31/01/2008,Ordinaria,1,41.92368,12.57115,1
1134,9703,0,"Via Trionfale, 118",RE CLELIA,05868660589,195,58091,ROMA,-,58,RM,ROMA,120,LAZIO,2005-01-01T00:00:00,-,Ordinaria,1,41.92368,12.57115,1
1135,9704,0,"Via E. Bondi, 64",MARTINO VITTORIO,06076900585,166,58091,ROMA,-,58,RM,ROMA,120,LAZIO,2005-01-01T00:00:00,-,Ordinaria,1,41.92368,12.57115,1
1136,9705,0,"Via S. Godenzo, 68",ANTINORI ELISABETTA,00618970586,189,58091,ROMA,-,58,RM,ROMA,120,LAZIO,2005-01-01T00:00:00,28/02/2013,Ordinaria,1,41.96009,12.45335,1
1137,9705,0,"Via S. Godenzo, 68",SAN GODENZO SAS,00618970586,189,58091,ROMA,-,58,RM,ROMA,120,LAZIO,2013-01-03T00:00:00,-,Ordinaria,1,41.96009,12.45335,1
1138,9706,0,"Via Emma Carelli, 4",MARCUCCI ANTONIETTA,06482490586,168,58091,ROMA,-,58,RM,ROMA,120,LAZIO,2005-01-01T00:00:00,31/12/2007,Ordinaria,1,41.92402,12.42198,1
1139,9706,0,"Via Emma Carelli, 4",MARCUCCI ANTONIETTA,06432490586,168,58091,ROMA,-,58,RM,ROMA,120,LAZIO,2008-01-01T00:00:00,-,Ordinaria,1,41.92402,12.42198,1
1140,9707,0,"Via Circonvallazione Cornelia, 289",PASSALACQUA SIMONETTA,06429780585,167,58091,ROMA,-,58,RM,ROMA,120,LAZIO,2013-01-01T00:00:00,-,Ordinaria,1,41.92368,12.57115,1
1141,9707,0,"Via G.D. Paracciani, 12",PASSALACQUA SIMONETTA,-,167,58091,ROMA,-,58,RM,ROMA,120,LAZIO,2005-01-01T00:00:00,31/12/2012,Ordinaria,1,41.92368,12.57115,1
1142,9708,0,"Via F. Cherubini, 34",SILVESTRINI PAOLA,06580860580,135,58091,ROMA,-,58,RM,ROMA,120,LAZIO,2005-01-01T00:00:00,-,Ordinaria,1,41.92368,12.57115,1
1143,9709,0,"Via F. Massimo, 74/76/78",FABIO MASSIMO,06902390589,192,58091,ROMA,-,58,RM,ROMA,120,LAZIO,2010-01-10T00:00:00,-,Ordinaria,1,41.92368,12.57115,1
1144,9709,0,"Via F. Massimo, 74/76/78",FABIO MASSIMO,10655630589,192,58091,ROMA,-,58,RM,ROMA,120,LAZIO,2005-01-01T00:00:00,30/09/2010,Ordinaria,1,41.92368,12.57115,1
1145,9710,0,"Via San Giorgio Morgeto, 169-173",COMUNALE GREGNA S. ANDREA,05903241007,173,58091,ROMA,-,58,RM,ROMA,120,LAZIO,2007-01-09T00:00:00,-,Ordinaria,1,41.83577,12.58681,1
1146,9710,0,"Via San Giorgio Morgeto, 169-173",COMUNALE GREGNA S. ANDREA,07116740585,173,58091,ROMA,-,58,RM,ROMA,120,LAZIO,2005-01-01T00:00:00,31/08/2007,Ordinaria,1,41.83577,12.58681,1
1147,9711,0,"Via Ferraironi, 25",COMUNALE CASILINO 23,06222181007,172,58091,ROMA,-,58,RM,ROMA,120,LAZIO,2005-01-01T00:00:00,31/08/2007,Ordinaria,1,41.92368,12.57115,1
1148,9711,0,"Via Ferraironi, 25",COMUNALE CASILINO 23,05903241007,172,58091,ROMA,-,58,RM,ROMA,120,LAZIO,2007-01-09T00:00:00,-,Ordinaria,1,41.92368,12.57115,1
1149,9712,0,"Via Simone Saint Bon, 91",MARCHETTI LUISA,06749270580,195,58091,ROMA,-,58,RM,ROMA,120,LAZIO,2005-01-01T00:00:00,-,Ordinaria,1,41.91386,12.45604,1
1150,9713,0,"Via di Boccea, 184",RICCARDI RICCARDO,07116740585,167,58091,ROMA,-,58,RM,ROMA,120,LAZIO,2005-01-01T00:00:00,-,Ordinaria,1,41.91086,12.39904,1
1151,9714,0,"Piazza Risorgimento, 44/45",BRIENZA GIANCARLO,07430720586,192,58091,ROMA,-,58,RM,ROMA,120,LAZIO,2008-01-01T00:00:00,30/06/2015,Ordinaria,1,41.99832,12.09884,1
1152,9714,0,"Piazza Risorgimento, 44/45",BRIENZA GIANCARLO,01884050608,192,58091,ROMA,-,58,RM,ROMA,120,LAZIO,2005-01-01T00:00:00,31/12/2007,Ordinaria,1,41.99832,12.09884,1
1153,9714,0,"Piazza Risorgimento, 44/45",RISORGIMENTO SNC DEL DOTT. GIANCARLO BRIENZA & C.,13125741002,192,58091,ROMA,-,58,RM,ROMA,120,LAZIO,2015-01-07T00:00:00,-,Ordinaria,1,41.99832,12.09884,1
1154,9715,0,"Via di Valle Muricana, 369",ONOFRI DANIELA,07345350586,188,58091,ROMA,-,58,RM,ROMA,120,LAZIO,2005-01-01T00:00:00,-,Ordinaria,1,42.0056,12.48208,1
1155,9716,0,"Via R. R. Pereira, 217/a",GERARDINI RENATA,07642400589,136,58091,ROMA,-,58,RM,ROMA,120,LAZIO,2005-01-01T00:00:00,-,Ordinaria,1,41.92368,12.57115,1
1156,9717,0,"Via Archeologia, 58",COMUNALE TOR BELLA MONACA,07754091002,133,58091,ROMA,-,58,RM,ROMA,120,LAZIO,2005-01-01T00:00:00,31/08/2007,Ordinaria,1,41.92368,12.57115,1
1157,9717,0,"Via Archeologia, 58",COMUNALE TOR BELLA MONACA,05903241007,133,58091,ROMA,-,58,RM,ROMA,120,LAZIO,2007-01-09T00:00:00,-,Ordinaria,1,41.92368,12.57115,1
1158,9718,0,"Via P. De Calboli, 12",FETTARAPPA MARINA,08069020587,195,58091,ROMA,-,58,RM,ROMA,120,LAZIO,2005-01-01T00:00:00,-,Ordinaria,1,41.92368,12.57115,1
1159,9719,0,"Via M. Battistini, 184a/b",BUSONERO BERNARDINO,03094590589,167,58091,ROMA,-,58,RM,ROMA,120,LAZIO,2005-01-01T00:00:00,30/09/2010,Ordinaria,1,41.92368,12.57115,1
1160,9719,0,"Via M. Battistini, 184a/b",BUSONERO BERNARDINO,08056200580,167,58091,ROMA,-,58,RM,ROMA,120,LAZIO,2010-01-10T00:00:00,-,Ordinaria,1,41.92368,12.57115,1
1161,9720,0,"Via Trionfale, 8578",BAVARO VITO NICOLA,03245510585,135,58091,ROMA,-,58,RM,ROMA,120,LAZIO,2008-01-01T00:00:00,-,Ordinaria,1,41.98493,12.40688,1
1162,9720,0,"Via Trionfale, 8578",BAVARO VITO NICOLA,01111570584,135,58091,ROMA,-,58,RM,ROMA,120,LAZIO,2005-01-01T00:00:00,31/12/2007,Ordinaria,1,41.98493,12.40688,1
1163,9721,0,"Viale Angelico, 86",NICCOLINI GUIDO,08199540587,195,58091,ROMA,-,58,RM,ROMA,120,LAZIO,2005-01-01T00:00:00,-,Ordinaria,1,41.91657,12.45841,1
1164,9722,0,"V.le A. Ciamarra, 66/68",COMUNALE QUADRARO - CINECITTA' EST,05903241007,173,58091,ROMA,-,58,RM,ROMA,120,LAZIO,2013-01-03T00:00:00,-,Ordinaria,1,41.92368,12.57115,1
1165,9722,0,"V.le A. Ciamarra, 98/100",COMUNALE QUADRARO - CINECITTA' EST,05903241007,173,58091,ROMA,-,58,RM,ROMA,120,LAZIO,2007-01-09T00:00:00,28/02/2013,Ordinaria,1,41.92368,12.57115,1
1166,9722,0,"V.le A. Ciamarra, 98/100",COMUNALE CINECITTA' EST,06283221007,173,58091,ROMA,-,58,RM,ROMA,120,LAZIO,2005-01-01T00:00:00,31/08/2007,Ordinaria,1,41.92368,12.57115,1
1167,9723,0,"Corso Francia, 172-174-176",MARTE SAS DI MARCO E MARIA TERESA GALLOTTA,13066941009,191,58091,ROMA,-,58,RM,ROMA,120,LAZIO,2015-01-03T00:00:00,-,Ordinaria,1,41.93501,12.47184,1
1168,9723,0,"Corso Francia, 176",RIZZO GAETANO,08549380585,191,58091,ROMA,-,58,RM,ROMA,120,LAZIO,2005-01-01T00:00:00,31/08/2008,Ordinaria,1,41.93501,12.47184,1
1169,9723,0,"Corso Francia, 172-174-176",GIUDICE DEL DOTT. GAETANO RIZZO & C. SAS,09671391002,191,58091,ROMA,-,58,RM,ROMA,120,LAZIO,2008-01-09T00:00:00,28/02/2015,Ordinaria,1,41.93501,12.47184,1
1170,9724,0,"Via Cassia, 942",IANNI DEI DR.I EMIRENE E GIANLUCA IANNI SNC,03583501006,189,58091,ROMA,-,58,RM,ROMA,120,LAZIO,2005-01-01T00:00:00,-,Ordinaria,1,42.08192,12.37295,1
1171,9725,0,"Via della Cellulosa, 42/42A",TASSIELLI VINCENZO,08714720581,166,58091,ROMA,-,58,RM,ROMA,120,LAZIO,2005-01-01T00:00:00,-,Ordinaria,1,41.92117,12.36546,1
1172,9726,0,"Via Gregorio VII, 154/a",LATTANZI INES MARIA,08777490585,165,58091,ROMA,-,58,RM,ROMA,120,LAZIO,2005-01-01T00:00:00,-,Ordinaria,1,41.89614,12.44191,1
1173,9727,0,"Via Oslavia, 66",D' ATTILIO ALDO,08549380585,195,58091,ROMA,-,58,RM,ROMA,120,LAZIO,2005-01-01T00:00:00,31/08/2010,Ordinaria,1,41.91785,12.46241,1
1174,9727,0,"Via Oslavia, 66",D' ATTILIO ALDO,08681830587,195,58091,ROMA,-,58,RM,ROMA,120,LAZIO,2010-01-09T00:00:00,-,Ordinaria,1,41.91785,12.46241,1
1175,9728,0,"Via Calisto II, 20",PAOLA TERESA RICCARDI  snc,10221921009,167,58091,ROMA,-,58,RM,ROMA,120,LAZIO,2010-01-10T00:00:00,31/01/2015,Ordinaria,1,41.91079,12.42327,1
1176,9728,0,"Via Clemente X, 47",PAOLA TERESA RICCARDI  snc,10221921009,167,58091,ROMA,-,58,RM,ROMA,120,LAZIO,2015-01-02T00:00:00,-,Ordinaria,1,41.91079,12.42327,1
1177,9728,0,"Via Calisto II, 20",RICCARDI PAOLA TERESA,08948230589,167,58091,ROMA,-,58,RM,ROMA,120,LAZIO,2005-01-01T00:00:00,30/09/2010,Ordinaria,1,41.91079,12.42327,1
1178,9729,0,"Via Monti della Valchetta, 74-76-76/A-76/B",RIZZO DONATELLA,08965250585,188,58091,ROMA,-,58,RM,ROMA,120,LAZIO,2005-01-01T00:00:00,30/11/2007,Ordinaria,1,41.92368,12.57115,1
1179,9729,0,"Via Monti della Valchetta, 74-76-76/A-76/B",RIZZO DELLE DR.SSE RIZZO DONATELLA E DANIELA SNC,09321321003,188,58091,ROMA,-,58,RM,ROMA,120,LAZIO,2007-01-12T00:00:00,-,Ordinaria,1,41.92368,12.57115,1
1180,9731,0,"Via del Torraccio di Torrenova ,93",COMUNALE TORRACCIO TORRENOVA,05903241007,133,58091,ROMA,-,58,RM,ROMA,120,LAZIO,2007-01-09T00:00:00,-,Ordinaria,1,41.86571,12.62905,1
1181,9731,0,Piazza Torraccio di Torrenova snc,COMUNALE TORRACCIO TORRENOVA,07787210587,133,58091,ROMA,-,58,RM,ROMA,120,LAZIO,2005-01-01T00:00:00,31/08/2007,Ordinaria,1,41.86571,12.62905,1
1182,9732,0,"Via Cipro, 42/44",FRATTURA SAS,09141060583,136,58091,ROMA,-,58,RM,ROMA,120,LAZIO,2005-01-01T00:00:00,-,Ordinaria,1,41.90688,12.44635,1
1183,9733,0,"Piazzale Medaglie D'Oro, 73",SBRIGOLI ROMANO,09202940582,136,58091,ROMA,-,58,RM,ROMA,120,LAZIO,2005-01-01T00:00:00,-,Ordinaria,1,41.92368,12.57115,1
1184,9734,0,"Largo Maccagno, 16/a",POLLICINA FRANCESCO,09232410580,136,58091,ROMA,-,58,RM,ROMA,120,LAZIO,2005-01-01T00:00:00,-,Ordinaria,1,41.91623,12.43904,1
1185,9735,0,"Via Cornelia, 65",HALLGASS ALESSANDRO,09254300586,166,58091,ROMA,-,58,RM,ROMA,120,LAZIO,2005-01-01T00:00:00,-,Ordinaria,1,41.89241,12.3844,1
1186,9736,0,"Via della Villa di Livia, 44",GATTI LAURA,09271610587,188,58091,ROMA,-,58,RM,ROMA,120,LAZIO,2005-01-01T00:00:00,-,Ordinaria,1,42.00623,12.4923,1
1187,9737,0,"Piazza Pio XI, 30",IANNOTTA DELLA DR.SSA IANNOTTA MARIA TERESA SAS,09348380586,165,58091,ROMA,-,58,RM,ROMA,120,LAZIO,2005-01-01T00:00:00,31/08/2010,Ordinaria,1,41.89498,12.43853,1
1188,9737,0,"Piazza Pio XI, 30",IANNOTTA DELLA DR.SSA IANNOTTA MARIA TERESA SAS,10086901005,165,58091,ROMA,-,58,RM,ROMA,120,LAZIO,2010-01-09T00:00:00,-,Ordinaria,1,41.89498,12.43853,1
1189,9738,0,"Via di Boccea, 43",DEI GIURECONSULTI SNC,09245800587,165,58091,ROMA,-,58,RM,ROMA,120,LAZIO,2013-01-03T00:00:00,-,Ordinaria,1,41.89977,12.42787,1
1190,9738,0,"Via Accursio, 6/B",DEI GIURECONSULTI SNC,09245800587,165,58091,ROMA,-,58,RM,ROMA,120,LAZIO,2005-01-01T00:00:00,28/02/2013,Ordinaria,1,41.89977,12.42787,1
1191,9739,0,"Via Flaminia Vecchia, 673",RALLO SANDRA E SILVIA SNC,08666660587,191,58091,ROMA,-,58,RM,ROMA,120,LAZIO,2010-01-10T00:00:00,-,Ordinaria,1,41.92368,12.57115,1
1192,9739,0,"Via Flaminia Vecchia, 673",RALLO SILVIA,08666660587,191,58091,ROMA,-,58,RM,ROMA,120,LAZIO,2005-01-01T00:00:00,31/08/2008,Ordinaria,1,41.92368,12.57115,1
1193,9739,0,"Via Flaminia Vecchia, 673",RALLO SANDRA E SILVIA SNC,09936531004,191,58091,ROMA,-,58,RM,ROMA,120,LAZIO,2008-01-09T00:00:00,30/09/2010,Ordinaria,1,41.92368,12.57115,1
1194,9740,0,"Piazza Cola di Rienzo, 31",RICCI DR. LAMBERTO EREDI DR.SSA ANGELA MASTRORILLI & C. SNC,04444711008,192,58091,ROMA,-,58,RM,ROMA,120,LAZIO,2015-01-07T00:00:00,-,Ordinaria,1,41.90841,12.46705,1
1195,9740,0,"Piazza Cola di Rienzo, 31",EREDI RICCI DR. LAMBERTO,04444711008,192,58091,ROMA,-,58,RM,ROMA,120,LAZIO,2008-01-01T00:00:00,30/06/2015,Ordinaria,1,41.90841,12.46705,1
1196,9740,0,"Piazza Cola di Rienzo, 31",EREDI RICCI DR. LAMBERTO,10406120583,192,58091,ROMA,-,58,RM,ROMA,120,LAZIO,2005-01-01T00:00:00,31/12/2007,Ordinaria,1,41.90841,12.46705,1
1197,9741,0,"Via della Farnesina, 145/147",SALSANO DI BASSO G. E M.R. SNC,03010010589,194,58091,ROMA,-,58,RM,ROMA,120,LAZIO,2005-01-01T00:00:00,31/08/2010,Ordinaria,1,41.94284,12.45977,1
1198,9741,0,"Via della Farnesina, 145/147",SALSANO DI BASSO G. E M.R. SNC,04364861007,194,58091,ROMA,-,58,RM,ROMA,120,LAZIO,2010-01-09T00:00:00,-,Ordinaria,1,41.94284,12.45977,1
1199,9742,0,"Via F. Nicolai, 105",SERRAINO ALBERTO MARIA,-,136,58091,ROMA,-,58,RM,ROMA,120,LAZIO,2005-01-01T00:00:00,-,Ordinaria,1,41.92368,12.57115,1
1200,9743,0,"Via della Balduina, 132",CERULLI GABRIELLA E FIORELLA SNC,04513201006,136,58091,ROMA,-,58,RM,ROMA,120,LAZIO,2010-01-10T00:00:00,-,Ordinaria,1,41.91642,12.44195,1
1201,9743,0,"Via della Balduina, 132",CERULLI GABRIELLA E FIORELLA SNC,04753491002,136,58091,ROMA,-,58,RM,ROMA,120,LAZIO,2005-01-01T00:00:00,30/09/2010,Ordinaria,1,41.91642,12.44195,1
1202,9744,0,"Via degli Scipioni, 59",LENTINI MARIA TERESA,11392681000,192,58091,ROMA,-,58,RM,ROMA,120,LAZIO,2011-01-07T00:00:00,-,Ordinaria,1,41.91113,12.46856,1
1203,9744,0,"Via degli Scipioni, 59",EREDI BLASI LUCIANO,01392740583,192,58091,ROMA,-,58,RM,ROMA,120,LAZIO,2005-01-01T00:00:00,30/06/2011,Ordinaria,1,41.91113,12.46856,1
1204,9745,0,"Via Cogoleto, 100/102",GALENO DI PASQUALE CATALANO SNC,09157191009,168,58091,ROMA,-,58,RM,ROMA,120,LAZIO,2007-01-04T00:00:00,-,Ordinaria,1,41.92762,12.4233,1
1205,9745,0,"Via Cogoleto, 100/102",GALENO DI PASQUALE CATALANO SNC,04537821003,168,58091,ROMA,-,58,RM,ROMA,120,LAZIO,2005-01-01T00:00:00,31/03/2007,Ordinaria,1,41.92762,12.4233,1
1206,9746,0,"Via del Millesimo, 25",MAGNANIMI LAURA,09603080582,168,58091,ROMA,-,58,RM,ROMA,120,LAZIO,2005-01-01T00:00:00,-,Ordinaria,1,41.92368,12.57115,1
1207,9747,0,"Via L. Settembrini, 29/31",BASCHIERI FRANCESCO,09617440582,195,58091,ROMA,-,58,RM,ROMA,120,LAZIO,2005-01-01T00:00:00,-,Ordinaria,1,42.00278,12.63526,1
1208,9748,0,"Via Leone IV, 34",LEONE IV DOTT. LOLLI LUCA,09509841004,192,58091,ROMA,-,58,RM,ROMA,120,LAZIO,2007-01-07T00:00:00,31/07/2012,Ordinaria,1,41.90603,12.48004,1
1209,9748,0,"Via Leone IV, 34",LEONE IV SNC DI COLAVECCHI-LOLLI,01057861005,192,58091,ROMA,-,58,RM,ROMA,120,LAZIO,2005-01-01T00:00:00,30/06/2007,Ordinaria,1,41.90603,12.48004,1
1210,9749,0,"Via del Forte Braschi, 20",LENTINI DI P. E M. LENTINI SNC,04567221009,167,58091,ROMA,-,58,RM,ROMA,120,LAZIO,2005-01-01T00:00:00,-,Ordinaria,1,41.91283,12.41876,1
1211,9750,0,"Via Jacopo Magnolino, 1",FARMACIE SAN RAFFAELE SAS,11429991000,133,58091,ROMA,-,58,RM,ROMA,120,LAZIO,2012-01-05T00:00:00,28/02/2015,Ordinaria,1,41.92368,12.57115,1
1212,9750,0,"Via Jacopo Magnolino, 1",SANASI SAS DI SANASI RAFFAELE,09183011007,133,58091,ROMA,-,58,RM,ROMA,120,LAZIO,2007-01-12T00:00:00,30/04/2012,Ordinaria,1,41.92368,12.57115,1
1213,9750,0,"Via Jacopo Magnolino, 1",FARMACIE SAN RAFFAELE SAS DI BIANCA MARIA AIELLO,11429991000,133,58091,ROMA,-,58,RM,ROMA,120,LAZIO,2015-01-03T00:00:00,-,Ordinaria,1,41.92368,12.57115,1
1214,9750,0,"Via Jacopo Magnolino, 1",ASSALONE ANTONIA MARIA,00861870582,133,58091,ROMA,-,58,RM,ROMA,120,LAZIO,2005-01-01T00:00:00,30/11/2007,Ordinaria,1,41.92368,12.57115,1
1215,9751,0,"Via Casalotti, 1/c 1/d",FARMACIA SNC FANELLI SERENELLA,04765031002,166,58091,ROMA,-,58,RM,ROMA,120,LAZIO,2005-01-01T00:00:00,-,Ordinaria,1,41.92368,12.57115,1
1216,9752,0,"Piazzale Ponte Milvio, 15",SPADAZZI ANDREA & C. SNC,04849871001,191,58091,ROMA,-,58,RM,ROMA,120,LAZIO,2005-01-01T00:00:00,-,Ordinaria,1,41.92368,12.57115,1
1217,9753,0,"Largo A. Gemelli, 11",GEMELLI DRSSA RICCIARDI ADRIAN,10234680584,168,58091,ROMA,-,58,RM,ROMA,120,LAZIO,2010-01-09T00:00:00,-,Ordinaria,1,41.92368,12.57115,1
1218,9753,0,"Largo A. Gemelli, 11",GEMELLI DRSSA RICCIARDI ADRIAN,08766090586,168,58091,ROMA,-,58,RM,ROMA,120,LAZIO,2005-01-01T00:00:00,31/08/2010,Ordinaria,1,41.92368,12.57115,1
1219,9754,0,"Via Baldo degli Ubaldi, 196/B",ANNIBALDI AMERICO,09858860589,167,58091,ROMA,-,58,RM,ROMA,120,LAZIO,2005-01-01T00:00:00,-,Ordinaria,1,41.92368,12.57115,1
1220,9755,0,"Via Baldo degli Ubaldi, 97",COLE AURELIO PAGANO MARIANO IGNAZIO,09868540585,167,58091,ROMA,-,58,RM,ROMA,120,LAZIO,2013-01-03T00:00:00,30/06/2015,Ordinaria,1,41.89853,12.42977,1
1221,9755,0,"Via Baldo degli Ubaldi, 97",PAGANO MARIANO IGNAZIO,09868540585,167,58091,ROMA,-,58,RM,ROMA,120,LAZIO,2010-01-10T00:00:00,28/02/2013,Ordinaria,1,41.89853,12.42977,1
1222,9755,0,"Via Baldo degli Ubaldi, 97",COLLE AURELIO DOTT. IGNAZIO PAGANO MARIANO,09868540585,167,58091,ROMA,-,58,RM,ROMA,120,LAZIO,2015-01-07T00:00:00,-,Ordinaria,1,41.89853,12.42977,1
1223,9755,0,"Via Baldo degli Ubaldi, 97",PAGANO MARIANO IGNAZIO,-,167,58091,ROMA,-,58,RM,ROMA,120,LAZIO,2005-01-01T00:00:00,30/09/2010,Ordinaria,1,41.89853,12.42977,1
1224,9756,0,"Via Tibullo, 4",ALICICCO DEI DR.I M. ALICICCO E M. PANATTONI SNC,07558731001,193,58091,ROMA,-,58,RM,ROMA,120,LAZIO,2005-01-01T00:00:00,-,Ordinaria,1,41.72886,12.66682,1
1225,9757,0,"Via Isola Farnese, 4",IURLO MARIO & C. SNC,04560911002,123,58091,ROMA,LA STORTA ISOLA FARNESE,58,RM,ROMA,120,LAZIO,2008-01-01T00:00:00,-,Ordinaria,1,42.01686,12.38354,1
1226,9757,0,"Via Isola Farnese, 4",IURLO MARIO & C. SNC,01057861005,123,58091,ROMA,LA STORTA ISOLA FARNESE,58,RM,ROMA,120,LAZIO,2005-01-01T00:00:00,31/12/2007,Ordinaria,1,42.01686,12.38354,1
1227,9758,0,"Via Torrevecchia, 851-Ang. Tommaso Bernetti, 1",CONTARINA VITTORIO,08514141004,168,58091,ROMA,-,58,RM,ROMA,120,LAZIO,2005-01-01T00:00:00,-,Ordinaria,1,41.90151,12.46077,1
1228,9759,0,"Via Mazzini, 19 ang. Via Brofferio, 53",MAZZINI SNC DEL DOTT. SERRAINO SERGIO,-,195,58091,ROMA,-,58,RM,ROMA,120,LAZIO,2005-01-01T00:00:00,-,Ordinaria,1,41.92368,12.57115,1
1229,9760,0,"Via F. Cesi, 9/11",COSCONATI FULVIO,08004211002,193,58091,ROMA,-,58,RM,ROMA,120,LAZIO,2005-01-01T00:00:00,30/06/2007,Ordinaria,1,41.90663,12.47074,1
1230,9760,0,"Via F. Cesi, 9/11",RISERVATO ROBERTO,03291070781,193,58091,ROMA,-,58,RM,ROMA,120,LAZIO,2007-01-07T00:00:00,-,Ordinaria,1,41.90663,12.47074,1
1231,9761,0,"Via Anguillarese, 109/113",RIGANO ANDREA,10202850581,123,58091,ROMA,OSTERIA NUOVA,58,RM,ROMA,120,LAZIO,2005-01-01T00:00:00,-,Ordinaria,1,42.04583,12.3001,1
1232,9762,0,"Via Gregorio XI, 134",GREGORIO XI DOTT. GAETANO CORDIO,13209521007,166,58091,ROMA,-,58,RM,ROMA,120,LAZIO,2015-01-04T00:00:00,-,Ordinaria,1,41.8931,12.41036,1
1233,9762,0,"Via Gregorio XI, 134",BAHARI MOUNIR,00988150587,166,58091,ROMA,-,58,RM,ROMA,120,LAZIO,2005-01-01T00:00:00,31/08/2010,Ordinaria,1,41.8931,12.41036,1
1234,9762,0,"Via Gregorio XI, 134",BAHARI MOUNIR,10217710580,166,58091,ROMA,-,58,RM,ROMA,120,LAZIO,2010-01-09T00:00:00,31/03/2015,Ordinaria,1,41.8931,12.41036,1
1235,9763,0,"Via Cola di Rienzo, 215",COLA DI RIENZO DELLA DR.SSA  GLORIA FARGION SAS,11496351005,192,58091,ROMA,-,58,RM,ROMA,120,LAZIO,2012-01-03T00:00:00,-,Ordinaria,1,41.9069,12.46085,1
1236,9763,0,"Via Cola di Rienzo, 215",FARGION GLORIA,01091310589,192,58091,ROMA,-,58,RM,ROMA,120,LAZIO,2005-01-01T00:00:00,29/02/2012,Ordinaria,1,41.9069,12.46085,1
1237,9764,0,"Via Bevagna, 37 - P.zza M. da Spoleto 34",FARMACIA FLEMING Dr.ssa Malara Maria Grazia,09860340588,191,58091,ROMA,-,58,RM,ROMA,120,LAZIO,2005-01-01T00:00:00,-,Ordinaria,1,41.92368,12.57115,1
1238,9765,0,-,LETIZIA DI PERSICHELLA MAURO & C.SAS,01057861005,192,58091,ROMA,-,58,RM,ROMA,120,LAZIO,2005-01-01T00:00:00,31/05/2006,Ordinaria,1,41.90851,12.46102,1
1239,9765,0,"Via Germanico, 87/91",GERMANICO DI PERSICHELLA CLAUDIO,10235951000,192,58091,ROMA,-,58,RM,ROMA,120,LAZIO,2010-01-09T00:00:00,-,Ordinaria,1,41.90851,12.46102,1
1240,9765,0,"Via Germanico, 87/91",GERMANICO DI PERSICHELLA CLAUDIO,05224471002,192,58091,ROMA,-,58,RM,ROMA,120,LAZIO,2006-01-06T00:00:00,31/08/2010,Ordinaria,1,41.90851,12.46102,1
1241,9766,0,"Via della Stazione di Ottavia, 96",ANGELETTI RUGGERO,10223740589,135,58091,ROMA,-,58,RM,ROMA,120,LAZIO,2010-01-10T00:00:00,-,Ordinaria,1,41.96468,12.4032,1
1242,9766,0,"Via della Stazione di Ottavia, 96",ANGELETTI RUGGERO,00439120585,135,58091,ROMA,-,58,RM,ROMA,120,LAZIO,2005-01-01T00:00:00,30/09/2010,Ordinaria,1,41.96468,12.4032,1
1243,9767,0,"Via Pineta Sacchetti, 412-412a",PINETA SACCHETTI DI E. MURINO & FIGLIO SNC,09254471007,168,58091,ROMA,-,58,RM,ROMA,120,LAZIO,2007-01-12T00:00:00,31/03/2015,Ordinaria,1,41.92557,12.42594,1
1244,9767,0,"Via Pineta Sacchetti, 464",PINETA SACCHETTI DI E. MURINO & FIGLIO SNC,09254471007,168,58091,ROMA,-,58,RM,ROMA,120,LAZIO,2015-01-04T00:00:00,-,Ordinaria,1,41.92557,12.42594,1
1245,9767,0,"Via Pineta Sacchetti, 412-412a",MURINO ELISABETTA,10318530580,168,58091,ROMA,-,58,RM,ROMA,120,LAZIO,2005-01-01T00:00:00,30/11/2007,Ordinaria,1,41.92557,12.42594,1
1246,9768,0,"Viale Medaglie D'Oro, 417",GAONI DI PAOLO E ROBERTA GAONI SNC,04676731005,136,58091,ROMA,-,58,RM,ROMA,120,LAZIO,2005-01-01T00:00:00,-,Ordinaria,1,41.92298,12.44566,1
1247,9769,0,"Viale Antonio Ciamarra, 235",SABATINI DOMENICO,-,173,58091,ROMA,-,58,RM,ROMA,120,LAZIO,2005-01-01T00:00:00,-,Ordinaria,1,41.84943,12.59085,1
1248,9770,0,"Via delle Galline Bianche, snc",MOSCA MASSIMO,10271290586,188,58091,ROMA,-,58,RM,ROMA,120,LAZIO,2005-01-01T00:00:00,-,Ordinaria,1,41.90151,12.46077,1
1249,9771,0,"Piazza C. Mazzaresi, 40",RALLO GASPARE,10377640585,136,58091,ROMA,-,58,RM,ROMA,120,LAZIO,2005-01-01T00:00:00,28/02/2013,Ordinaria,1,41.9204,12.44209,1
1250,9771,0,"Piazza Carlo Mazzaresi, 40",RALLO GASPARE,10377640585,136,58091,ROMA,-,58,RM,ROMA,120,LAZIO,2013-01-03T00:00:00,-,Ordinaria,1,41.9204,12.44209,1
1251,9772,0,"P.za Monte Gaudio, 25",EREDI CECI LORENZO,04585611009,135,58091,ROMA,-,58,RM,ROMA,120,LAZIO,2005-01-01T00:00:00,30/09/2010,Ordinaria,1,41.93609,12.4367,1
1252,9772,0,"Piazza Monte Gaudio, 25",DEI MASSIMI DR. CECE,05483471008,135,58091,ROMA,-,58,RM,ROMA,120,LAZIO,2010-01-10T00:00:00,-,Ordinaria,1,41.93609,12.4367,1
1253,9773,0,"Via M. Dionigi, 31",MAGNANIMI GIUSEPPE E ALESSANDRO SNC,05496971002,193,58091,ROMA,-,58,RM,ROMA,120,LAZIO,2005-01-01T00:00:00,28/02/2013,Ordinaria,1,41.90591,12.47191,1
1254,9773,0,"Via M. Dionigi, 31",MAGNANIMI SNC,05496971002,193,58091,ROMA,-,58,RM,ROMA,120,LAZIO,2013-01-03T00:00:00,-,Ordinaria,1,41.90591,12.47191,1
1255,9774,0,"Via Trionfale, 8291",BONURA DI MORBEGNO CARMELA E C. SAS,09952411008,135,58091,ROMA,-,58,RM,ROMA,120,LAZIO,2012-01-05T00:00:00,-,Ordinaria,1,41.98493,12.40688,1
1256,9774,0,"Via Trionfale, 8291",EREDI BONURA GIORGIO,10124950584,135,58091,ROMA,-,58,RM,ROMA,120,LAZIO,2005-01-01T00:00:00,30/09/2010,Ordinaria,1,41.98493,12.40688,1
1257,9774,0,"Via Trionfale, 8291",EREDI BONURA GIORGIO SNC DI SILVIA BONURA & C.,05520371005,135,58091,ROMA,-,58,RM,ROMA,120,LAZIO,2010-01-10T00:00:00,30/04/2012,Ordinaria,1,41.98493,12.40688,1
1258,9775,0,"Via A. Doria, 31",MANNUCCI LEOPOLDO,10531940582,192,58091,ROMA,-,58,RM,ROMA,120,LAZIO,2005-01-01T00:00:00,28/02/2013,Ordinaria,1,41.92368,12.57115,1
1259,9775,0,"Via A. Doria, 35",MANNUCCI LEOPOLDO,10531940582,192,58091,ROMA,-,58,RM,ROMA,120,LAZIO,2013-01-03T00:00:00,-,Ordinaria,1,41.92368,12.57115,1
1260,9776,0,"Via Andronico, 8",VACCARELLA SALVATORE SAS,12301201005,136,58091,ROMA,-,58,RM,ROMA,120,LAZIO,2005-01-01T00:00:00,-,Ordinaria,1,41.92368,12.57115,1
1261,9777,0,"Circonvallazione Trionfale, 57/A",BISOZZI SAS DI ALINA BISOZZI & C.,05612401009,195,58091,ROMA,-,58,RM,ROMA,120,LAZIO,2005-01-01T00:00:00,-,Ordinaria,1,41.91174,12.44977,1
1262,9778,0,"Via Flaminia, 719/A",PUGNALONI PAOLA MARIA,10650990582,191,58091,ROMA,-,58,RM,ROMA,120,LAZIO,2010-01-09T00:00:00,-,Ordinaria,1,41.92368,12.57115,1
1263,9778,0,"Via Flaminia, 719/A",PUGNALONI PAOLA MARIA,-,191,58091,ROMA,-,58,RM,ROMA,120,LAZIO,2009-01-03T00:00:00,31/05/2009,Ordinaria,1,41.92368,12.57115,1
1264,9778,0,"Via Flaminia, 719/A",PUGNALONI PAOLA MARIA,10650990058,191,58091,ROMA,-,58,RM,ROMA,120,LAZIO,2005-01-01T00:00:00,31/08/2010,Ordinaria,1,41.92368,12.57115,1
1265,9779,0,"Via di Torrevecchia, 308",CONTARINA GIOVANNI LUCA,10738780583,168,58091,ROMA,-,58,RM,ROMA,120,LAZIO,2005-01-01T00:00:00,-,Ordinaria,1,41.92491,12.4139,1
1266,9780,0,"Via Angelo Emo, 18",LA.LI.FAR. SNC - LAURA E LILIA LAUCIANI,05742591000,136,58091,ROMA,-,58,RM,ROMA,120,LAZIO,2005-01-01T00:00:00,-,Ordinaria,1,41.90531,12.44771,1
1267,9781,0,"Via Monti di Primavalle, 187",CLEMENTE XI SAS DELLA DR.SSA VALERIA BUI & C.,10448121003,167,58091,ROMA,-,58,RM,ROMA,120,LAZIO,2010-01-04T00:00:00,-,Ordinaria,1,41.92368,12.57115,1
1268,9781,0,"Via Monti di Primavalle, 187",LA FENICIA,10901480581,167,58091,ROMA,-,58,RM,ROMA,120,LAZIO,2005-01-01T00:00:00,31/03/2010,Ordinaria,1,41.92368,12.57115,1
1269,9782,0,"Via Monti Di Creta, 82",IMMACOLATA,05885511005,167,58091,ROMA,-,58,RM,ROMA,120,LAZIO,2005-01-01T00:00:00,-,Ordinaria,1,41.90157,12.42944,1
1270,9783,0,"Via delle Azzorre, 302-304",PASANISI GIANLUCA,06659531005,121,58091,ROMA,LIDO DI OSTIA,58,RM,ROMA,120,LAZIO,2005-01-01T00:00:00,30/04/2007,Ordinaria,1,41.74124,12.28256,1
1271,9784,0,LARGO PORTA CAVALLEGGERI 3,LEONE ALESSANDRO,06649171003,165,58091,ROMA,-,58,RM,ROMA,120,LAZIO,2005-01-01T00:00:00,31/12/2007,Ordinaria,1,41.90019,12.45651,1
1272,9784,0,"LARGO PORTA CAVALLEGGERI, 3",LEONE ALESSANDRO,04715260586,165,58091,ROMA,-,58,RM,ROMA,120,LAZIO,2008-01-01T00:00:00,-,Ordinaria,1,41.90019,12.45651,1
1273,9785,0,"Via Gregorio VII, 63",RODINO' EDOARDO,06911591003,165,58091,ROMA,-,58,RM,ROMA,120,LAZIO,2010-01-10T00:00:00,-,Ordinaria,1,41.89614,12.44191,1
1274,9785,0,"Via Gregorio VII, 63",RODINO' EDOARDO,10445781007,165,58091,ROMA,-,58,RM,ROMA,120,LAZIO,2010-01-03T00:00:00,30/09/2010,Ordinaria,1,41.89614,12.44191,1
1275,9785,0,"Via Monte del Gallo, 10-12",NARDI OSCAR,06911591003,165,58091,ROMA,-,58,RM,ROMA,120,LAZIO,2005-01-01T00:00:00,28/02/2010,Ordinaria,1,41.89614,12.44191,1
1276,9786,0,"Piazza Irnerio, 40-41",ILLUMINATI E DE LILLO SNC,06540801005,165,58091,ROMA,-,58,RM,ROMA,120,LAZIO,2005-01-01T00:00:00,-,Ordinaria,1,41.89831,12.42989,1
1277,9787,0,"Viale Angelico, 79",MAZZEI STEFANO,07104801001,195,58091,ROMA,-,58,RM,ROMA,120,LAZIO,2005-01-01T00:00:00,-,Ordinaria,1,41.91657,12.45841,1
1278,9788,0,"Via Cicerone, 30",PAVESE DELLA DR.SSA RITA LO PINTO E C. SNC,10191471001,193,58091,ROMA,-,58,RM,ROMA,120,LAZIO,2011-01-03T00:00:00,-,Ordinaria,1,41.9085,12.46783,1
1279,9788,0,"Via Cicerone, 30",MOSCARDINI GIANNI DR.SSA ELISABETTA,07278911008,193,58091,ROMA,-,58,RM,ROMA,120,LAZIO,2005-01-01T00:00:00,28/02/2011,Ordinaria,1,41.9085,12.46783,1
1280,9789,0,"Piazza Risorgimento, 21",COMUNALE N.1 CERVETERI,01054881006,52,58029,CERVETERI,-,58,RM,ROMA,120,LAZIO,2005-01-01T00:00:00,31/12/2007,Ordinaria,1,41.99832,12.09884,1
1281,9789,0,"Piazza Risorgimento, 21",COMUNALE N.1 CERVETERI,07105121003,52,58029,CERVETERI,-,58,RM,ROMA,120,LAZIO,2008-01-01T00:00:00,-,Ordinaria,1,41.99832,12.09884,1
1282,9790,0,"Piazzale Cairoli, 1",COMUNALE FIANO ROMANO,00997991005,65,58036,FIANO ROMANO,-,58,RM,ROMA,120,LAZIO,2013-01-03T00:00:00,-,Ordinaria,1,42.15952,12.59418,1
1283,9790,0,P.ZZA G. MATTEOTTI                7,COMUNALE FIANO ROMANO,-,65,58036,FIANO ROMANO,-,58,RM,ROMA,120,LAZIO,2005-01-01T00:00:00,30/09/2010,Ordinaria,1,42.15952,12.59418,1
1284,9790,0,P.ZZA G. MATTEOTTI                7,COMUNALE FIANO ROMANO,00997991005,65,58036,FIANO ROMANO,-,58,RM,ROMA,120,LAZIO,2010-01-10T00:00:00,28/02/2013,Ordinaria,1,42.15952,12.59418,1
1285,9791,0,"Via Roma, 69",COMUNALE TOLFA,02144561004,59,58105,TOLFA,-,58,RM,ROMA,120,LAZIO,2005-01-01T00:00:00,-,Ordinaria,1,42.12345,11.97181,1
1286,9792,0,Piazza F. Turati,COMUNALE ALLUMIERE,00954281002,51,58004,ALLUMIERE,-,58,RM,ROMA,120,LAZIO,2005-01-01T00:00:00,-,Ordinaria,1,42.143,11.89619,1
1287,9793,0,"Via Ancona, 76",DE MICHELIS CARLO,00220781009,55,58116,LADISPOLI,-,58,RM,ROMA,120,LAZIO,2005-01-01T00:00:00,28/02/2013,Ordinaria,1,41.94874,12.07866,1
1288,9793,0,"Via Ancona, 76",LUIGI DEMICHELIS DAL 1934,13040531009,55,58116,LADISPOLI,-,58,RM,ROMA,120,LAZIO,2014-01-11T00:00:00,-,Ordinaria,1,41.94874,12.07866,1
1289,9793,0,"Via Ancona, 76",EREDI DR. CARLO DEMICHELIS,12633031005,55,58116,LADISPOLI,-,58,RM,ROMA,120,LAZIO,2013-01-03T00:00:00,31/10/2014,Ordinaria,1,41.94874,12.07866,1
1290,9794,0,"Via Provinciale Roma, 55",FARMACIA D.SSA TOZZI ANNA MARIA,00817531007,60,58018,CAPENA,-,58,RM,ROMA,120,LAZIO,2005-01-01T00:00:00,-,Ordinaria,1,42.14137,12.54362,1
1291,9795,0,"Piazza Giuseppe Mazzini, 5",MARINI PAOLA,00484881008,60,58016,CANALE MONTERANO,-,58,RM,ROMA,120,LAZIO,2010-01-10T00:00:00,-,Ordinaria,1,42.13598,12.07688,1
1292,9795,0,"Piazza Giuseppe Mazzini, 5",MARINI PAOLA,00712360585,60,58016,CANALE MONTERANO,-,58,RM,ROMA,120,LAZIO,2005-01-01T00:00:00,30/09/2010,Ordinaria,1,42.13598,12.07688,1
1293,9796,0,"Via Romana, 37-38-41/a-41/b",DE CECCO LUCIANO,00449990589,61,58005,ANGUILLARA SABAZIA,-,58,RM,ROMA,120,LAZIO,2005-01-01T00:00:00,30/09/2010,Ordinaria,1,42.07861,12.265,1
1294,9796,0,"Via Romana, 37-38-41/a-41/b",DE CECCO LUCIANO,00187371000,61,58005,ANGUILLARA SABAZIA,-,58,RM,ROMA,120,LAZIO,2010-01-10T00:00:00,-,Ordinaria,1,42.07861,12.265,1
1295,9797,0,"Via Aurelia, 505",VERGATI SNC DI PAOLA E MARIA CRISTINA VERGATI,08763211003,58,58097,SANTA MARINELLA,-,58,RM,ROMA,120,LAZIO,2006-01-06T00:00:00,-,Ordinaria,1,42.01976,11.96471,1
1296,9797,0,-,VERGATI ALFIO,00837371004,58,58097,SANTA MARINELLA,-,58,RM,ROMA,120,LAZIO,2005-01-01T00:00:00,31/05/2006,Ordinaria,1,42.01976,11.96471,1
1297,9797,0,"Via Aurelia, 505",VERGATI SNC DI PAOLA E MARIA CRISTINA VERGATI,00837371004,58,58097,SANTA MARINELLA,-,58,RM,ROMA,120,LAZIO,2008-01-01T00:00:00,30/09/2010,Ordinaria,1,42.01976,11.96471,1
1298,9798,0,"Via S. Pellegrino, 4/a",LAURENZI PIERSETTIMIO,07558031006,67,58068,MORLUPO,-,58,RM,ROMA,120,LAZIO,2010-01-10T00:00:00,-,Ordinaria,1,42.14274,12.50521,1
1299,9798,0,"Via S. Pellegrino, 4/a",LAURENZI PIERSETTIMIO,-,67,58068,MORLUPO,-,58,RM,ROMA,120,LAZIO,2005-01-01T00:00:00,30/09/2010,Ordinaria,1,42.14274,12.50521,1
1300,9799,0,-,FABBRI CARLO VITTORIO,00711890582,60,58038,FORMELLO,-,58,RM,ROMA,120,LAZIO,2005-01-01T00:00:00,31/05/2006,Ordinaria,1,42.06857,12.41027,1
1301,9799,0,"Via Roma, 10",FABBRI CARLA RAFFAELLA,08754911009,60,58038,FORMELLO,-,58,RM,ROMA,120,LAZIO,2006-01-06T00:00:00,-,Ordinaria,1,42.06857,12.41027,1
1302,9799,0,"Via Roma, 10",FABBRI CARLA RAFFAELLA,00711890582,60,58038,FORMELLO,-,58,RM,ROMA,120,LAZIO,2008-01-01T00:00:00,30/09/2010,Ordinaria,1,42.06857,12.41027,1
1303,9800,0,"Corso Vittorio Emanuele, 133",RICCI LUCIANO,00655361004,66,58054,MANZIANA,-,58,RM,ROMA,120,LAZIO,2005-01-01T00:00:00,-,Ordinaria,1,42.1302,12.1311,1
1304,9801,0,"Viale G. Baccelli, 22/24",SOFI MARIA EMILIA,00726141005,53,58032,CIVITAVECCHIA,-,58,RM,ROMA,120,LAZIO,2008-01-01T00:00:00,-,Ordinaria,1,42.0925,11.79568,1
1305,9801,0,"V.le G. Baccelli, 22/24",SOFI MARIA EMILIA,-,53,58032,CIVITAVECCHIA,-,58,RM,ROMA,120,LAZIO,2005-01-01T00:00:00,31/12/2007,Ordinaria,1,42.0925,11.79568,1
1306,9802,0,"Via G. Baccelli, 160",TURCHI PAOLO,07681281007,53,58032,CIVITAVECCHIA,-,58,RM,ROMA,120,LAZIO,2005-01-01T00:00:00,-,Ordinaria,1,42.11723,11.81129,1
1307,9803,0,"Via IV Novembre, 34",AMIRKHANIAN  MARIO,12026081005,69,58107,TREVIGNANO ROMANO,-,58,RM,ROMA,120,LAZIO,2012-01-10T00:00:00,-,Ordinaria,1,42.15191,12.25461,1
1308,9803,0,"Via IV Novembre, 34",AMIRKHANIAN EDUARDO,03661291009,69,58107,TREVIGNANO ROMANO,-,58,RM,ROMA,120,LAZIO,2005-01-01T00:00:00,30/09/2012,Ordinaria,1,42.15191,12.25461,1
1309,9804,0,"Via Fausti, 5",NEGRI ENZO,00532501004,62,58013,BRACCIANO,-,58,RM,ROMA,120,LAZIO,2005-01-01T00:00:00,31/03/2007,Ordinaria,1,42.0927,12.16411,1
1310,9804,0,"Via Fausti, 5",EREDI NEGRI ENZO,08992431000,62,58013,BRACCIANO,-,58,RM,ROMA,120,LAZIO,2007-01-04T00:00:00,-,Ordinaria,1,42.0927,12.16411,1
1311,9805,0,"Via della Costellazione , 21",NAPPO CARLA,01837950581,60,58081,RIANO,LA ROSTA,58,RM,ROMA,120,LAZIO,2005-01-01T00:00:00,-,Ordinaria,1,42.09046,12.5241,1
1312,9806,0,"Via Romana, 146",ZUCCARO LABELLARTE PAOLO,00846891000,60,58058,MAZZANO ROMANO,-,58,RM,ROMA,120,LAZIO,2005-01-01T00:00:00,-,Ordinaria,1,42.20892,12.39727,1
1313,9807,0,"Via Oriolo Romano, 1/B",ASM CAERITE SPA - COMUNALE N.2 CAMPO DI MARE,-,52,58029,CERVETERI,CERENOVA,58,RM,ROMA,120,LAZIO,2013-01-03T00:00:00,-,Ordinaria,1,42.00956,12.09569,1
1314,9807,0,"Via Oriolo Romano, 1/B",COMUNALE N.2 CERVETERI - CAMPO DI MARE,-,52,58029,CERVETERI,CERENOVA,58,RM,ROMA,120,LAZIO,2005-01-01T00:00:00,28/02/2013,Ordinaria,1,42.00956,12.09569,1
1315,9808,0,"Piazza Calamatta, 19",CALAMATTA IPPOCRATE SRL,10648161007,53,58032,CIVITAVECCHIA,CALAMATTA,58,RM,ROMA,120,LAZIO,2010-01-09T00:00:00,28/02/2013,Ordinaria,1,42.11723,11.81129,1
1316,9808,0,"Piazza Calamatta, 19",IPPOCRATE SRL - CALAMATTA,10648161007,53,58032,CIVITAVECCHIA,CALAMATTA,58,RM,ROMA,120,LAZIO,2013-01-03T00:00:00,-,Ordinaria,1,42.11723,11.81129,1
1317,9808,0,"Piazza Calamatta, 19",COMUNALE N.1 CIVITAVECCHIA CALAMATTA,01104351000,53,58032,CIVITAVECCHIA,CALAMATTA,58,RM,ROMA,120,LAZIO,2005-01-01T00:00:00,31/08/2010,Ordinaria,1,42.11723,11.81129,1
1318,9809,0,"Via A. De Gasperi, 18/A",DI STEFANO MARIO,03152550582,53,58032,CIVITAVECCHIA,-,58,RM,ROMA,120,LAZIO,2005-01-01T00:00:00,30/04/2008,Ordinaria,1,42.11723,11.81129,1
1319,9809,0,"Via A. De Gasperi, snc",DI STEFANO GIOVANNI,09918511008,53,58032,CIVITAVECCHIA,-,58,RM,ROMA,120,LAZIO,2008-01-05T00:00:00,-,Ordinaria,1,42.11723,11.81129,1
1320,9810,0,"Viale del Vignola, 4",BUONFANTINO FLORA,03704030588,60,58099,SANT'ORESTE,-,58,RM,ROMA,120,LAZIO,2014-01-11T00:00:00,31/01/2015,Ordinaria,1,42.23912,12.5233,1
1321,9810,0,"Viale del Vignola, 4",EREDI BUONFANTINO DI MARCO MORELLI,13234011008,60,58099,SANT'ORESTE,-,58,RM,ROMA,120,LAZIO,2015-01-02T00:00:00,-,Ordinaria,1,42.23912,12.5233,1
1322,9810,0,"Via Umberto I, 2",BUONFANTINO FLORA,03704030588,60,58099,SANT'ORESTE,-,58,RM,ROMA,120,LAZIO,2005-01-01T00:00:00,31/10/2014,Ordinaria,1,42.23912,12.5233,1
1323,9811,0,"Viale Matteotti, 196",IPPOCRATE SRL  - MATTEOTTI,01104351000,53,58032,CIVITAVECCHIA,-,58,RM,ROMA,120,LAZIO,2013-01-03T00:00:00,-,Ordinaria,1,42.09177,11.7952,1
1324,9811,0,"Viale Matteotti, 146",COMUNALE MATTEOTTI,01104351000,53,58032,CIVITAVECCHIA,-,58,RM,ROMA,120,LAZIO,2005-01-01T00:00:00,28/02/2013,Ordinaria,1,42.09177,11.7952,1
1325,9812,0,"Via Tiberina, Km. 16.800",COMUNALE DI BIVIO CAPENA,01096141005,60,58018,CAPENA,-,58,RM,ROMA,120,LAZIO,2008-01-01T00:00:00,-,Ordinaria,1,42.12896,12.57228,1
1326,9812,0,"Via Tiberina, Km. 16.800",COMUNALE N.2 CAPENA,-,60,58018,CAPENA,-,58,RM,ROMA,120,LAZIO,2005-01-01T00:00:00,31/12/2007,Ordinaria,1,42.12896,12.57228,1
1327,9813,0,VIA DEGLI ORTI 12,COMUNALE CISTERNA,01104351000,53,58032,CIVITAVECCHIA,-,58,RM,ROMA,120,LAZIO,2005-01-01T00:00:00,28/02/2013,Ordinaria,1,42.11723,11.81129,1
1328,9813,0,"VIA DEGLI ORTI, 12",IPPOCRATE SRL - CISTERNA,01104351000,53,58032,CIVITAVECCHIA,-,58,RM,ROMA,120,LAZIO,2013-01-03T00:00:00,-,Ordinaria,1,42.11723,11.81129,1
1329,9814,0,"Via XXV Aprile, 21",TERME DI TRAIANO DEL DR. ODOARDO TOTI SNC,07950431002,53,58032,CIVITAVECCHIA,-,58,RM,ROMA,120,LAZIO,2005-01-01T00:00:00,-,Ordinaria,1,42.11723,11.81129,1
1330,9815,0,"Largo Cavour, 4",ROSSI ANGELA MARIA,00695501007,53,58032,CIVITAVECCHIA,-,58,RM,ROMA,120,LAZIO,2005-01-01T00:00:00,-,Ordinaria,1,42.11723,11.81129,1
1331,9816,0,"Via Aquila, snc",SIGNORELLI GELTRUDE,00727731002,60,58080,PONZANO ROMANO,-,58,RM,ROMA,120,LAZIO,2005-01-01T00:00:00,31/03/2007,Ordinaria,1,42.25527,12.55849,1
1332,9816,0,"Via Aquila, snc",PIGNATELLI FRANCESCO,00922350574,60,58080,PONZANO ROMANO,-,58,RM,ROMA,120,LAZIO,2011-01-11T00:00:00,-,Ordinaria,1,42.25527,12.55849,1
1333,9816,0,"Via Aquila, snc",USAI MARIA CARLA,09025271009,60,58080,PONZANO ROMANO,-,58,RM,ROMA,120,LAZIO,2007-01-04T00:00:00,31/10/2011,Ordinaria,1,42.25527,12.55849,1
1334,9817,0,"Corso Centocelle, 52",SPURIO GIUSEPPE,00758751002,53,58032,CIVITAVECCHIA,-,58,RM,ROMA,120,LAZIO,2005-01-01T00:00:00,-,Ordinaria,1,42.09157,11.79377,1
1335,9818,0,"Via Flaminia km. 39,100",CONTI VALERIO,00124211004,68,58082,RIGNANO FLAMINIO,-,58,RM,ROMA,120,LAZIO,2005-01-01T00:00:00,-,Ordinaria,1,42.21001,12.48112,1
1336,9819,0,"Via Aurelia, 304",CENTRALE,00772050654,58,58097,SANTA MARINELLA,-,58,RM,ROMA,120,LAZIO,2005-01-01T00:00:00,30/06/2007,Ordinaria,1,42.01976,11.96471,1
1337,9819,0,"Via Aurelia, 304",CENTRALE,08894151003,58,58097,SANTA MARINELLA,-,58,RM,ROMA,120,LAZIO,2008-01-01T00:00:00,-,Ordinaria,1,42.01976,11.96471,1
1338,9819,0,"Via Aurelia, 304",CENTRALE,-,58,58097,SANTA MARINELLA,-,58,RM,ROMA,120,LAZIO,2007-01-07T00:00:00,31/12/2007,Ordinaria,1,42.01976,11.96471,1
1339,9820,0,"Via Polo Laziale, 12/16",TARQUINI SNC DELLA DR.SSA ESTERINA TARQUINI,10184581006,55,58116,LADISPOLI,MARINA DI SAN NICOLA,58,RM,ROMA,120,LAZIO,2009-01-06T00:00:00,30/09/2010,Ordinaria,1,41.9499,12.0761,1
1340,9820,0,"Via Polo Laziale, 12/16",TARQUINI SNC DELLA DR.SSA ESTERINA TARQUINI,03985241003,55,58116,LADISPOLI,MARINA DI SAN NICOLA,58,RM,ROMA,120,LAZIO,2010-01-10T00:00:00,30/04/2011,Ordinaria,1,41.9499,12.0761,1
1341,9820,0,"Via Polo Laziale, 14/16",ABATE GIUSEPPINA,01072160581,55,58116,LADISPOLI,MARINA DI SAN NICOLA,58,RM,ROMA,120,LAZIO,2005-01-01T00:00:00,31/05/2009,Ordinaria,1,41.9499,12.0761,1
1342,9820,0,"Via Polo Laziale, 12/16",TARQUINI SNC DELLA DR.SSA ESTERINA TARQUINI,10184581006,55,58116,LADISPOLI,MARINA DI SAN NICOLA,58,RM,ROMA,120,LAZIO,2011-01-05T00:00:00,-,Ordinaria,1,41.9499,12.0761,1
1343,9821,0,Via Vivaldi snc,CAVALLINI MARIA TERESA,08000651003,52,58029,CERVETERI,POGGIO VAL CANNETO,58,RM,ROMA,120,LAZIO,2005-01-01T00:00:00,30/09/2010,Ordinaria,1,42.00956,12.09569,1
1344,9821,0,"Via Vivaldi, snc",CAVALLINI MARIA TERESA,04048781001,52,58029,CERVETERI,POGGIO VAL CANNETO,58,RM,ROMA,120,LAZIO,2010-01-10T00:00:00,-,Ordinaria,1,42.00956,12.09569,1
1345,9822,0,"Via Buonarroti, 42",CERNUSCO GIULIANA,04127941005,53,58032,CIVITAVECCHIA,-,58,RM,ROMA,120,LAZIO,2005-01-01T00:00:00,-,Ordinaria,1,42.09025,11.8,1
1346,9823,0,"Via dei Sampieri, 6 - Complesso IACP",COMUNALE POGGIO VERDE - CORVIALE,07685321007,148,58091,ROMA,-,58,RM,ROMA,120,LAZIO,2005-01-01T00:00:00,31/08/2007,Ordinaria,1,41.92368,12.57115,1
1347,9823,0,"Via dei Sampieri, 6 - Complesso IACP",COMUNALE POGGIO VERDE - CORVIALE,05903241007,148,58091,ROMA,-,58,RM,ROMA,120,LAZIO,2007-01-09T00:00:00,-,Ordinaria,1,41.92368,12.57115,1
1348,9824,0,"Via Settevene Palo, 88/90",COMUNALE N.4 CERVETERI,-,52,58029,CERVETERI,-,58,RM,ROMA,120,LAZIO,2005-01-01T00:00:00,-,Ordinaria,1,41.97753,12.09012,1
1349,9825,0,"Via Giunone Lucina, 1",SCOTTI MANDUZIO SNC-C.SCOTTI & C,04617131000,50,58097,SANTA MARINELLA,SANTA SEVERA,58,RM,ROMA,120,LAZIO,2005-01-01T00:00:00,-,Ordinaria,1,42.02744,11.93998,1
1350,9826,0,"Via San Giovanni, 5",SALMICCI GIUSEPPE,01509730568,60,58024,CASTELNUOVO DI PORTO,-,58,RM,ROMA,120,LAZIO,2005-01-01T00:00:00,30/04/2011,Ordinaria,1,42.1098,12.5181,1
1351,9826,0,Piazza Cavour snc,CASTELNUOVO SAS DEL DR. ANTONIO FIRRIOLO & C.,11207501005,60,58024,CASTELNUOVO DI PORTO,-,58,RM,ROMA,120,LAZIO,2011-01-05T00:00:00,-,Ordinaria,1,42.1098,12.5181,1
1352,9827,0,"L.go Giovanni XIII, 5",AMALFITANO ANTONIO,05128951000,53,58032,CIVITAVECCHIA,-,58,RM,ROMA,120,LAZIO,2005-01-01T00:00:00,31/01/2013,Ordinaria,1,42.11723,11.81129,1
1353,9827,0,"Largo Giovanni XIII, 5",S. GORDIANO SNC AMALFITANO ANTONIO,12169581001,53,58032,CIVITAVECCHIA,-,58,RM,ROMA,120,LAZIO,2013-01-02T00:00:00,-,Ordinaria,1,42.11723,11.81129,1
1354,9828,0,"Viale Odescalchi, 10",EREDI MORELLI ANGELO,05291221009,62,58013,BRACCIANO,-,58,RM,ROMA,120,LAZIO,2005-01-01T00:00:00,28/02/2013,Ordinaria,1,42.10314,12.17386,1
1355,9828,0,"Viale Odescalchi, 10",MORELLI  SNC,05291221009,62,58013,BRACCIANO,-,58,RM,ROMA,120,LAZIO,2013-01-03T00:00:00,-,Ordinaria,1,42.10314,12.17386,1
1356,9829,0,"Piazza Risorgimento, 10",ORLANDO GAETANO,05392731005,60,58052,MAGLIANO ROMANO,-,58,RM,ROMA,120,LAZIO,2010-01-10T00:00:00,28/02/2013,Ordinaria,1,42.16082,12.43656,1
1357,9829,0,"Piazza Risorgimento, 10",ORLANDO GAETANO,-,60,58052,MAGLIANO ROMANO,-,58,RM,ROMA,120,LAZIO,2005-01-01T00:00:00,30/09/2010,Ordinaria,1,42.16082,12.43656,1
1358,9829,0,"Via del Carmine, 6",ORLANDO GAETANO,05392731005,60,58052,MAGLIANO ROMANO,-,58,RM,ROMA,120,LAZIO,2013-01-03T00:00:00,-,Ordinaria,1,42.16082,12.43656,1
1359,9831,0,"Via Anguillarese, 123",FIRRIOLO SAS DEL DR.  ANTONINO FIRRIOLO & C.,11176021001,61,58005,ANGUILLARA SABAZIA,-,58,RM,ROMA,120,LAZIO,2011-01-03T00:00:00,-,Ordinaria,1,42.04787,12.29691,1
1360,9831,0,"Via Anguillarese, 123",FIRRIOLO ANTONINO,01613600566,61,58005,ANGUILLARA SABAZIA,-,58,RM,ROMA,120,LAZIO,2005-01-01T00:00:00,28/02/2011,Ordinaria,1,42.04787,12.29691,1
1361,9832,0,"Via delle Palme, 5/E",DELLE PALME DI CASCIANINI COSETTA,12407561005,62,58013,BRACCIANO,-,58,RM,ROMA,120,LAZIO,2005-01-01T00:00:00,-,Ordinaria,1,42.1018,12.17614,1
1362,9833,0,"Via degli Ammiragli, 52",FARMACIA 2000 SCIARRETTA DEL DR. ROCCO CRIMI E C. SAS,09664901007,136,58091,ROMA,-,58,RM,ROMA,120,LAZIO,2008-01-01T00:00:00,28/02/2013,Ordinaria,1,41.90488,12.44556,1
1363,9833,0,"Via degli Ammiragli, 52",CIPRO SAS DEL DR. TITO MARIA SERRAINO & C.,09664901007,136,58091,ROMA,-,58,RM,ROMA,120,LAZIO,2013-01-03T00:00:00,-,Ordinaria,1,41.90488,12.44556,1
1364,9833,0,"Via degli Ammiragli, 52",SCIARRETTA BIANCA ADA,06194331002,136,58091,ROMA,-,58,RM,ROMA,120,LAZIO,2005-01-01T00:00:00,31/12/2007,Ordinaria,1,41.90488,12.44556,1
1365,9834,0,"Via dello Stadio, 93",KUTSCHERA FABRIZIO,06300081004,60,58093,SACROFANO,-,58,RM,ROMA,120,LAZIO,2005-01-01T00:00:00,-,Ordinaria,1,42.1054,12.4481,1
1366,9835,0,"Via Labat, 5",IL FARO SAS DEI DR. GRAZIELLA CORSI E ANDREA BALDINI,12918641007,53,58032,CIVITAVECCHIA,-,58,RM,ROMA,120,LAZIO,2005-01-01T00:00:00,-,Ordinaria,1,42.11723,11.81129,1
1367,9836,0,"Via Provinciale, 18",MITIDIERI ATTILIO,06291071006,60,58069,NAZZANO,NAZZANO ROMANO,58,RM,ROMA,120,LAZIO,2008-01-01T00:00:00,31/08/2010,Ordinaria,1,42.19462,12.55701,1
1368,9836,0,"Via Provinciale, 18",MITIDIERI ATTILIO,08723231000,60,58069,NAZZANO,NAZZANO ROMANO,58,RM,ROMA,120,LAZIO,2006-01-06T00:00:00,-,Ordinaria,1,42.19462,12.55701,1
1369,9836,0,-,EREDI ZINNARI ERNESTO,06291071006,60,58069,NAZZANO,NAZZANO ROMANO,58,RM,ROMA,120,LAZIO,2005-01-01T00:00:00,31/05/2006,Ordinaria,1,42.19462,12.55701,1
1370,9837,0,"Via Madonna del Riposo, 125",VILLA CARPEGNA DELLA DR.SSA RITA LA TORRE & C. SNC,06293271000,165,58091,ROMA,-,58,RM,ROMA,120,LAZIO,2010-01-10T00:00:00,28/02/2013,Ordinaria,1,41.92368,12.57115,1
1371,9837,0,"Via Madonna del Riposo, 121",VILLA CARPEGNA DELLA DR.SSA RITA LA TORRE & C. SNC,06293271000,165,58091,ROMA,-,58,RM,ROMA,120,LAZIO,2013-01-03T00:00:00,-,Ordinaria,1,41.92368,12.57115,1
1372,9837,0,"Via Madonna del Riposo, 125",VILLA CARPEGNA DELLA DR.SSA RITA LA TORRE & C. SNC,00924540586,165,58091,ROMA,-,58,RM,ROMA,120,LAZIO,2005-01-01T00:00:00,30/09/2010,Ordinaria,1,41.92368,12.57115,1
1373,9838,0,"Piazzale Orsa Maggiore, 2/a",LAPUCCI LORENZINA,06319231004,55,58116,LADISPOLI,MARINA DI SAN NICOLA,58,RM,ROMA,120,LAZIO,2005-01-01T00:00:00,31/07/2007,Ordinaria,1,41.95433,12.09879,1
1374,9838,0,"Piazzale Orsa Maggiore, 2/a",NAPPI ADOLPHO CARLO,06319231004,55,58116,LADISPOLI,MARINA DI SAN NICOLA,58,RM,ROMA,120,LAZIO,2010-01-10T00:00:00,-,Ordinaria,1,41.95433,12.09879,1
1375,9838,0,"Piazzale Orsa Maggiore, 2/a",NAPPI ADOLPHO CARLO,09524811008,55,58116,LADISPOLI,MARINA DI SAN NICOLA,58,RM,ROMA,120,LAZIO,2007-01-08T00:00:00,30/09/2010,Ordinaria,1,41.95433,12.09879,1
1376,9839,0,"Via Umberto I, 5",COVIELLO MARIA CONCETTA,06449801007,60,58033,CIVITELLA SAN PAOLO,-,58,RM,ROMA,120,LAZIO,2010-01-10T00:00:00,-,Ordinaria,1,42.19862,12.56763,1
1377,9839,0,"Via Umberto I, 5",COVIELLO MARIA CONCETTA,06449801001,60,58033,CIVITELLA SAN PAOLO,-,58,RM,ROMA,120,LAZIO,2005-01-01T00:00:00,30/09/2010,Ordinaria,1,42.19862,12.56763,1
1378,9839,0,"Via Umberto I, 5",COVIELLO MARIA CONCETTA,-,60,58033,CIVITELLA SAN PAOLO,-,58,RM,ROMA,120,LAZIO,2009-01-03T00:00:00,31/05/2009,Ordinaria,1,42.19862,12.56763,1
1379,9840,0,"Viale Africa, 34",LE RUGHE DEI DR.I VINCENZO E VERONICA SANNA SNC,06789621007,60,58038,FORMELLO,LE RUGHE,58,RM,ROMA,120,LAZIO,2005-01-01T00:00:00,-,Ordinaria,1,42.06857,12.41027,1
1380,9841,0,"Via Trieste, 8",PACE MERCURIO VITTORIO,00938170578,60,58106,TORRITA TIBERINA,-,58,RM,ROMA,120,LAZIO,2005-01-01T00:00:00,-,Ordinaria,1,42.23007,12.62548,1
1381,9842,0,"Via G. Matteotti, 77",COMUNALE N.2 OSPEDALE SS. GONFALONE,-,15,58065,MONTEROTONDO,-,58,RM,ROMA,120,LAZIO,2005-01-01T00:00:00,-,Ordinaria,1,42.06878,12.6236,1
1382,9843,0,"Piazza Plebiscito, 17/18",PALLANTE ETTORE,00575241005,19,58104,TIVOLI,-,58,RM,ROMA,120,LAZIO,2005-01-01T00:00:00,-,Ordinaria,1,41.96092,12.79888,1
1383,9844,0,"Corso Garibaldi, 15",COMUNALE N.1 COLLEFERRO DR.SSA CINZIA PRIORI,05922051007,34,58034,COLLEFERRO,-,58,RM,ROMA,120,LAZIO,2013-01-03T00:00:00,31/03/2015,Ordinaria,1,41.73082,13.00518,1
1384,9844,0,"Corso Garibaldi, 15",COMUNALE N.1 COLLEFERRO,05922051007,34,58034,COLLEFERRO,-,58,RM,ROMA,120,LAZIO,2011-01-03T00:00:00,28/02/2013,Ordinaria,1,41.73082,13.00518,1
1385,9844,0,"Corso Garibaldi, 15","SANTA BARBARA SNC DI ALESSANDRA ROSSI, FRANCESCA E STEFANIA BROCCHIERI",13204931003,34,58034,COLLEFERRO,-,58,RM,ROMA,120,LAZIO,2015-01-04T00:00:00,-,Ordinaria,1,41.73082,13.00518,1
1386,9844,0,"Piazza Italia, 1",COMUNALE N.1 COLLEFERRO,-,34,58034,COLLEFERRO,-,58,RM,ROMA,120,LAZIO,2005-01-01T00:00:00,28/02/2011,Ordinaria,1,41.73082,13.00518,1
1387,9845,0,"P.za Mazzini, 6",RONZONI,08521541006,34,58034,COLLEFERRO,-,58,RM,ROMA,120,LAZIO,2005-01-01T00:00:00,30/09/2011,Ordinaria,1,41.72725,13.00378,1
1388,9845,0,"Piazza Mazzini, 6",BROCCHIERI DUE SNC DEL DR. RENATO BROCCHIERI,11496461002,34,58034,COLLEFERRO,-,58,RM,ROMA,120,LAZIO,2011-01-10T00:00:00,-,Ordinaria,1,41.72725,13.00378,1
1389,9846,0,"Viale Roma, 86",SCAVOLINI SAS DI DEL BIAGIO PIO,09230761000,12,58047,GUIDONIA MONTECELIO,-,58,RM,ROMA,120,LAZIO,2008-01-05T00:00:00,-,Ordinaria,1,41.98986,12.71947,1
1390,9846,0,"V.le Roma, 86",MALINOVSKA IVETA,07623631004,12,58047,GUIDONIA MONTECELIO,-,58,RM,ROMA,120,LAZIO,2005-01-01T00:00:00,30/04/2008,Ordinaria,1,41.98986,12.71947,1
1391,9847,0,"Via Nomentana, 32",COTOGNI GABRIELLA,00995230588,15,58065,MONTEROTONDO,-,58,RM,ROMA,120,LAZIO,2005-01-01T00:00:00,30/09/2010,Ordinaria,1,42.06269,12.59406,1
1392,9847,0,"Via Nomentana, 32",COTOGNI GABRIELLA,00175661008,15,58065,MONTEROTONDO,-,58,RM,ROMA,120,LAZIO,2010-01-10T00:00:00,-,Ordinaria,1,42.06269,12.59406,1
1393,9848,0,"Via Casilina, 130",BRIZZI SNC DI FRANCESCA ED ELISA BRIZZI SNC,12433581001,38,58110,VALMONTONE,-,58,RM,ROMA,120,LAZIO,2005-01-01T00:00:00,31/12/2014,Ordinaria,1,41.77447,12.92028,1
1394,9848,0,"Via Casilina, 130",P. BRIZZI DI TULLIO TORRI SAS,12433581001,38,58110,VALMONTONE,-,58,RM,ROMA,120,LAZIO,2015-01-01T00:00:00,-,Ordinaria,1,41.77447,12.92028,1
1395,9849,0,"Via Fabrini, 1",FALVO DOTT. GENOVESE SALVATORE,09063261003,39,58114,ZAGAROLO,-,58,RM,ROMA,120,LAZIO,2007-01-04T00:00:00,-,Ordinaria,1,41.85383,12.79459,1
1396,9849,0,"Via Fabrini, 1",FALVO MARIA TERESA,01160910582,39,58114,ZAGAROLO,-,58,RM,ROMA,120,LAZIO,2005-01-01T00:00:00,31/03/2007,Ordinaria,1,41.85383,12.79459,1
1397,9850,0,"Corso Filippo Turati, 21",BROCCHIERI RENATO,00870490588,34,58034,COLLEFERRO,-,58,RM,ROMA,120,LAZIO,2005-01-01T00:00:00,31/08/2011,Ordinaria,1,41.73739,12.99046,1
1398,9850,0,"Corso Filippo Turati, 21",BROCCHIERI UNO SNC DEL DR. RENATO BROCCHIERI & C.,11459691009,34,58034,COLLEFERRO,-,58,RM,ROMA,120,LAZIO,2011-01-09T00:00:00,-,Ordinaria,1,41.73739,12.99046,1
1399,9851,0,"Via F. Corridoni, 47",LUZI VINCENZO,00417291002,30,58119,SAN CESAREO,-,58,RM,ROMA,120,LAZIO,2005-01-01T00:00:00,28/02/2013,Ordinaria,1,41.82739,12.78679,1
1400,9851,0,"Via F. Corridoni, 47",LUZI  SNC,00417291002,30,58119,SAN CESAREO,-,58,RM,ROMA,120,LAZIO,2013-01-03T00:00:00,-,Ordinaria,1,41.82739,12.78679,1
1401,9852,0,"Via Adige, 36",COMUNALE N.1 MONTEROTONDO,02128361009,15,58065,MONTEROTONDO,-,58,RM,ROMA,120,LAZIO,2005-01-01T00:00:00,28/02/2013,Ordinaria,1,42.06878,12.6236,1
1402,9852,0,"Via Adige, 36",AZIENDA PLURISERVIZI MONTEROTONDO - COMUNALE 1,02128361009,15,58065,MONTEROTONDO,-,58,RM,ROMA,120,LAZIO,2013-01-03T00:00:00,-,Ordinaria,1,42.06878,12.6236,1
1403,9853,0,"V.le Umberto I, 8",BOCCA MARCELLO,04353981006,10,58096,SAN POLO DEI CAVALIERI,-,58,RM,ROMA,120,LAZIO,2005-01-01T00:00:00,31/05/2013,Ordinaria,1,42.01179,12.83939,1
1404,9853,0,"Piazza G. Marconi, 7",BOCCA MARCELLO,04353981006,10,58096,SAN POLO DEI CAVALIERI,-,58,RM,ROMA,120,LAZIO,2013-01-06T00:00:00,-,Ordinaria,1,42.01179,12.83939,1
1405,9854,0,"Via Livio Mariani, 8",CASOLI DANIELA,00166091009,20,58055,MARANO EQUO,-,58,RM,ROMA,120,LAZIO,2005-01-01T00:00:00,-,Ordinaria,1,41.99438,13.01413,1
1406,9855,0,"Via Naz. Tiburtina, 153/155",TORNAGHI GIACOMO,00278540588,10,58104,TIVOLI,VILLA ADRIANA,58,RM,ROMA,120,LAZIO,2005-01-01T00:00:00,31/07/2010,Ordinaria,1,41.95652,12.77343,1
1407,9855,0,"Via Naz. Tiburtina, 159","TORNAGHI DEI DOT.RI GIACOMO, ALESSANDRO E BENEDETTA TORNAGHI SNC",10827221002,10,58104,TIVOLI,VILLA ADRIANA,58,RM,ROMA,120,LAZIO,2010-01-08T00:00:00,-,Ordinaria,1,41.95652,12.77343,1
1408,9856,0,"Via Tiburtina Valeria, 92",SANASI SAS DI SANASI RAFFAELE,09183011007,11,58047,GUIDONIA MONTECELIO,VILLALBA,58,RM,ROMA,120,LAZIO,2007-01-07T00:00:00,30/04/2012,Ordinaria,1,41.95215,12.69488,1
1409,9856,0,"Via Tiburtina Valeria, 92",FARMACIE SAN RAFFAELE SAS DI BIANCA MARIA AIELLO,11429991000,11,58047,GUIDONIA MONTECELIO,VILLALBA,58,RM,ROMA,120,LAZIO,2015-01-03T00:00:00,-,Ordinaria,1,41.95215,12.69488,1
1410,9856,0,"Via Tiburtina Valeria, 92",FARMACIE SAN RAFFAELE SAS,11429991000,11,58047,GUIDONIA MONTECELIO,VILLALBA,58,RM,ROMA,120,LAZIO,2012-01-05T00:00:00,28/02/2015,Ordinaria,1,41.95215,12.69488,1
1411,9856,0,"Via Tiburtina Valeria, 92",DI SIENA CINZIA,07504691002,11,58047,GUIDONIA MONTECELIO,VILLALBA,58,RM,ROMA,120,LAZIO,2005-01-01T00:00:00,30/06/2007,Ordinaria,1,41.95215,12.69488,1
1412,9857,0,"Largo E. Tomei, 1",TRAVERSA MARIA GRAZIA,00808911002,10,58095,SAN GREGORIO DA SASSOLA,-,58,RM,ROMA,120,LAZIO,2005-01-01T00:00:00,-,Ordinaria,1,41.92435,12.8606,1
1413,9858,0,"Piazza S. Sebastiano, 12",PALOMBI DAVID,00575751003,21,58001,AFFILE,-,58,RM,ROMA,120,LAZIO,2005-01-01T00:00:00,-,Ordinaria,1,41.89449,13.08346,1
1414,9859,0,"Viale Roma, 100",SCOPPINO EMANUELITA,00719751000,18,58075,PALOMBARA SABINA,CRETONE,58,RM,ROMA,120,LAZIO,2005-01-01T00:00:00,-,Ordinaria,1,42.06718,12.70553,1
1415,9860,0,"Piazza delle Ville, 33",PANATTA ROBERTO,13050281008,22,58006,ANTICOLI CORRADO,-,58,RM,ROMA,120,LAZIO,2015-01-01T00:00:00,-,Ordinaria,1,42.00952,12.98909,1
1416,9860,0,"Piazza delle Ville, 33",LORETI CARLO,00405371006,22,58006,ANTICOLI CORRADO,-,58,RM,ROMA,120,LAZIO,2013-01-03T00:00:00,31/12/2014,Ordinaria,1,42.00952,12.98909,1
1417,9860,0,"Via Roma, 14",LORETI CARLO,00405371006,22,58006,ANTICOLI CORRADO,-,58,RM,ROMA,120,LAZIO,2005-01-01T00:00:00,28/02/2013,Ordinaria,1,42.00952,12.98909,1
1418,9861,0,"Largo Lavatoio, 1",MASTROMATTEO ALDO,00510241003,32,58020,CARPINETO ROMANO,-,58,RM,ROMA,120,LAZIO,2005-01-01T00:00:00,-,Ordinaria,1,41.59886,13.09138,1
1419,9862,0,"Piazza della Vittoria, 4",INFANTINO SALVATORE,07852201008,25,58044,GERANO,-,58,RM,ROMA,120,LAZIO,2010-01-10T00:00:00,-,Ordinaria,1,41.93047,12.99452,1
1420,9862,0,"Piazza della Vittoria, 4",VIZZACCARO MARIA GRAZIA,07852201008,25,58044,GERANO,-,58,RM,ROMA,120,LAZIO,2005-01-01T00:00:00,31/10/2009,Ordinaria,1,41.93047,12.99452,1
1421,9862,0,"Piazza della Vittoria, 4",INFANTINO SALVATORE,10453271008,25,58044,GERANO,-,58,RM,ROMA,120,LAZIO,2009-01-11T00:00:00,30/09/2010,Ordinaria,1,41.93047,12.99452,1
1422,9863,0,"Via Roma, snc",GIANNONE GIORGIO,00339701005,30,58012,BELLEGRA,-,58,RM,ROMA,120,LAZIO,2005-01-01T00:00:00,-,Ordinaria,1,41.87965,13.02906,1
1423,9864,0,"Via S. Maria, 1",DI CECCO DELLA DR.SSA DI CECCO GIUSTINIANA & C. SAS,06951681003,29,58112,VICOVARO,-,58,RM,ROMA,120,LAZIO,2005-01-01T00:00:00,-,Ordinaria,1,42.01673,12.89545,1
1424,9865,0,"Via Cadorna, 31",GIOVANNI XXIII DR.SSA VILLONE ANTONIETTA,02465370803,28,58103,SUBIACO,-,58,RM,ROMA,120,LAZIO,2007-01-10T00:00:00,31/03/2015,Ordinaria,1,41.93646,13.11746,1
1425,9865,0,"Via Cadorna, 31",SEGATORI GIUSEPPE,00729021006,28,58103,SUBIACO,-,58,RM,ROMA,120,LAZIO,2005-01-01T00:00:00,30/09/2007,Ordinaria,1,41.93646,13.11746,1
1426,9865,0,"Via Cadorna, 31",PASSERINI NICOLA & C. SAS,13246871001,28,58103,SUBIACO,-,58,RM,ROMA,120,LAZIO,2015-01-04T00:00:00,-,Ordinaria,1,41.93646,13.11746,1
1427,9866,0,"Viale Roma, sn",ALEANDRI DEL DR. PANZIRONI SETTIMIO,08264171003,12,58047,GUIDONIA MONTECELIO,-,58,RM,ROMA,120,LAZIO,2005-01-01T00:00:00,-,Ordinaria,1,41.98134,12.70358,1
1428,9867,0,"Via Fleming, 53/D",LAURENZI MARIO,00404081002,31,58011,ARTENA,-,58,RM,ROMA,120,LAZIO,2005-01-01T00:00:00,-,Ordinaria,1,41.74355,12.91045,1
1429,9868,0,"Via Casilina km. 50,300",COMUNALE N.2 COLLEFERRO SCALO,05922051007,30,58034,COLLEFERRO,COLLEFERRO SCALO,58,RM,ROMA,120,LAZIO,2011-01-03T00:00:00,-,Ordinaria,1,41.73739,12.99046,1
1430,9868,0,Via Casilina km. 49,COMUNALE N.2 COLLEFERRO SCALO,-,30,58034,COLLEFERRO,COLLEFERRO SCALO,58,RM,ROMA,120,LAZIO,2005-01-01T00:00:00,28/02/2011,Ordinaria,1,41.73739,12.99046,1
1431,9869,0,"Via della Vittoria, 8",ZANDONADI PIETRINO,00850391004,30,58041,GAVIGNANO,-,58,RM,ROMA,120,LAZIO,2008-01-01T00:00:00,-,Ordinaria,1,41.70479,13.06823,1
1432,9869,0,"Via della Vittoria, 8",ZANDONADI PIETRINO,-,30,58041,GAVIGNANO,-,58,RM,ROMA,120,LAZIO,2005-01-01T00:00:00,31/12/2007,Ordinaria,1,41.70479,13.06823,1
1433,9870,0,"VIALE DEI PINI, 17",LEODORI ROSARIA,12921251000,30,58089,ROCCA SANTO STEFANO,-,58,RM,ROMA,120,LAZIO,2013-01-03T00:00:00,-,Ordinaria,1,41.91485,13.03297,1
1434,9870,0,"Via Roma, 7",GRILLI ARNERINO,00352571004,30,58089,ROCCA SANTO STEFANO,-,58,RM,ROMA,120,LAZIO,2005-01-01T00:00:00,28/02/2013,Ordinaria,1,41.91485,13.03297,1
1435,9871,0,"Via Mazzini, 82",BRIZZI DANIELE,00054761002,30,58062,MONTELANICO,-,58,RM,ROMA,120,LAZIO,2005-01-01T00:00:00,-,Ordinaria,1,41.64883,13.04017,1
1436,9872,0,"Via Regina Elena, 31 A-B",PORTELLI GIOVANNI,00618431001,10,58056,MARCELLINA,-,58,RM,ROMA,120,LAZIO,2005-01-01T00:00:00,-,Ordinaria,1,42.02243,12.80852,1
1437,9873,0,"Piazza San Giorgio, snc",CONTRATTI FERNANDO,00120151006,20,58008,ARCINAZZO ROMANO,-,58,RM,ROMA,120,LAZIO,2005-01-01T00:00:00,-,Ordinaria,1,41.87865,13.11637,1
1438,9874,0,"Via Roma, 14",BERNACCHIA ROMANO,00045961000,20,58030,CICILIANO,-,58,RM,ROMA,120,LAZIO,2005-01-01T00:00:00,30/04/2009,Ordinaria,1,41.9614,12.9418,1
1439,9874,0,"Via Roma, 14",GABRIELE GIUSEPPE,03642290716,20,58030,CICILIANO,-,58,RM,ROMA,120,LAZIO,2009-01-05T00:00:00,-,Ordinaria,1,41.9614,12.9418,1
1440,9875,0,"Via Empolitana, 126",CARICARI FABIO,09724711008,19,58104,TIVOLI,-,58,RM,ROMA,120,LAZIO,2008-01-02T00:00:00,30/09/2010,Ordinaria,1,41.95606,12.80477,1
1441,9875,0,"Via Empolitana, 126",PACI MANUELA,04025790587,19,58104,TIVOLI,-,58,RM,ROMA,120,LAZIO,2005-01-01T00:00:00,31/01/2008,Ordinaria,1,41.95606,12.80477,1
1442,9875,0,"Via Empolitana, 126",CARICARI FABIO,04025790587,19,58104,TIVOLI,-,58,RM,ROMA,120,LAZIO,2010-01-10T00:00:00,-,Ordinaria,1,41.95606,12.80477,1
1443,9876,0,"Viale Giovanni XXIII, 31",RICCARDI MARGHERITA,00656141009,30,58090,ROIATE,-,58,RM,ROMA,120,LAZIO,2005-01-01T00:00:00,31/03/2013,Ordinaria,1,41.86988,13.06949,1
1444,9876,0,"Viale Giovanni XXIII, 31",SAN BENEDETTO SNC,11903391008,30,58090,ROIATE,-,58,RM,ROMA,120,LAZIO,2013-01-04T00:00:00,-,Ordinaria,1,41.86988,13.06949,1
1445,9877,0,"Viale Ungheria, 84",GIOVANNONE DI ALESSIA E RENATO ALBANESE,12922481002,39,58114,ZAGAROLO,-,58,RM,ROMA,120,LAZIO,2014-01-10T00:00:00,-,Ordinaria,1,41.83206,12.83674,1
1446,9877,0,"Viale Ungheria, 80",GIOVANNONE DI ALESSIA E RENATO ALBANESE,12922481002,39,58114,ZAGAROLO,-,58,RM,ROMA,120,LAZIO,2005-01-01T00:00:00,30/09/2014,Ordinaria,1,41.83206,12.83674,1
1447,9878,0,"Corso Vittorio Emanuele, 80",MORELLI ANGIOLETTA,00477381008,37,58102,SEGNI,-,58,RM,ROMA,120,LAZIO,2005-01-01T00:00:00,-,Ordinaria,1,41.68986,13.021,1
1448,9879,0,"Via Maremmana Inferiore, 153",TORNAGHI BENEDETTA,07725051002,10,58047,GUIDONIA MONTECELIO,VILLANOVA,58,RM,ROMA,120,LAZIO,2005-01-01T00:00:00,31/07/2010,Ordinaria,1,41.98134,12.70358,1
1449,9879,0,"Via Maremmana Inferiore, 153","TORNAGHI DEI DOTTORI GIACOMO, ALESSANDRO E BENEDETTA TORNAGHI SNC",10827221002,10,58047,GUIDONIA MONTECELIO,VILLANOVA,58,RM,ROMA,120,LAZIO,2010-01-08T00:00:00,-,Ordinaria,1,41.98134,12.70358,1
1450,9880,0,"Via Belvedere A. Nardi, 4",SALTARELLI ARMANDO,06968091006,10,58098,SANT'ANGELO ROMANO,-,58,RM,ROMA,120,LAZIO,2005-01-01T00:00:00,31/12/2014,Ordinaria,1,42.03273,12.70616,1
1451,9880,0,"Via Belvedere A. Nardi, 4",MATTEI SILVIA SAS,12659031004,10,58098,SANT'ANGELO ROMANO,-,58,RM,ROMA,120,LAZIO,2015-01-01T00:00:00,-,Ordinaria,1,42.03273,12.70616,1
1452,9881,0,"Contr. Borgata S. Marino, 50",TRUCCO EGIDIO,00796641009,30,58045,GORGA,-,58,RM,ROMA,120,LAZIO,2005-01-01T00:00:00,28/02/2013,Ordinaria,1,41.65502,13.10909,1
1453,9881,0,"BORGATA S. MARIA, 50",TRUCCO EGIDIO,00796641009,30,58045,GORGA,-,58,RM,ROMA,120,LAZIO,2013-01-03T00:00:00,-,Ordinaria,1,41.65502,13.10909,1
1454,9882,0,"Via Turati, 133-135",AZIENDA PLURISERVIZI MONTEROTONDO - COMUNALE N.3,-,15,58065,MONTEROTONDO,-,58,RM,ROMA,120,LAZIO,2013-01-03T00:00:00,-,Ordinaria,1,42.06878,12.6236,1
1455,9882,0,"Via Turati, 133-135",COMUNALE N.3 MONTEROTONDO,-,15,58065,MONTEROTONDO,-,58,RM,ROMA,120,LAZIO,2005-01-01T00:00:00,28/02/2013,Ordinaria,1,42.06878,12.6236,1
1456,9883,0,"Via San Giovanni, 26",PASQUALE DONATO ANTONIO,-,36,58074,PALESTRINA,-,58,RM,ROMA,120,LAZIO,2005-01-01T00:00:00,31/08/2010,Ordinaria,1,41.83472,12.88699,1
1457,9883,0,"Via San Giovanni, 26",PASQUALE DONATO ANTONIO,00627281009,36,58074,PALESTRINA,-,58,RM,ROMA,120,LAZIO,2010-01-09T00:00:00,-,Ordinaria,1,41.83472,12.88699,1
1458,9884,0,"Via Nomentana, 194",COMUNALE CASALI DI MENTANA,-,13,58059,MENTANA,CASALI DI MENTANA,58,RM,ROMA,120,LAZIO,2013-01-03T00:00:00,-,Ordinaria,1,42.04086,12.6634,1
1459,9884,0,Piazza dell'Unita',COMUNALE CASALI DI MENTANA,-,13,58059,MENTANA,CASALI DI MENTANA,58,RM,ROMA,120,LAZIO,2005-01-01T00:00:00,28/02/2013,Ordinaria,1,42.04086,12.6634,1
1460,9885,0,Via Ignazio Silone - II Ponte IACP,COMUNALE LAURENTINO,05903241007,143,58091,ROMA,-,58,RM,ROMA,120,LAZIO,2007-01-09T00:00:00,-,Ordinaria,1,41.92368,12.57115,1
1461,9885,0,Via Ignazio Silone - II Ponte IACP,COMUNALE LAURENTINO,07360010586,143,58091,ROMA,-,58,RM,ROMA,120,LAZIO,2005-01-01T00:00:00,31/08/2007,Ordinaria,1,41.92368,12.57115,1
1462,9886,0,"Viale Cesare Pavese, 310",COMUNALE FONTE OSTIENSE FERRATELLA,05903241007,144,58091,ROMA,-,58,RM,ROMA,120,LAZIO,2007-01-09T00:00:00,-,Ordinaria,1,41.81751,12.47425,1
1463,9886,0,"Viale Cesare Pavese, 310",COMUNALE FONTE OSTIENSE FERRATELLA,07020680588,144,58091,ROMA,-,58,RM,ROMA,120,LAZIO,2005-01-01T00:00:00,31/08/2007,Ordinaria,1,41.81751,12.47425,1
1464,9887,0,"Via Empolitana, 17",POGGI RENZO,00563931005,19,58104,TIVOLI,-,58,RM,ROMA,120,LAZIO,2005-01-01T00:00:00,-,Ordinaria,1,41.95606,12.80477,1
1465,9888,0,"Via Tiburtina, 349",BALDINELLI FABIO,09348330581,11,58104,TIVOLI,BAGNI DI TIVOLI,58,RM,ROMA,120,LAZIO,2005-01-01T00:00:00,-,Ordinaria,1,41.95168,12.71736,1
1466,9889,0,"Via 3 Novembre, 105-109",LODI GAETANO,00381101005,13,58059,MENTANA,-,58,RM,ROMA,120,LAZIO,2005-01-01T00:00:00,-,Ordinaria,1,42.03379,12.63924,1
1467,9890,0,"Piazza Nazionale, 15",PETRILLI ANNA RITA,00639331008,10,58067,MORICONE,-,58,RM,ROMA,120,LAZIO,2005-01-01T00:00:00,-,Ordinaria,1,42.11347,12.74396,1
1468,9891,0,"Corso Umberto, 23",ROSSI BRUNORI ENRICO MARIA,00695251009,10,58063,MONTELIBRETTI,-,58,RM,ROMA,120,LAZIO,2005-01-01T00:00:00,-,Ordinaria,1,42.13522,12.73855,1
1469,9892,0,"Largo Mons. Giuseppe Cascioli, 8",DI RONZA VINCENZO,00251621009,10,58078,POLI,-,58,RM,ROMA,120,LAZIO,2005-01-01T00:00:00,-,Ordinaria,1,41.88882,12.89199,1
1470,9893,0,"VIA CARLO GOLDONI, SNC",COM.LE MENTANA N.2,06905571003,13,58059,MENTANA,TOR LUPARA,58,RM,ROMA,120,LAZIO,2014-01-12T00:00:00,-,Ordinaria,1,42.04086,12.6634,1
1471,9893,0,VIA C.GOLDONI SNC,COM.LE MENTANA N.2,-,13,58059,MENTANA,TOR LUPARA,58,RM,ROMA,120,LAZIO,2005-01-01T00:00:00,30/04/2013,Ordinaria,1,42.04086,12.6634,1
1472,9894,0,"Via Cavour, 73",CARRELLO MARIA,07440930589,33,58026,CAVE,-,58,RM,ROMA,120,LAZIO,2005-01-01T00:00:00,-,Ordinaria,1,41.81189,12.93249,1
1473,9895,0,VIA VITTORIO VENETO           8,MACCHIAROLI ROSARIO,07547120589,30,58025,CASTEL SAN PIETRO ROMANO,Santa Maria snc,58,RM,ROMA,120,LAZIO,2005-01-01T00:00:00,30/09/2010,Ordinaria,1,41.85816,12.90348,1
1474,9895,0,"VIA VITTORIO VENETO, 8",MACCHIAROLI ROSARIO,03901651004,30,58025,CASTEL SAN PIETRO ROMANO,Santa Maria snc,58,RM,ROMA,120,LAZIO,2010-01-10T00:00:00,-,Ordinaria,1,41.85816,12.90348,1
1475,9896,0,"Via Trento e Trieste, 36/38",BACECCI CINZIA,00001791003,30,58042,GENAZZANO,-,58,RM,ROMA,120,LAZIO,2005-01-01T00:00:00,-,Ordinaria,1,41.81444,12.98202,1
1476,9897,0,"Via Garibaldi, 2",CENTRALE SAS DI SCHIAPPA ANTONIO & C.,07908661007,28,58103,SUBIACO,-,58,RM,ROMA,120,LAZIO,2005-01-01T00:00:00,-,Ordinaria,1,41.93646,13.11746,1
1477,9898,0,"Via Aldo Moro, 88-90",STAZI UBALDO,00777251000,10,58040,GALLICANO NEL LAZIO,-,58,RM,ROMA,120,LAZIO,2005-01-01T00:00:00,-,Ordinaria,1,41.86495,12.83246,1
1478,9899,0,"Via IV Novembre, 8",GIDIUCCI MARISA,00322811001,10,58061,MONTEFLAVIO,-,58,RM,ROMA,120,LAZIO,2005-01-01T00:00:00,-,Ordinaria,1,42.10818,12.83038,1
1479,9900,0,"Via G. Theodoli, 46",MAZZE' NICOLA,03639691009,20,58094,SAMBUCI,-,58,RM,ROMA,120,LAZIO,2010-01-09T00:00:00,-,Ordinaria,1,41.98807,12.93828,1
1480,9900,0,"Via G. Theodoli, 46",MAZZE' NICOLA,-,20,58094,SAMBUCI,-,58,RM,ROMA,120,LAZIO,2005-01-01T00:00:00,31/08/2010,Ordinaria,1,41.98807,12.93828,1
1481,9902,0,"Via IV Novembre, 97/B",BERTI ANNA,00052761004,10,58066,MONTORIO ROMANO,-,58,RM,ROMA,120,LAZIO,2005-01-01T00:00:00,-,Ordinaria,1,42.13642,12.80645,1
1482,9903,0,"Piazza C. Battisti, 16",PISANTI ADRIANO,-,37,58102,SEGNI,-,58,RM,ROMA,120,LAZIO,2009-01-10T00:00:00,-,Ordinaria,1,41.69143,13.00528,1
1483,9903,0,"Piazza C. Battisti, 16",SMIRIGLIO ANTONIO,07758281005,37,58102,SEGNI,-,58,RM,ROMA,120,LAZIO,2005-01-01T00:00:00,30/09/2009,Ordinaria,1,41.69143,13.00528,1
1484,9904,0,-,MARCHETTI ANNA LUISA,00471261008,12,58047,GUIDONIA MONTECELIO,SETTEVILLE,58,RM,ROMA,120,LAZIO,2005-01-01T00:00:00,31/05/2006,Ordinaria,1,41.94231,12.64981,1
1485,9904,0,"Via G. Leopardi, 19",FARMACIA PIRACCI DI PIRACCI COSETTA & C. SAS,01771820683,12,58047,GUIDONIA MONTECELIO,SETTEVILLE,58,RM,ROMA,120,LAZIO,2013-01-03T00:00:00,-,Ordinaria,1,41.94231,12.64981,1
1486,9904,0,"Via G. Leopardi, 19",PIRACCI COSETTA,01771820683,12,58047,GUIDONIA MONTECELIO,SETTEVILLE,58,RM,ROMA,120,LAZIO,2006-01-06T00:00:00,28/02/2013,Ordinaria,1,41.94231,12.64981,1
1487,9905,0,"Piazza Aldo Moro, 15/16",RESTAINO FELICE,00698771003,12,58047,GUIDONIA MONTECELIO,ALBUCCIONE,58,RM,ROMA,120,LAZIO,2005-01-01T00:00:00,-,Ordinaria,1,41.9611,12.79821,1
1488,9906,0,"Piazza S. Giovanni, 37",DE MICHELE SERGIO,08710440580,14,58047,GUIDONIA MONTECELIO,-,58,RM,ROMA,120,LAZIO,2010-01-09T00:00:00,-,Ordinaria,1,41.98134,12.70358,1
1489,9906,0,"Piazza S. Giovanni, 37",DE MICHELE SERGIO,00019820497,14,58047,GUIDONIA MONTECELIO,-,58,RM,ROMA,120,LAZIO,2005-01-01T00:00:00,31/08/2010,Ordinaria,1,41.98134,12.70358,1
1490,9907,0,"Via Maremmana Inferiore, 300",ROSSETTI LAURA,08695740582,10,58047,GUIDONIA MONTECELIO,VILLANOVA,58,RM,ROMA,120,LAZIO,2005-01-01T00:00:00,30/09/2012,Ordinaria,1,42.00646,12.76223,1
1491,9907,0,"Via Maremmana Inferiore, 300",ROSSETTI SAS,11993721007,10,58047,GUIDONIA MONTECELIO,VILLANOVA,58,RM,ROMA,120,LAZIO,2012-01-10T00:00:00,-,Ordinaria,1,42.00646,12.76223,1
1492,9908,0,"Piazza F. Patellani, snc",TERRONE SNC,13264951008,38,58110,VALMONTONE,Centro Comm.le I Macinanti,58,RM,ROMA,120,LAZIO,2015-01-06T00:00:00,-,Ordinaria,1,41.77111,12.9183,1
1493,9908,0,"Piazza F. Patellani, snc",TERRONE GIANCARLO,02320860584,38,58110,VALMONTONE,Centro Comm.le I Macinanti,58,RM,ROMA,120,LAZIO,2005-01-01T00:00:00,31/05/2015,Ordinaria,1,41.77111,12.9183,1
1494,9909,0,"Via Brennero, 24/26",SALUCCI ALDO,10653101005,10,58122,FONTE NUOVA,TOR LUPARA,58,RM,ROMA,120,LAZIO,2010-01-01T00:00:00,28/02/2013,Ordinaria,1,41.99284,12.62004,1
1495,9909,0,"Via Brennero, 24/26",BELLAVITA MARIA ELISABETTA,03624701003,10,58122,FONTE NUOVA,TOR LUPARA,58,RM,ROMA,120,LAZIO,2005-01-01T00:00:00,31/12/2009,Ordinaria,1,41.99284,12.62004,1
1496,9909,0,"Via Brennero, 24/26",SALUCCI ALDO,10653101005,13,58122,FONTE NUOVA,-,58,RM,ROMA,120,LAZIO,2013-01-03T00:00:00,-,Ordinaria,1,41.99284,12.62004,1
1497,9910,0,"Via Reatina, 48/A",IAMPICONI ELSA,03622471005,13,58059,MENTANA,-,58,RM,ROMA,120,LAZIO,2005-01-01T00:00:00,-,Ordinaria,1,42.03872,12.63947,1
1498,9911,0,"Via della Vittoria, 23",TROILO GIOVANNI,00798741005,36,58074,PALESTRINA,-,58,RM,ROMA,120,LAZIO,2005-01-01T00:00:00,-,Ordinaria,1,41.81832,12.8587,1
1499,9912,0,"Piazza Roma, 5",CAPONERA GIUSEPPINA,08050401002,20,58017,CANTERANO,-,58,RM,ROMA,120,LAZIO,2005-01-01T00:00:00,-,Ordinaria,1,41.93766,13.03968,1
1500,9913,0,"Piazza della Queva, 11",BALDINELLI MARCO,03975131008,11,58104,TIVOLI,BAGNI DI TIVOLI,58,RM,ROMA,120,LAZIO,2005-01-01T00:00:00,-,Ordinaria,1,41.96092,12.79888,1
1501,9914,0,"Via Salaria, 221",PALLI DOMENICO,09062190583,18,58065,MONTEROTONDO,MONTEROTONDO SCALO,58,RM,ROMA,120,LAZIO,2013-01-03T00:00:00,-,Ordinaria,1,42.07056,12.5987,1
1502,9914,0,"Via Salaria, 221",PALLI DOMENICO,09062190583,16,58065,MONTEROTONDO,MONTEROTONDO SCALO,58,RM,ROMA,120,LAZIO,2005-01-01T00:00:00,28/02/2013,Ordinaria,1,42.07056,12.5987,1
1503,9915,0,"Piazza S. Maria delle Grazie, 5",COMUNALE N.4 MONTEROTONDO,-,15,58065,MONTEROTONDO,-,58,RM,ROMA,120,LAZIO,2005-01-01T00:00:00,28/02/2013,Ordinaria,1,42.06878,12.6236,1
1504,9915,0,"Piazza S. Maria delle Grazie, 5",AZIENDA PLURISERVIZI MONTEROTONDO - COMUNALE N.4,-,15,58065,MONTEROTONDO,-,58,RM,ROMA,120,LAZIO,2013-01-03T00:00:00,-,Ordinaria,1,42.06878,12.6236,1
1505,9916,0,"Via Monte Bianco, 59-61",BARRESI ANTONINO,07747581002,12,58047,GUIDONIA MONTECELIO,COLLEVERDE,58,RM,ROMA,120,LAZIO,2005-01-01T00:00:00,-,Ordinaria,1,41.98132,12.62042,1
1506,9917,0,"Via Rosolina, 101",SCIARRA DEL DR. GIUSEPPE SCIARRA E C. SNC,09114860589,10,58104,TIVOLI,VILLA ADRIANA,58,RM,ROMA,120,LAZIO,2005-01-01T00:00:00,31/08/2010,Ordinaria,1,41.94931,12.77224,1
1507,9917,0,"Via Rosolina, 53",SCIARRA SAS,08584811007,10,58104,TIVOLI,VILLA ADRIANA,58,RM,ROMA,120,LAZIO,2010-01-09T00:00:00,-,Ordinaria,1,41.94931,12.77224,1
1508,9918,0,"Via Sublacense, 19",EREDI CONTE DR. MARIO,11158561008,20,58002,AGOSTA,-,58,RM,ROMA,120,LAZIO,2011-01-03T00:00:00,30/09/2011,Ordinaria,1,41.98053,13.04089,1
1509,9918,0,"Via Sublacense, 19",CONTE MARIO,09141620584,20,58002,AGOSTA,-,58,RM,ROMA,120,LAZIO,2005-01-01T00:00:00,28/02/2011,Ordinaria,1,41.98053,13.04089,1
1510,9918,0,"Via Sublacense, 19",CONTE,11541611007,20,58002,AGOSTA,-,58,RM,ROMA,120,LAZIO,2011-01-10T00:00:00,-,Ordinaria,1,41.98053,13.04089,1
1511,9919,0,"Corso Guglielmo Marconi, 6",PROIETTI GABRIELLA,09109180589,10,58021,CASAPE,-,58,RM,ROMA,120,LAZIO,2005-01-01T00:00:00,-,Ordinaria,1,41.90679,12.88532,1
1512,9920,0,"Via dei Girasoli, 30",SCARAMELLA SIMONETTA,08665920586,12,58047,GUIDONIA MONTECELIO,COLLEFIORITO,58,RM,ROMA,120,LAZIO,2005-01-01T00:00:00,-,Ordinaria,1,41.98134,12.70358,1
1513,9921,0,"Via Provinciale, 7",RASI GIORGIO,04443721008,20,58083,RIOFREDDO,-,58,RM,ROMA,120,LAZIO,2005-01-01T00:00:00,-,Ordinaria,1,42.06052,13.00033,1
1514,9922,0,"Via della Libert, 19",PACIFICI-TORNAGHI DI M. EUPLE PACIFICI & C.SNC,04486531009,24,58023,CASTEL MADAMA,-,58,RM,ROMA,120,LAZIO,2015-01-01T00:00:00,-,Ordinaria,1,41.96884,12.8753,1
1515,9922,0,"Via G. Marconi, 7",PACIFICI-TORNAGHI DI M. EUPLE PACIFICI & C.SNC,04486531009,24,58023,CASTEL MADAMA,-,58,RM,ROMA,120,LAZIO,2005-01-01T00:00:00,31/12/2014,Ordinaria,1,41.96884,12.8753,1
1516,9923,0,"Via Giacomo Matteotti, 6/8/10",CUCCHIARONI ANDREA,00070671003,15,58065,MONTEROTONDO,-,58,RM,ROMA,120,LAZIO,2005-01-01T00:00:00,31/08/2010,Ordinaria,1,42.06878,12.6236,1
1517,9923,0,"Via Giacomo Matteotti, 6/8/10",CUCCHIARONI ANDREA,04486591003,15,58065,MONTEROTONDO,-,58,RM,ROMA,120,LAZIO,2010-01-09T00:00:00,-,Ordinaria,1,42.06878,12.6236,1
1518,9924,0,"Via della Liberta', 50",ANTICA FARMACIA SALUCCI SAS,04657631000,18,58075,PALOMBARA SABINA,-,58,RM,ROMA,120,LAZIO,2005-01-01T00:00:00,-,Ordinaria,1,42.06795,12.76584,1
1519,9925,0,"Via Tiburtina Valeria Km 34,300",SULSENTI ADRIANA,07149720588,19,58104,TIVOLI,-,58,RM,ROMA,120,LAZIO,2005-01-01T00:00:00,31/12/2007,Ordinaria,1,41.95215,12.69488,1
1520,9925,0,"Via Tiburtina Valeria Km 34,300",SULSENTI ADRIANA,04801891005,19,58104,TIVOLI,-,58,RM,ROMA,120,LAZIO,2008-01-01T00:00:00,28/02/2013,Ordinaria,1,41.95215,12.69488,1
1521,9925,0,"Via Tiburtina Valeria, 78",SULSENTI ADRIANA,04801891005,19,58104,TIVOLI,-,58,RM,ROMA,120,LAZIO,2013-01-03T00:00:00,-,Ordinaria,1,41.95215,12.69488,1
1522,9926,0,"Via Gramsci, 42",ZUCCARELLO SALVATORE,09931980586,26,58051,LICENZA,-,58,RM,ROMA,120,LAZIO,2005-01-01T00:00:00,-,Ordinaria,1,42.07867,12.89309,1
1523,9927,0,Via Campolimpido di Tivoli,GIOVANNOLA FABRIZIO,04873791000,19,58104,TIVOLI,VILLA ADRIANA,58,RM,ROMA,120,LAZIO,2005-01-01T00:00:00,-,Ordinaria,1,41.96092,12.79888,1
1524,9928,0,"Piazza Mazzini, 10",ROMAGNOLI GIANNI,10178450580,30,58049,LABICO,-,58,RM,ROMA,120,LAZIO,2005-01-01T00:00:00,-,Ordinaria,1,41.79052,12.86386,1
1525,9929,0,"Via Costa Sole, 22",PULIGNANO GIOVANNA,05338841009,20,58027,CERRETO LAZIALE,-,58,RM,ROMA,120,LAZIO,2008-01-01T00:00:00,-,Ordinaria,1,41.95601,12.97645,1
1526,9929,0,"Via Costa Sole, 22",PULIGNANO GIOVANNA,10186250584,20,58027,CERRETO LAZIALE,-,58,RM,ROMA,120,LAZIO,2005-01-01T00:00:00,31/12/2007,Ordinaria,1,41.95601,12.97645,1
1527,9930,0,"VIA C. BATTISTI, 88",CONTI DI VALENTINI LORENZO E GIUSEPPE SNC,05096221006,19,58104,TIVOLI,-,58,RM,ROMA,120,LAZIO,2013-01-03T00:00:00,-,Ordinaria,1,41.96092,12.79888,1
1528,9930,0,"Largo C. Battisti, 88",CONTI DI VALENTINI LORENZO E GIUSEPPE SNC,05096221006,19,58104,TIVOLI,-,58,RM,ROMA,120,LAZIO,2005-01-01T00:00:00,28/02/2013,Ordinaria,1,41.96092,12.79888,1
1529,9931,0,"Via Vittorio Veneto, 47/49",FACCIOLO FRANCESCO,05241761005,30,58074,PALESTRINA,CARCHITTI,58,RM,ROMA,120,LAZIO,2005-01-01T00:00:00,-,Ordinaria,1,41.81832,12.8587,1
1530,9932,0,"Via Nomentana, 501",BOLLE LUCIANA,10219490587,13,58059,MENTANA,TOR LUPARA,58,RM,ROMA,120,LAZIO,2010-01-10T00:00:00,-,Ordinaria,1,42.01552,12.64078,1
1531,9932,0,"Via Nomentana, 501",BOLLE LUCIANA,-,13,58059,MENTANA,TOR LUPARA,58,RM,ROMA,120,LAZIO,2005-01-01T00:00:00,30/09/2010,Ordinaria,1,42.01552,12.64078,1
1532,9933,0,"Via Pio XII, 60",SIMEONI ROBERTO,10374480589,33,58026,CAVE,-,58,RM,ROMA,120,LAZIO,2013-01-03T00:00:00,-,Ordinaria,1,41.83582,12.8882,1
1533,9933,0,"V.le Pio XII, 60",SIMEONI ROBERTO,10374480589,33,58026,CAVE,-,58,RM,ROMA,120,LAZIO,2005-01-01T00:00:00,28/02/2013,Ordinaria,1,41.83582,12.8882,1
1534,9934,0,"Via F. Bulgarini, 28",PANGIA RAFFAELE VINCENZO,05381141000,19,58104,TIVOLI,-,58,RM,ROMA,120,LAZIO,2005-01-01T00:00:00,-,Ordinaria,1,41.95565,12.79461,1
1535,9935,0,"Via Palombarese, 137/141",BERNOCCHI DELLA DOTT.SSA EMILIA BERNOCCHI E C. SAS,12511641008,13,58059,MENTANA,-,58,RM,ROMA,120,LAZIO,2013-01-03T00:00:00,-,Ordinaria,1,42.00559,12.67558,1
1536,9935,0,"Via Palombarese, 127",BERNOCCHI EMILIA,10474120580,13,58059,MENTANA,SANTA LUCIA,58,RM,ROMA,120,LAZIO,2005-01-01T00:00:00,28/02/2013,Ordinaria,1,42.00559,12.67558,1
1537,9936,0,"Piazza Amico D'Arsoli, 2/A",SAN BARTOLOMEO DEI DR.I A. & G. TASSONE SNC,07700511004,23,58010,ARSOLI,-,58,RM,ROMA,120,LAZIO,2005-01-01T00:00:00,-,Ordinaria,1,42.04165,13.0173,1
1538,9937,0,"Piazza Rivarola, 8",MINELLI SNC DEI DR.I GIOVANNA E MICHELE MINELLI,07745301007,19,58104,TIVOLI,-,58,RM,ROMA,120,LAZIO,2005-01-01T00:00:00,-,Ordinaria,1,41.96542,12.79936,1
1539,9938,0,Via Piagge 20,ALIQUO' FRANCESCO,-,20,58077,PISONIANO,-,58,RM,ROMA,120,LAZIO,2005-01-01T00:00:00,31/12/2007,Ordinaria,1,41.90506,12.95811,1
1540,9938,0,"Via Piagge, 20",ALIQUO' FRANCESCO,05707031000,20,58077,PISONIANO,-,58,RM,ROMA,120,LAZIO,2008-01-01T00:00:00,-,Ordinaria,1,41.90506,12.95811,1
1541,9939,0,"Viale Piave, 80",VIZZACCARO SAS DELLA DR.SSA VIZZACCARO MARIA GRAZIA,10608341003,30,58100,SAN VITO ROMANO,S.VITO ROMANO,58,RM,ROMA,120,LAZIO,2009-01-11T00:00:00,30/09/2010,Ordinaria,1,41.87982,12.97939,1
1542,9939,0,"Via Borgo Mario Theodoli, 22",FERRARA RENATO,05762751005,30,58100,SAN VITO ROMANO,S.VITO ROMANO,58,RM,ROMA,120,LAZIO,2005-01-01T00:00:00,31/10/2009,Ordinaria,1,41.87982,12.97939,1
1543,9939,0,"Viale Piave, 80",VIZZACCARO SAS DELLA DR.SSA VIZZACCARO MARIA GRAZIA,05762751005,30,58100,SAN VITO ROMANO,-,58,RM,ROMA,120,LAZIO,2010-01-10T00:00:00,-,Ordinaria,1,41.87982,12.97939,1
1544,9940,0,"Piazza Unione, 3",BIASIOTTI ELSA,-,31,58011,ARTENA,-,58,RM,ROMA,120,LAZIO,2005-01-01T00:00:00,-,Ordinaria,1,41.7287,12.89429,1
1545,9941,0,"Via Lata, 251",ARTEMISIA DOTT. ANGELO MONTECUOLLO,07410481001,49,58111,VELLETRI,-,58,RM,ROMA,120,LAZIO,2005-01-01T00:00:00,28/02/2011,Ordinaria,1,41.69291,12.78058,1
1546,9941,0,"Via Lata, 251",ARTEMISIA DEL DR. ANGELO MONTECUOLLO SNC,10747041001,49,58111,VELLETRI,-,58,RM,ROMA,120,LAZIO,2011-01-03T00:00:00,-,Ordinaria,1,41.69291,12.78058,1
1547,9942,0,"Piazza Matteotti, 6",BAGNI PATRIZIA,04141401002,13,58059,MENTANA,CASTELCHIODATO,58,RM,ROMA,120,LAZIO,2005-01-01T00:00:00,-,Ordinaria,1,42.05704,12.69739,1
1548,9943,0,"Via della Croce, 13",PELLEGRINO SALVATORE,06366991005,36,58074,PALESTRINA,-,58,RM,ROMA,120,LAZIO,2005-01-01T00:00:00,-,Ordinaria,1,41.83611,12.87824,1
1549,9944,0,"Viale Vittorio Veneto, 4",QUADRINI DI REMO QUADRINI SAS,10233841005,35,58073,OLEVANO ROMANO,-,58,RM,ROMA,120,LAZIO,2013-01-03T00:00:00,-,Ordinaria,1,41.86062,13.03309,1
1550,9944,0,"Viale Vittorio Veneto, 4",BIZZARRI OLIVIA,06364131000,35,58073,OLEVANO ROMANO,-,58,RM,ROMA,120,LAZIO,2005-01-01T00:00:00,28/02/2013,Ordinaria,1,41.86062,13.03309,1
1551,9945,0,"Via Fontana Bracchi, 61/A",LA SALUTE DR.SSA MIRELLA LA VERGHETTA,-,34,58034,COLLEFERRO,-,58,RM,ROMA,120,LAZIO,2009-01-03T00:00:00,31/05/2009,Ordinaria,1,41.73739,12.99046,1
1552,9945,0,"Via Fontana Bracchi, 61/A",LA SALUTE DR.SSA MIRELLA LA VERGHETTA,06537001008,34,58034,COLLEFERRO,-,58,RM,ROMA,120,LAZIO,2005-01-01T00:00:00,30/09/2010,Ordinaria,1,41.73739,12.99046,1
1553,9945,0,"Via Fontana Bracchi, 61/A",LA SALUTE DR.SSA MIRELLA LA VERGHETTA,06537091008,34,58034,COLLEFERRO,-,58,RM,ROMA,120,LAZIO,2010-01-10T00:00:00,-,Ordinaria,1,41.73739,12.99046,1
1554,9946,0,"Corso Umberto I, 14",SAN GASPARE DR.SSA BONO TERESA,01652050590,20,58048,JENNE,-,58,RM,ROMA,120,LAZIO,2013-01-06T00:00:00,-,Ordinaria,1,41.89068,13.16637,1
1555,9946,0,"Via Rodolfo Ciccarelli, 4",POLLONE MARIA LAURA,06399181004,20,58048,JENNE,-,58,RM,ROMA,120,LAZIO,2005-01-01T00:00:00,31/05/2013,Ordinaria,1,41.89068,13.16637,1
1556,9947,0,"Viale Ungheria, 3",SOFI DOMENICA,06587911006,27,58092,ROVIANO,-,58,RM,ROMA,120,LAZIO,2005-01-01T00:00:00,-,Ordinaria,1,42.03014,12.99474,1
1557,9948,0,"Largo Falcone, 7",IVELLA SIMONETTA,08777560585,12,58047,GUIDONIA MONTECELIO,-,58,RM,ROMA,120,LAZIO,2005-01-01T00:00:00,-,Ordinaria,1,41.98134,12.70358,1
1558,9949,0,"Piazza Bonaparte, 9",DI NAPOLI STEFANO,06711751005,20,58053,MANDELA,-,58,RM,ROMA,120,LAZIO,2005-01-01T00:00:00,-,Ordinaria,1,42.04053,12.92692,1
1559,9950,0,"Via della Vittoria, 7",CIOCCOLONI DI ROSSI DONATELLA E C. SNC,06778481009,63,58015,CAMPAGNANO DI ROMA,-,58,RM,ROMA,120,LAZIO,2005-01-01T00:00:00,-,Ordinaria,1,42.13191,12.36968,1
1560,9951,0,"Corso Italia, 92","ALTOBELLI SAS DEI DR. D. ALTOBELLI, A. FIRRIOLO & C",11498151007,11,58047,GUIDONIA MONTECELIO,VILLALBA,58,RM,ROMA,120,LAZIO,2012-01-05T00:00:00,-,Ordinaria,1,41.95465,12.73069,1
1561,9951,0,"Corso Italia, 95",ALTOBELLI DEBORA,07093501000,11,58047,GUIDONIA MONTECELIO,VILLALBA,58,RM,ROMA,120,LAZIO,2005-01-01T00:00:00,30/04/2012,Ordinaria,1,41.95465,12.73069,1
1562,9952,0,"Via Salaria Vecchia, 22",NEROLA DR. FRANCESCO PALMIERI,02427720244,17,58071,NEROLA,ACQUAVIVA,58,RM,ROMA,120,LAZIO,2005-01-01T00:00:00,-,Ordinaria,1,42.16728,12.76586,1
1563,9953,0,"Piazzale Giovanni XXIII, snc",VECCHIARINO GIUSEPPE,07319041005,20,58028,CERVARA DI ROMA,-,58,RM,ROMA,120,LAZIO,2005-01-01T00:00:00,-,Ordinaria,1,41.98626,13.08342,1
1564,9954,0,"Piazza della Liberta', 11",BALDESCHI MARIO,00011541000,40,58022,CASTEL GANDOLFO,-,58,RM,ROMA,120,LAZIO,2005-01-01T00:00:00,-,Ordinaria,1,41.74252,12.64888,1
1565,9955,0,"Via F.lli Colabona, 33",E.C.A. GENZANO,00000184527,45,58043,GENZANO DI ROMA,-,58,RM,ROMA,120,LAZIO,2005-01-01T00:00:00,28/02/2010,Ordinaria,1,41.67771,12.70611,1
1566,9955,0,LARGO NICOLA OTTAVIO SNC,E.C.A. GENZANO,-,45,58043,GENZANO DI ROMA,-,58,RM,ROMA,120,LAZIO,2010-01-03T00:00:00,-,Ordinaria,1,41.67771,12.70611,1
1567,9955,0,"Via F.lli Colabona, 33",E.C.A. GENZANO,-,45,58043,GENZANO DI ROMA,-,58,RM,ROMA,120,LAZIO,2009-01-03T00:00:00,31/05/2009,Ordinaria,1,41.67771,12.70611,1
1568,9956,0,"Piazza C. Fontana, 4",COMUNALE N.1 LANUVIO,-,40,58050,LANUVIO,-,58,RM,ROMA,120,LAZIO,2005-01-01T00:00:00,-,Ordinaria,1,41.64349,12.68539,1
1569,9957,0,"Piazza M. Mastrofini, 25",ENNIO PONZI SAS,10182371004,40,58060,MONTECOMPATRI,-,58,RM,ROMA,120,LAZIO,2005-01-01T00:00:00,-,Ordinaria,1,41.80769,12.73683,1
1570,9958,0,"Via A. De Gasperi, 52",COMUNALE ALBANO,00079660841,41,58003,ALBANO LAZIALE,-,58,RM,ROMA,120,LAZIO,2005-01-01T00:00:00,28/02/2013,Ordinaria,1,41.72967,12.65878,1
1571,9958,0,"Via A. De Gasperi, 52",ALBALONGA SPA - FARMACIA 1,00079660841,41,58003,ALBANO LAZIALE,-,58,RM,ROMA,120,LAZIO,2013-01-03T00:00:00,-,Ordinaria,1,41.72967,12.65878,1
1572,9959,0,"Corso Trieste, 3",TACCONI CESARE,00781811005,47,58057,MARINO,-,58,RM,ROMA,120,LAZIO,2005-01-01T00:00:00,31/08/2008,Ordinaria,1,41.76159,12.62463,1
1573,9959,0,"Corso Trieste, 3",TACCONI SILVIA,09587041006,47,58057,MARINO,-,58,RM,ROMA,120,LAZIO,2008-01-09T00:00:00,-,Ordinaria,1,41.76159,12.62463,1
1574,9960,0,"Via Monte Grappa, 62",COMUNALE N.1 CIAMPINO,-,43,58118,CIAMPINO,-,58,RM,ROMA,120,LAZIO,2005-01-01T00:00:00,30/06/2007,Ordinaria,1,41.80142,12.60149,1
1575,9960,0,"Via Monte Grappa, 62",ASP SPA - COMUNALE N.1,02315031001,43,58118,CIAMPINO,-,58,RM,ROMA,120,LAZIO,2013-01-03T00:00:00,-,Ordinaria,1,41.80142,12.60149,1
1576,9960,0,"Via Monte Grappa, 62",COMUNALE N.1 CIAMPINO,02315031001,43,58118,CIAMPINO,-,58,RM,ROMA,120,LAZIO,2007-01-07T00:00:00,28/02/2013,Ordinaria,1,41.80142,12.60149,1
1577,9961,0,"Piazza Pia, 11",INTERNAZIONALE DI P. CICCONETTI & C. SNC,10334451001,42,58007,ANZIO,-,58,RM,ROMA,120,LAZIO,2009-01-09T00:00:00,-,Ordinaria,1,41.44696,12.62833,1
1578,9961,0,"Piazza Pia, 11",CICCONETTI PIERANDREA,00074691007,42,58007,ANZIO,-,58,RM,ROMA,120,LAZIO,2005-01-01T00:00:00,31/08/2009,Ordinaria,1,41.44696,12.62833,1
1579,9962,0,"Piazza S. Pietro, 2",SAN PIETRO SNC DEI DOTT.RI MARIA LETIZIA E NICOLA MARINI,09530881003,44,58039,FRASCATI,-,58,RM,ROMA,120,LAZIO,2013-01-03T00:00:00,-,Ordinaria,1,41.80752,12.68053,1
1580,9962,0,"Piazza S. Pietro, 2",LIPPI GIULIANA,00399181007,44,58039,FRASCATI,-,58,RM,ROMA,120,LAZIO,2005-01-01T00:00:00,31/07/2007,Ordinaria,1,41.80752,12.68053,1
1581,9962,0,"Piazza S. Pietro, 2",EREDI LIPPI GIULIANA,09530881003,44,58039,FRASCATI,-,58,RM,ROMA,120,LAZIO,2007-01-08T00:00:00,28/02/2013,Ordinaria,1,41.80752,12.68053,1
1582,9963,0,"Piazza del Gesu', 13",ARAMINI ALESSANDRO,00851130583,44,58039,FRASCATI,-,58,RM,ROMA,120,LAZIO,2005-01-01T00:00:00,30/06/2007,Ordinaria,1,41.80815,12.68072,1
1583,9963,0,"Piazza del Gesu', 13",ARAMINI ANNA E MARIO SNC,09169921005,44,58039,FRASCATI,-,58,RM,ROMA,120,LAZIO,2007-01-07T00:00:00,-,Ordinaria,1,41.80815,12.68072,1
1584,9964,0,"Piazza Cairoli, 46",ROMANI RICCARDO,00447910589,49,58111,VELLETRI,-,58,RM,ROMA,120,LAZIO,2005-01-01T00:00:00,31/03/2007,Ordinaria,1,41.68895,12.77973,1
1585,9964,0,"Via Ettore Gabrielli, 43",ROMANI ROBERTO,00447910589,49,58111,VELLETRI,-,58,RM,ROMA,120,LAZIO,2015-01-06T00:00:00,-,Ordinaria,1,41.68895,12.77973,1
1586,9964,0,"Piazza Cairoli, 2",ROMANI ROBERTO,00447910589,49,58111,VELLETRI,-,58,RM,ROMA,120,LAZIO,2008-01-01T00:00:00,31/05/2015,Ordinaria,1,41.68895,12.77973,1
1587,9964,0,"Piazza Cairoli, 2",ROMANI ROBERTO,09187191003,49,58111,VELLETRI,-,58,RM,ROMA,120,LAZIO,2007-01-04T00:00:00,31/12/2007,Ordinaria,1,41.68895,12.77973,1
1588,9965,0,"Piazza Borghese, 3 e Piazza Mercato, 12",SUBRIZI DEL DR. MARCO COLUCCI & C. SNC,08622631003,40,58064,MONTE PORZIO CATONE,-,58,RM,ROMA,120,LAZIO,2005-01-01T00:00:00,-,Ordinaria,1,41.81595,12.71031,1
1589,9966,0,"Via del Corso, 82",CALDERAZZO F2 SAS DEL DR. FILIPPO CALDERAZZO,12299491006,49,58111,VELLETRI,-,58,RM,ROMA,120,LAZIO,2013-01-05T00:00:00,-,Ordinaria,1,41.66318,12.76837,1
1590,9966,0,"Via del Corso, 82",CIAMPI ANGELO,00108971003,49,58111,VELLETRI,-,58,RM,ROMA,120,LAZIO,2005-01-01T00:00:00,30/04/2013,Ordinaria,1,41.66318,12.76837,1
1591,9967,0,"Piazzale Ugo La Malfa, 2",COMUNALE N.2 LANUVIO PASCOLARE,02128361009,40,58050,LANUVIO,PASCOLARE LANUVIO,58,RM,ROMA,120,LAZIO,2013-01-03T00:00:00,-,Ordinaria,1,41.6797,12.71262,1
1592,9967,0,Via Nettunense Km 15,COMUNALE N.2 LANUVIO PASCOLARE,02128361009,40,58050,LANUVIO,PASCOLARE LANUVIO,58,RM,ROMA,120,LAZIO,2005-01-01T00:00:00,28/02/2013,Ordinaria,1,41.6797,12.71262,1
1593,9968,0,"Via Silvio Spaventa, 10",SCARFO'  SAS DEL DR. SCARFO' GIOVANNI,10750871005,40,58086,ROCCA DI PAPA,-,58,RM,ROMA,120,LAZIO,2011-01-03T00:00:00,-,Ordinaria,1,41.75357,12.73606,1
1594,9968,0,"Corso Costituente, 55",SCARFO' GIOVANNI,00062841002,40,58086,ROCCA DI PAPA,-,58,RM,ROMA,120,LAZIO,2005-01-01T00:00:00,30/11/2007,Ordinaria,1,41.75357,12.73606,1
1595,9968,0,"Via Silvio Spaventa, 55",SCARFO' GIOVANNI,08637601009,40,58086,ROCCA DI PAPA,-,58,RM,ROMA,120,LAZIO,2007-01-12T00:00:00,28/02/2011,Ordinaria,1,41.75357,12.73606,1
1596,9969,0,"Via del Comune, 66",CESARONI BRUNO,00168381002,49,58111,VELLETRI,-,58,RM,ROMA,120,LAZIO,2005-01-01T00:00:00,-,Ordinaria,1,41.6878,12.77819,1
1597,9970,0,"Corso Trieste, 55",FRANCESCHETTI SANDRA,09229710588,47,58057,MARINO,-,58,RM,ROMA,120,LAZIO,2005-01-01T00:00:00,-,Ordinaria,1,41.76159,12.62463,1
1598,9971,0,"Piazza Kennedy, 50/A",COMUNALE CIAMPINO 2,02315031001,43,58118,CIAMPINO,-,58,RM,ROMA,120,LAZIO,2013-01-03T00:00:00,-,Ordinaria,1,41.79433,12.61516,1
1599,9971,0,"Piazza Kennedy, 17",COMUNALE CIAMPINO 2,02315031001,43,58118,CIAMPINO,-,58,RM,ROMA,120,LAZIO,2007-01-07T00:00:00,28/02/2013,Ordinaria,1,41.79433,12.61516,1
1600,9971,0,"Via Mura dei Francesi, 164/H",COMUNALE CIAMPINO 3,-,43,58118,CIAMPINO,-,58,RM,ROMA,120,LAZIO,2005-01-01T00:00:00,30/06/2007,Ordinaria,1,41.79433,12.61516,1
1601,9972,0,"Corso del Popolo, 7",GHELFI MAURO,00327391009,46,58046,GROTTAFERRATA,-,58,RM,ROMA,120,LAZIO,2005-01-01T00:00:00,-,Ordinaria,1,41.78782,12.66836,1
1602,9973,0,"Via del Mare, 22",CAMERUCCI GIANCARLO,00110261005,40,58003,ALBANO LAZIALE,PAVONA DI ALBANO,58,RM,ROMA,120,LAZIO,2005-01-01T00:00:00,-,Ordinaria,1,41.72326,12.60668,1
1603,9974,0,"P.za Garibaldi, 54",COMUNALE N.3 MARINO,02128361009,47,58057,MARINO,-,58,RM,ROMA,120,LAZIO,2005-01-01T00:00:00,29/02/2008,Ordinaria,1,41.77009,12.65854,1
1604,9974,0,"P.za Garibaldi, 53",COMUNALE N.3 MARINO,05447451005,47,58057,MARINO,-,58,RM,ROMA,120,LAZIO,2008-01-03T00:00:00,-,Ordinaria,1,41.77009,12.65854,1
1605,9975,0,"Via dei Mille, 36",COMUNALE N.4 MARINO CAVA DEI SELCI,-,47,58057,MARINO,-,58,RM,ROMA,120,LAZIO,2005-01-01T00:00:00,-,Ordinaria,1,41.76159,12.62463,1
1606,9976,0,"Via Enrico Mattei, snc",COMUNALE GENZANO,-,45,58043,GENZANO DI ROMA,-,58,RM,ROMA,120,LAZIO,2005-01-01T00:00:00,28/02/2013,Ordinaria,1,41.70888,12.68658,1
1607,9976,0,"Via Palmiro Togliatti, 1",COMUNALE GENZANO,-,45,58043,GENZANO DI ROMA,-,58,RM,ROMA,120,LAZIO,2013-01-03T00:00:00,-,Ordinaria,1,41.70888,12.68658,1
1608,9977,0,"Via Napoli, 50",SANTA EUROSIA SNC DI MONTECUOLLO RAFFAELE,10747031002,40,58115,LARIANO,-,58,RM,ROMA,120,LAZIO,2011-01-07T00:00:00,-,Ordinaria,1,41.71912,12.82109,1
1609,9977,0,"Via Napoli, 50",MONTECUOLLO RAFFAELE,00461221004,40,58115,LARIANO,-,58,RM,ROMA,120,LAZIO,2005-01-01T00:00:00,30/06/2011,Ordinaria,1,41.71912,12.82109,1
1610,9978,0,"Piazza Mazzini, 34",MOLINARI FRANCO,00437731003,49,58111,VELLETRI,-,58,RM,ROMA,120,LAZIO,2005-01-01T00:00:00,-,Ordinaria,1,41.66318,12.76837,1
1611,9979,0,"Via Nettunense Vecchia, 82",BARDUCCI ARTURO,00035451004,40,58057,MARINO,FRATTOCCHIE,58,RM,ROMA,120,LAZIO,2005-01-01T00:00:00,30/11/2007,Ordinaria,1,41.77009,12.65854,1
1612,9979,0,"Via Nettunense Vecchia, 82",EREDI BARDUCCI ARTURO,09660791006,40,58057,MARINO,FRATTOCCHIE,58,RM,ROMA,120,LAZIO,2007-01-12T00:00:00,31/12/2009,Ordinaria,1,41.77009,12.65854,1
1613,9979,0,"Via Nettunense Vecchia, 82",BARDUCCI STEFANIA,10667251002,40,58057,MARINO,FRATTOCCHIE,58,RM,ROMA,120,LAZIO,2010-01-01T00:00:00,-,Ordinaria,1,41.77009,12.65854,1
1614,9980,0,"Via Virgilio, 27",POMEZIA SERVIZI SPA - COMUNALE 1,05275911005,40,58079,POMEZIA,-,58,RM,ROMA,120,LAZIO,2010-01-04T00:00:00,-,Ordinaria,1,41.6669,12.50359,1
1615,9980,0,"Via Virgilio, 27",AZ. MUN.TA POMEZIA N.1,-,40,58079,POMEZIA,-,58,RM,ROMA,120,LAZIO,2005-01-01T00:00:00,31/03/2010,Ordinaria,1,41.6669,12.50359,1
1616,9981,0,"Via Nettunense, 165",AMELI AMELIO,02303190587,47,58057,MARINO,Castelluccia,58,RM,ROMA,120,LAZIO,2005-01-01T00:00:00,-,Ordinaria,1,41.76159,12.62463,1
1617,9982,0,"Via Vittorio Veneto, 9",ORSENIGO SNC DI BALDINI GIANLUCA,10790351000,48,58072,NETTUNO,-,58,RM,ROMA,120,LAZIO,2012-01-03T00:00:00,28/02/2013,Ordinaria,1,41.45895,12.65834,1
1618,9982,0,"VIA VITTORIO VENETO, 9",ORSENIGO SNC DI BALDINI GIANLUCA,10790351000,48,58072,NETTUNO,-,58,RM,ROMA,120,LAZIO,2013-01-03T00:00:00,-,Ordinaria,1,41.45895,12.65834,1
1619,9982,0,"Via Vittorio Veneto, 9",ALLOCCO ALDO,00385221007,48,58072,NETTUNO,-,58,RM,ROMA,120,LAZIO,2005-01-01T00:00:00,30/06/2011,Ordinaria,1,41.45895,12.65834,1
1620,9982,0,"Via Vittorio Veneto, 9",EREDI ALLOCCO ALDO,10790351000,48,58072,NETTUNO,-,58,RM,ROMA,120,LAZIO,2011-01-07T00:00:00,31/12/2011,Ordinaria,1,41.45895,12.65834,1
1621,9982,0,"Via Vittorio Veneto, 9",ORSENIGO SNC DI BALDINI GIANLUCA,11502351007,48,58072,NETTUNO,-,58,RM,ROMA,120,LAZIO,2012-01-01T00:00:00,29/02/2012,Ordinaria,1,41.45895,12.65834,1
1622,9983,0,"Via Carlo Casini, 165",FARMACAP - COMUNALE DRAGONCELLO,05903241007,126,58091,ROMA,ACILIA,58,RM,ROMA,120,LAZIO,2013-01-03T00:00:00,-,Ordinaria,1,41.78695,12.335,1
1623,9983,0,"Via Carlo Casini, 165",COMUNALE DRAGONCELLO,05903241007,126,58091,ROMA,ACILIA,58,RM,ROMA,120,LAZIO,2007-01-09T00:00:00,28/02/2013,Ordinaria,1,41.78695,12.335,1
1624,9983,0,"Via Carlo Casini, 165",COMUNALE DRAGONCELLO,-,126,58091,ROMA,DRAGONCELLO ACILIA,58,RM,ROMA,120,LAZIO,2005-01-01T00:00:00,31/08/2007,Ordinaria,1,41.78695,12.335,1
1625,9984,0,"Via Casilina Km 23,400",GIANNINI VINCENZO,02792650588,40,58060,MONTECOMPATRI,LAGHETTO,58,RM,ROMA,120,LAZIO,2005-01-01T00:00:00,-,Ordinaria,1,41.83945,12.73171,1
1626,9985,0,"Via Ardeatina, 289",FARFARELLI ENZO,02791600584,40,58007,ANZIO,LAVINIO,58,RM,ROMA,120,LAZIO,2005-01-01T00:00:00,-,Ordinaria,1,41.46575,12.61097,1
1627,9986,0,"Via Roma, 23",D'APOLITO DR.SSA GIUSEPPINA,12504531000,40,58086,ROCCA DI PAPA,-,58,RM,ROMA,120,LAZIO,2015-01-04T00:00:00,-,Ordinaria,1,41.75357,12.73606,1
1628,9986,0,Via Leonida Montanari,COMUNALE N.2 ROCCA DI PAPA,-,40,58086,ROCCA DI PAPA,-,58,RM,ROMA,120,LAZIO,2005-01-01T00:00:00,30/06/2007,Ordinaria,1,41.75357,12.73606,1
1629,9986,0,"Via Leonida Montanari, 1",COMUNALE 11 ROCCA DI PAPA,12504531000,40,58086,ROCCA DI PAPA,-,58,RM,ROMA,120,LAZIO,2007-01-07T00:00:00,31/03/2015,Ordinaria,1,41.75357,12.73606,1
1630,9987,0,"Largo G. da Montesarchio, 10-11",POMPEI DORIANO,-,125,58091,ROMA,ACILIA,58,RM,ROMA,120,LAZIO,2005-01-01T00:00:00,31/03/2007,Ordinaria,1,41.92368,12.57115,1
1631,9987,0,"Largo G. da Montesarchio, 10-14",SAN MARCO SAS DI PETITTI MARIANNA & C.,09175941005,125,58091,ROMA,ACILIA,58,RM,ROMA,120,LAZIO,2013-01-03T00:00:00,-,Ordinaria,1,41.92368,12.57115,1
1632,9987,0,"Largo G. da Montesarchio, 10-14",SAN MARCO POMPEI SNC DI MAURO POMPEI & C.,09175941005,125,58091,ROMA,ACILIA,58,RM,ROMA,120,LAZIO,2007-01-04T00:00:00,28/02/2013,Ordinaria,1,41.92368,12.57115,1
1633,9988,0,"VIALE FRANCIA, 98",AZ. SOCIO SANITARIA POMEZIA N. 2,-,40,58079,POMEZIA,TORVAIANICA,58,RM,ROMA,120,LAZIO,2005-01-01T00:00:00,31/03/2010,Ordinaria,1,41.62051,12.46297,1
1634,9988,0,"VIALE FRANCIA, 98",POMEZIA SERVIZI SPA - COMUNALE 2,05275911005,40,58079,POMEZIA,-,58,RM,ROMA,120,LAZIO,2010-01-04T00:00:00,-,Ordinaria,1,41.62051,12.46297,1
1635,9989,0,"Via Fontana di Papa, 5 - 5A - 5B",FERRETTI SAS DEL DOTT. ANDREA FERRETTI,12385281006,40,58009,ARICCIA,-,58,RM,ROMA,120,LAZIO,2010-01-10T00:00:00,-,Ordinaria,1,41.70491,12.66109,1
1636,9989,0,Via Nettunense Km. 11,FERRETTI VINCENZO,00121620785,40,58009,ARICCIA,FONTANA DI PAPA,58,RM,ROMA,120,LAZIO,2005-01-01T00:00:00,30/09/2010,Ordinaria,1,41.70491,12.66109,1
1637,9990,0,"Via della Liberazione, 78",SCACCIAPENSIERI,07494501005,48,58072,NETTUNO,PORTICO SCACCIAPENSIERI,58,RM,ROMA,120,LAZIO,2005-01-01T00:00:00,-,Ordinaria,1,41.45871,12.66867,1
1638,9991,0,"VIALE TOR S. LORENZO, 139",COM.LE ARDEA (TOR S.LORENZO),-,40,58117,ARDEA,TOR SAN LORENZO,58,RM,ROMA,120,LAZIO,2005-01-01T00:00:00,-,Ordinaria,1,41.61206,12.55329,1
1639,9992,0,"Piazza Mazzini, 16/18",SCANDELLARI ALESSANDRO,00718711005,48,58072,NETTUNO,-,58,RM,ROMA,120,LAZIO,2005-01-01T00:00:00,-,Ordinaria,1,41.47722,12.69403,1
1640,9993,0,"Via fracesi, 164/h","COMUNALE 3 ""DEI FRANCESI""",02315031001,43,58118,CIAMPINO,-,58,RM,ROMA,120,LAZIO,2007-01-07T00:00:00,-,Ordinaria,1,41.79433,12.61516,1
1641,9993,0,"Via Palermo, 18/a",COMUNALE 6 CIAMPINO,-,43,58118,CIAMPINO,-,58,RM,ROMA,120,LAZIO,2005-01-01T00:00:00,30/06/2007,Ordinaria,1,41.79433,12.61516,1
1642,9994,0,"VIA DEL CORSO, 1",COM.LE OSPEDALE VELLETRI,-,49,58111,VELLETRI,-,58,RM,ROMA,120,LAZIO,2005-01-01T00:00:00,-,Ordinaria,1,41.66318,12.76837,1
1643,9995,0,"V.le delle Cerquette, 25",COMUNALE ARICCIA L.SPOLVERINI,00121610802,40,58009,ARICCIA,-,58,RM,ROMA,120,LAZIO,2005-01-01T00:00:00,30/06/2007,Ordinaria,1,41.73088,12.68602,1
1644,9995,0,"Viale delle Cerquette, 25",COMUNALE ARICCIA L.SPOLVERINI,-,40,58009,ARICCIA,-,58,RM,ROMA,120,LAZIO,2007-01-07T00:00:00,-,Ordinaria,1,41.73088,12.68602,1
1645,9996,0,"Via Nettunense, 209",MILO DI VILLAGRAZIA F. SAVERIO,00434641007,42,58007,ANZIO,FALASCHE,58,RM,ROMA,120,LAZIO,2005-01-01T00:00:00,-,Ordinaria,1,41.45433,12.62253,1
1646,9997,0,VIA VARRONE                      17,AZ. SOCIO SANITARIA POMEZIA N. 3,-,40,58079,POMEZIA,-,58,RM,ROMA,120,LAZIO,2005-01-01T00:00:00,31/03/2010,Ordinaria,1,41.66925,12.49812,1
1647,9997,0,"Via Varrone, 17",POMEZIA SERVIZI SPA - COMUNALE 3,05275911005,40,58079,POMEZIA,-,58,RM,ROMA,120,LAZIO,2010-01-04T00:00:00,-,Ordinaria,1,41.66925,12.49812,1
1648,9998,0,"Via S. Giacomo, snc",DE BENEDETTO GIOVANNI,00185041001,48,58072,NETTUNO,-,58,RM,ROMA,120,LAZIO,2005-01-01T00:00:00,-,Ordinaria,1,41.47722,12.69403,1
1649,9999,0,"Via Nettunense 293 -Km 32,080",PAGLIACCI GIAMPIERO,00564631000,40,58007,ANZIO,LAVINIO STAZIONE,58,RM,ROMA,120,LAZIO,2005-01-01T00:00:00,-,Ordinaria,1,41.44687,12.62884,1
1650,10001,0,VIA MORENA                    162/4,COM.LE CIAMPINO N.4,02315031001,43,58118,CIAMPINO,-,58,RM,ROMA,120,LAZIO,2007-01-07T00:00:00,28/02/2013,Ordinaria,1,41.79433,12.61516,1
1651,10001,0,VIA MORENA                    162/4,COM.LE CIAMPINO N.4,-,43,58118,CIAMPINO,-,58,RM,ROMA,120,LAZIO,2005-01-01T00:00:00,30/06/2007,Ordinaria,1,41.79433,12.61516,1
1652,10001,0,"Via Morena, 162-164",ASP SPA - COMUNALE 4,02315031001,43,58118,CIAMPINO,-,58,RM,ROMA,120,LAZIO,2013-01-03T00:00:00,-,Ordinaria,1,41.79433,12.61516,1
1653,10002,0,"Via Ardeatina, 170",GALASSI GALLIANA,00334251006,42,58007,ANZIO,ANZIO COLONIA,58,RM,ROMA,120,LAZIO,2005-01-01T00:00:00,30/09/2012,Ordinaria,1,41.46575,12.61097,1
1654,10002,0,"Via Ardeatina, 170",GALASSI SAS,11495021005,42,58007,ANZIO,ANZIO COLONIA,58,RM,ROMA,120,LAZIO,2012-01-10T00:00:00,-,Ordinaria,1,41.46575,12.61097,1
1655,10003,0,"Via Torcegno, 45",COMUNALE CASTEL FUSANO INFERNETTO,06261010588,122,58091,ROMA,-,58,RM,ROMA,120,LAZIO,2005-01-01T00:00:00,31/08/2007,Ordinaria,1,41.72665,12.37118,1
1656,10003,0,"Via Torcegno, 45",COMUNALE CASTEL FUSANO INFERNETTO,05903241007,122,58091,ROMA,-,58,RM,ROMA,120,LAZIO,2007-01-09T00:00:00,-,Ordinaria,1,41.72665,12.37118,1
1657,10004,0,"Via Roma, 123",ZIACO MARIA PIA,00847431004,40,58079,POMEZIA,-,58,RM,ROMA,120,LAZIO,2005-01-01T00:00:00,28/02/2011,Ordinaria,1,41.67289,12.50059,1
1658,10004,0,"Via Roma, 123",ZIACO MARIA PIA,-,40,58079,POMEZIA,-,58,RM,ROMA,120,LAZIO,2011-01-03T00:00:00,-,Ordinaria,1,41.67289,12.50059,1
1659,10005,0,"Via Matteotti,7",CARAFA JACOBINI FEDERICA,08762601006,44,58039,FRASCATI,-,58,RM,ROMA,120,LAZIO,2010-01-09T00:00:00,28/02/2013,Ordinaria,1,41.82583,12.67067,1
1660,10005,0,-,CARAFA JACOBINI GIUSEPPE,-,44,58039,FRASCATI,-,58,RM,ROMA,120,LAZIO,2005-01-01T00:00:00,31/05/2006,Ordinaria,1,41.82583,12.67067,1
1661,10005,0,"Via Matteotti, 7",CARAFA JACOBINI FEDERICA,00144761004,44,58039,FRASCATI,-,58,RM,ROMA,120,LAZIO,2008-01-01T00:00:00,31/08/2010,Ordinaria,1,41.82583,12.67067,1
1662,10005,0,"Via Matteotti, 7",CARAFA JACOBINI FEDERICA,08762601006,44,58039,FRASCATI,-,58,RM,ROMA,120,LAZIO,2006-01-06T00:00:00,-,Ordinaria,1,41.82583,12.67067,1
1663,10006,0,"Via Danimarca, 185/187",VALENTE MARIA,04096861002,40,58079,POMEZIA,TORVAIANICA,58,RM,ROMA,120,LAZIO,2005-01-01T00:00:00,31/03/2007,Ordinaria,1,41.62097,12.4633,1
1664,10006,0,"Via Danimarca, 185/187",TURCO STEFANO,09101151000,40,58079,POMEZIA,TORVAIANICA,58,RM,ROMA,120,LAZIO,2007-01-04T00:00:00,-,Ordinaria,1,41.62097,12.4633,1
1665,10007,0,"Via Alcide de Gasperi, 2",ALBERTAZZI PAOLA,08681840586,40,58079,POMEZIA,-,58,RM,ROMA,120,LAZIO,2005-01-01T00:00:00,-,Ordinaria,1,41.66066,12.49853,1
1666,10008,0,"Via degli Olmi, 77",DI TULLIO MASSIMO,00579331000,40,58088,ROCCA PRIORA,-,58,RM,ROMA,120,LAZIO,2013-01-03T00:00:00,-,Ordinaria,1,41.78222,12.78035,1
1667,10008,0,"Via degli Olmi, 77",POLINARI LUIGINA,00579331000,40,58088,ROCCA PRIORA,-,58,RM,ROMA,120,LAZIO,2005-01-01T00:00:00,28/02/2013,Ordinaria,1,41.78222,12.78035,1
1668,10009,0,"Via Roma, 208",URBANI MASSIMO,04928261009,40,58115,LARIANO,-,58,RM,ROMA,120,LAZIO,2005-01-01T00:00:00,-,Ordinaria,1,41.71622,12.82146,1
1669,10010,0,"Via Cicerone, 2",EUROPA DI TIMPANO UGO & C. SNC,03833781002,42,58007,ANZIO,-,58,RM,ROMA,120,LAZIO,2013-01-03T00:00:00,-,Ordinaria,1,41.44687,12.62884,1
1670,10010,0,"Via Nettunense Km. 35,500",TIMPANO UGO,03833781002,42,58007,ANZIO,-,58,RM,ROMA,120,LAZIO,2005-01-01T00:00:00,30/09/2007,Ordinaria,1,41.44687,12.62884,1
1671,10010,0,"Via Nettunense Km. 35,500",EUROPA DI TIMPANO UGO & C. SNC,03833781002,42,58007,ANZIO,-,58,RM,ROMA,120,LAZIO,2010-01-10T00:00:00,28/02/2013,Ordinaria,1,41.44687,12.62884,1
1672,10010,0,"Via Nettunense Km. 35,500",EUROPA DI TIMPANO UGO & C. SNC,09511801004,42,58007,ANZIO,-,58,RM,ROMA,120,LAZIO,2007-01-10T00:00:00,30/09/2010,Ordinaria,1,41.44687,12.62884,1
1673,10011,0,"Viale Salvo D'Acquisto, 16",CORE ALFONSO,09125050584,49,58111,VELLETRI,-,58,RM,ROMA,120,LAZIO,2005-01-01T00:00:00,-,Ordinaria,1,41.674,12.77585,1
1674,10012,0,"Via Martiri di Belfiore, 40",COMUNALE N. 8,-,40,58057,MARINO,S. MARIA DELLE MOLE,58,RM,ROMA,120,LAZIO,2005-01-01T00:00:00,28/02/2013,Ordinaria,1,41.76159,12.62463,1
1675,10012,0,"Via Prati, 40",COMUNALE N. 8,-,40,58057,MARINO,S. MARIA DELLE MOLE,58,RM,ROMA,120,LAZIO,2013-01-03T00:00:00,-,Ordinaria,1,41.76159,12.62463,1
1676,10013,0,"P.za Vittorio Emanuele, 6",CALIFANO GIUSEPPE,04104021003,30,58035,COLONNA,-,58,RM,ROMA,120,LAZIO,2005-01-01T00:00:00,28/02/2013,Ordinaria,1,41.83233,12.75868,1
1677,10013,0,"via Frascati, 62 - 64",CALIFANO GIUSEPPE,04104021003,30,58035,COLONNA,-,58,RM,ROMA,120,LAZIO,2013-01-03T00:00:00,-,Ordinaria,1,41.83233,12.75868,1
1678,10014,0,"Via Niso, 22/24",ARDEA DR. BELLIZZI GIOVANNI,07198371002,40,58117,ARDEA,-,58,RM,ROMA,120,LAZIO,2007-01-04T00:00:00,31/08/2010,Ordinaria,1,41.61206,12.55329,1
1679,10014,0,"Via Niso, 16-24",BOTTARI,01312990041,40,58117,ARDEA,-,58,RM,ROMA,120,LAZIO,2015-01-03T00:00:00,31/03/2015,Ordinaria,1,41.61206,12.55329,1
1680,10014,0,"Via Niso, 16-24",BOTTARI,13129941004,40,58117,ARDEA,-,58,RM,ROMA,120,LAZIO,2015-01-04T00:00:00,-,Ordinaria,1,41.61206,12.55329,1
1681,10014,0,"Via Niso, 16-24",ARDEA DEL DR. GAETANO RIZZO & C. SAS,10707821004,40,58117,ARDEA,-,58,RM,ROMA,120,LAZIO,2010-01-09T00:00:00,28/02/2015,Ordinaria,1,41.61206,12.55329,1
1682,10014,0,"Via Niso, 22/24",BELLIZZI GIOVANNI,-,40,58117,ARDEA,-,58,RM,ROMA,120,LAZIO,2005-01-01T00:00:00,31/03/2007,Ordinaria,1,41.61206,12.55329,1
1683,10015,0,"Via Risorgimento, 125/151",MARCONI SAS DI MARCONI MARIA PIA,04187421005,41,58003,ALBANO LAZIALE,-,58,RM,ROMA,120,LAZIO,2005-01-01T00:00:00,-,Ordinaria,1,41.71127,12.6344,1
1684,10016,0,"Piazza Togliatti, 41",FIORELLI NICOLA,04201721000,40,58057,MARINO,SANTA MARIA DELLE MOLE,58,RM,ROMA,120,LAZIO,2005-01-01T00:00:00,-,Ordinaria,1,41.76159,12.62463,1
1685,10017,0,"Corso della Repubblica, 195",DONFRANCESCO SNC,04388481006,49,58111,VELLETRI,-,58,RM,ROMA,120,LAZIO,2005-01-01T00:00:00,-,Ordinaria,1,41.68969,12.77908,1
1686,10018,0,Piazza Roma 16,COMUNALE MONTEROTONDO 2,-,15,58065,MONTEROTONDO,-,58,RM,ROMA,120,LAZIO,2005-01-01T00:00:00,28/02/2013,Ordinaria,1,42.06878,12.6236,1
1687,10018,0,"Piazza Roma, 16",AZIENDA PLURISERVIZI MONTEROTONDO - COMUNALE 2,-,15,58065,MONTEROTONDO,-,58,RM,ROMA,120,LAZIO,2013-01-03T00:00:00,-,Ordinaria,1,42.06878,12.6236,1
1688,10019,0,"Via Ovidio, 91",SANTONI SILVIA,09470160582,40,58079,POMEZIA,-,58,RM,ROMA,120,LAZIO,2005-01-01T00:00:00,-,Ordinaria,1,41.6722,12.49866,1
1689,10020,0,"Piazza Vittime del Fascismo, 15",CARNEVALI ANDREA,04519661005,46,58046,GROTTAFERRATA,-,58,RM,ROMA,120,LAZIO,2005-01-01T00:00:00,-,Ordinaria,1,41.78927,12.68002,1
1690,10021,0,"Corso Matteotti, 132",DE MARCHIS ALESSANDRO,04656471002,41,58003,ALBANO LAZIALE,-,58,RM,ROMA,120,LAZIO,2010-01-10T00:00:00,-,Ordinaria,1,41.72835,12.65902,1
1691,10021,0,"Corso Matteotti, 132",DE MARCHIS ALESSANDRO,00079800769,41,58003,ALBANO LAZIALE,-,58,RM,ROMA,120,LAZIO,2005-01-01T00:00:00,30/09/2010,Ordinaria,1,41.72835,12.65902,1
1692,10022,0,"Via Belardi, 17",CARAFA EMIDIO,04660391006,45,58043,GENZANO DI ROMA,-,58,RM,ROMA,120,LAZIO,2005-01-01T00:00:00,-,Ordinaria,1,41.67771,12.70611,1
1693,10023,0,"Via Nettunense, 192","MARINI SNC DR.COSTANZO,NICOLA,ML",01368120588,40,58003,ALBANO LAZIALE,CECCHINA,58,RM,ROMA,120,LAZIO,2005-01-01T00:00:00,31/10/2007,Ordinaria,1,41.69323,12.64827,1
1694,10023,0,"Via Nettunense, 192","MARINI SNC DR.COSTANZO,NICOLA,ML",04571781006,40,58003,ALBANO LAZIALE,CECCHINA,58,RM,ROMA,120,LAZIO,2007-01-11T00:00:00,-,Ordinaria,1,41.69323,12.64827,1
1695,10024,0,"Corso Matteotti, 83/8",SATULLI MARCO,04700991005,41,58003,ALBANO LAZIALE,-,58,RM,ROMA,120,LAZIO,2010-01-09T00:00:00,-,Ordinaria,1,41.72981,12.6577,1
1696,10024,0,"Corso Matteotti, 83/8",SATULLI MARCO,00080620453,41,58003,ALBANO LAZIALE,-,58,RM,ROMA,120,LAZIO,2005-01-01T00:00:00,31/08/2010,Ordinaria,1,41.72981,12.6577,1
1697,10025,0,"Via Santa Maria Goretti, 68",PUTERI ERNESTO,04748871003,48,58072,NETTUNO,-,58,RM,ROMA,120,LAZIO,2005-01-01T00:00:00,-,Ordinaria,1,41.47738,12.69912,1
1698,10026,0,"Via Antonio Gramsci, 41",BATTELLINI LINA,04748301001,42,58007,ANZIO,-,58,RM,ROMA,120,LAZIO,2005-01-01T00:00:00,31/05/2015,Ordinaria,1,41.4514,12.63461,1
1699,10026,0,"Via Antonio Gramsci, 41",VIAGRAMSCI SAS DI PESCOSOLIDO MARIA PIA & C.,12959781001,42,58007,ANZIO,-,58,RM,ROMA,120,LAZIO,2015-01-06T00:00:00,-,Ordinaria,1,41.4514,12.63461,1
1700,10027,0,"Piazza Garibaldi, 16",BARONE MARIA ANTONELLA,04763531003,48,58072,NETTUNO,-,58,RM,ROMA,120,LAZIO,2005-01-01T00:00:00,-,Ordinaria,1,41.47722,12.69403,1
1701,10028,0,"Via Ennio Visca, 41",PROVIDENTE ANDREA,12670781009,48,58072,NETTUNO,-,58,RM,ROMA,120,LAZIO,2005-01-01T00:00:00,-,Ordinaria,1,41.45891,12.66511,1
1702,10029,0,"Via Olanda, 2",INTERNAZIONALE DR FRANCO SANTONI,04898341005,40,58079,POMEZIA,TORVAIANICA,58,RM,ROMA,120,LAZIO,2008-01-01T00:00:00,31/12/2010,Ordinaria,1,41.62673,12.45737,1
1703,10029,0,"Via Olanda, 2",SANTONI FRANCO,-,40,58079,POMEZIA,TORVAIANICA,58,RM,ROMA,120,LAZIO,2005-01-01T00:00:00,31/12/2007,Ordinaria,1,41.62673,12.45737,1
1704,10029,0,"Via Olanda, 2",SANTONI SAS DEL DR. FRANCO SANTONI & C.,11106261008,40,58079,POMEZIA,TORVAIANICA,58,RM,ROMA,120,LAZIO,2011-01-01T00:00:00,-,Ordinaria,1,41.62673,12.45737,1
1705,10030,0,"VIA LAURENTINA KM 25.5, 125",AZ. SOCIO SANITARIA POMEZIA N. 4,-,40,58079,POMEZIA,SANTA PROCULA,58,RM,ROMA,120,LAZIO,2005-01-01T00:00:00,31/03/2010,Ordinaria,1,41.67051,12.53613,1
1706,10030,0,"Via Laurentina, 125",POMEZIA SERVIZI SPA - COMUNALE 4,05275911005,40,58079,POMEZIA,S. Procula,58,RM,ROMA,120,LAZIO,2010-01-04T00:00:00,-,Ordinaria,1,41.67051,12.53613,1
1707,10031,0,"Viale Vittorio Veneto, 50",TORRINO DELLA DR.SSA M. CATERINA SCARAMELLA & C. SAS,04450551009,46,58046,GROTTAFERRATA,Localit Valle Violata,58,RM,ROMA,120,LAZIO,2013-01-03T00:00:00,-,Ordinaria,1,41.9006,13.17742,1
1708,10031,0,"Viale Vittorio Veneto, 50",TORRINO DELLA DR.SSA M. CATERINA SCARAMELLA & C. SAS,04450551009,46,58048,JENNE,Localit Valle Violata,58,RM,ROMA,120,LAZIO,2011-01-01T00:00:00,28/02/2013,Ordinaria,1,41.9006,13.17742,1
1709,10031,0,"V.LE VITTORIO VENETO, 50",COM.LE GROTTAFERRATA N.3,-,46,58046,GROTTAFERRATA,VALLE VIOLATA,58,RM,ROMA,120,LAZIO,2005-01-01T00:00:00,31/12/2010,Ordinaria,1,41.9006,13.17742,1
1710,10032,0,"Via Sebastiano Silvestri, 124-124/a",MARGUATI MARIA CRISTINA,10145190582,45,58043,GENZANO DI ROMA,-,58,RM,ROMA,120,LAZIO,2005-01-01T00:00:00,-,Ordinaria,1,41.70404,12.69127,1
1711,10033,0,"Viale del Lavoro, 1",PERETTI E SANTORI SNC,05126081008,43,58118,CIAMPINO,-,58,RM,ROMA,120,LAZIO,2005-01-01T00:00:00,-,Ordinaria,1,41.80257,12.60117,1
1712,10034,0,"Via Frascati, 11",COSTANZO LAURA,09301740586,40,58064,MONTE PORZIO CATONE,-,58,RM,ROMA,120,LAZIO,2005-01-01T00:00:00,30/09/2010,Ordinaria,1,41.81317,12.70097,1
1713,10034,0,"Via Tuscolo, 1",COSTANZO LAURA,10154500580,40,58064,MONTE PORZIO CATONE,-,58,RM,ROMA,120,LAZIO,2010-01-10T00:00:00,-,Ordinaria,1,41.81317,12.70097,1
1714,10035,0,"Corso V. Emanuele, 24",FAINA BEATRICE,09776050586,40,58070,NEMI,-,58,RM,ROMA,120,LAZIO,2005-01-01T00:00:00,-,Ordinaria,1,41.71758,12.7077,1
1715,10036,0,"Viale dei Coccei, 2",SPAZIANI ADRIANA,05626971005,44,58039,FRASCATI,COCCIANO,58,RM,ROMA,120,LAZIO,2005-01-01T00:00:00,-,Ordinaria,1,41.82583,12.67067,1
1716,10037,0,"VIA TUSCOLANA KM 27,900",FARMACIA COMUNALE BUERO,02315031001,40,58088,ROCCA PRIORA,-,58,RM,ROMA,120,LAZIO,2007-01-07T00:00:00,28/02/2013,Ordinaria,1,41.78222,12.78035,1
1717,10037,0,"Via Tuscolana Km 29,900",FARMACIA COMUNALE BUERO,02315031001,40,58088,ROCCA PRIORA,BUERO,58,RM,ROMA,120,LAZIO,2013-01-03T00:00:00,-,Ordinaria,1,41.78222,12.78035,1
1718,10037,0,"VIA TUSCOLANA KM 27,900",AZ. SPEC MARINO,-,40,58088,ROCCA PRIORA,-,58,RM,ROMA,120,LAZIO,2005-01-01T00:00:00,30/06/2007,Ordinaria,1,41.78222,12.78035,1
1719,10038,0,"Via Francesco Marini, 1",COMUNALE FRASCATI AZIENDA SPECIALE,07531151004,44,58039,FRASCATI,Villa Muti,58,RM,ROMA,120,LAZIO,2015-01-07T00:00:00,-,Ordinaria,1,41.82583,12.67067,1
1720,10038,0,"Via Francesco Marini, 1",COMUNALE FRASCATI STS MULTISERVIZI,07531151004,44,58039,FRASCATI,Villa Muti,58,RM,ROMA,120,LAZIO,2005-01-01T00:00:00,30/06/2015,Ordinaria,1,41.82583,12.67067,1
1721,10039,0,"Via Genazzano,45",COMUNALE VALMONTONE S. ANNA,05716021000,38,58110,VALMONTONE,-,58,RM,ROMA,120,LAZIO,2005-01-01T00:00:00,28/02/2013,Ordinaria,1,41.77562,12.92642,1
1722,10039,0,"Via Genazzano,45",SERVIZI INTERCOMUNALI SAS DIO MASTROVINCENZO MAURO & C.,05716021000,38,58110,VALMONTONE,-,58,RM,ROMA,120,LAZIO,2013-01-03T00:00:00,-,Ordinaria,1,41.77562,12.92642,1
1723,10040,0,"Viale Roma, 53",SANTA LUCIA DEL DOTT. GUALANO MICHELE & C. SNC,05819701003,49,58111,VELLETRI,Aria Fina,58,RM,ROMA,120,LAZIO,2005-01-01T00:00:00,-,Ordinaria,1,41.69307,12.77006,1
1724,10041,0,"VIA EMILIA ROMAGNA, 134",COMUNALE GENZANO N. 3,01038071005,45,58043,GENZANO DI ROMA,-,58,RM,ROMA,120,LAZIO,2005-01-01T00:00:00,-,Ordinaria,1,41.7004,12.69752,1
1725,10042,0,"Via Mura dei Francesi, 23",EREDI DE LAURENZI DELLE DR.SSE ANNA E LUCIA PERETTI & C. SNC,02315031001,43,58118,CIAMPINO,-,58,RM,ROMA,120,LAZIO,2007-01-07T00:00:00,31/08/2010,Ordinaria,1,41.80153,12.60407,1
1726,10042,0,"Via Mura dei Francesi, 23",EREDI DE LAURENZI DELLE DR.SSE ANNA E LUCIA PERETTI & C. SNC.,05970251004,43,58118,CIAMPINO,-,58,RM,ROMA,120,LAZIO,2010-01-09T00:00:00,28/02/2013,Ordinaria,1,41.80153,12.60407,1
1727,10042,0,"Via Mura dei Francesi, 23",EREDI DE LAURENZI DELLE DR.SSE ANNA E LUCIA PERETTI & C. SNC,05970251004,43,58118,CIAMPINO,-,58,RM,ROMA,120,LAZIO,2005-01-01T00:00:00,-,Ordinaria,1,41.80153,12.60407,1
1728,10043,0,"Piazza della Repubblica, 6",FOLIGNO GIOVANNA,05534131007,40,58009,ARICCIA,-,58,RM,ROMA,120,LAZIO,2005-01-01T00:00:00,29/02/2008,Ordinaria,1,41.66329,12.68663,1
1729,10043,0,"Piazza Corte, 6",BURCHIERI DR: ROBERTA,01789850854,40,58009,ARICCIA,-,58,RM,ROMA,120,LAZIO,2008-01-03T00:00:00,-,Ordinaria,1,41.66329,12.68663,1
1730,10044,0,"Largo Genova, 8",BARTOLOMUCCI ROBERTA FRANCESCA,01696091000,40,58117,ARDEA,NUOVA FLORIDA,58,RM,ROMA,120,LAZIO,2005-01-01T00:00:00,30/09/2014,Ordinaria,1,41.61206,12.55329,1
1731,10044,0,"Largo Genova, 8",BARTOLOMUCCI ROBERTA FRANCESCA S.A.S.,12900761003,40,58117,ARDEA,NUOVA FLORIDA,58,RM,ROMA,120,LAZIO,2014-01-10T00:00:00,-,Ordinaria,1,41.61206,12.55329,1
1732,10045,0,"Via Marcantonio Colonna, 2",VILLA DESIDERI,06223491009,47,58057,MARINO,-,58,RM,ROMA,120,LAZIO,2005-01-01T00:00:00,-,Ordinaria,1,41.77166,12.66692,1
1733,10046,0,Via Crocifisso,COMUNALE CROCIFISSO,01125551000,40,58009,ARICCIA,-,58,RM,ROMA,120,LAZIO,2005-01-01T00:00:00,-,Ordinaria,1,41.70491,12.66109,1
1734,10047,0,"Via Olivella, 7-9-11",COMUNALE N.2 ALBANO,07156011004,41,58003,ALBANO LAZIALE,-,58,RM,ROMA,120,LAZIO,2005-01-01T00:00:00,-,Ordinaria,1,41.73021,12.64478,1
1735,10048,0,"Via Rossini, 12 A/C",PICCIOLO MARIA,00407660836,41,58003,ALBANO LAZIALE,-,58,RM,ROMA,120,LAZIO,2005-01-01T00:00:00,-,Ordinaria,1,41.72469,12.6566,1
1736,10049,0,"Piazza Dante Alighieri, 9",PASSARELLA NUNZIATO,00125100867,40,58009,ARICCIA,-,58,RM,ROMA,120,LAZIO,2005-01-01T00:00:00,30/06/2007,Ordinaria,1,41.70969,12.68962,1
1737,10049,0,"Piazza Dante Alighieri, 9",PASSARELLA NUNZIATO,-,40,58009,ARICCIA,-,58,RM,ROMA,120,LAZIO,2007-01-07T00:00:00,-,Ordinaria,1,41.70969,12.68962,1
1738,10050,0,"Via Circonvallazione di Ponente, 213",MORRONE PAOLO,06337131004,49,58111,VELLETRI,-,58,RM,ROMA,120,LAZIO,2005-01-01T00:00:00,-,Ordinaria,1,41.66318,12.76837,1
1739,10051,0,"Viale San Nilo, 77-81",SAN NILO DR.SSA ANNA RITA MACCHIAGODENA,06585821009,46,58046,GROTTAFERRATA,-,58,RM,ROMA,120,LAZIO,2005-01-01T00:00:00,-,Ordinaria,1,41.78903,12.66619,1
1740,10052,0,"Via Filippo Turati, 9",COMUNALE 2 VELLETRI,-,49,58111,VELLETRI,-,58,RM,ROMA,120,LAZIO,2005-01-01T00:00:00,-,Ordinaria,1,41.69009,12.78873,1
1741,10053,0,"Via Fratelli Wright, 39 C/D",RIPOLI ROBERTO,02458330780,43,58118,CIAMPINO,-,58,RM,ROMA,120,LAZIO,2005-01-01T00:00:00,-,Ordinaria,1,41.79433,12.61516,1
1742,10054,0,"Via Col di Lana, 152",SENESI ALFREDO,05641841001,43,58118,CIAMPINO,-,58,RM,ROMA,120,LAZIO,2005-01-01T00:00:00,30/06/2007,Ordinaria,1,41.79433,12.61516,1
1743,10054,0,"Via Col di Lana, 148/166",SENESI DR.  ALFREDO,00182941005,43,58118,CIAMPINO,-,58,RM,ROMA,120,LAZIO,2008-01-01T00:00:00,-,Ordinaria,1,41.79433,12.61516,1
1744,10054,0,"Via Col di Lana, 152",SENESI ALFREDO,02315031001,43,58118,CIAMPINO,-,58,RM,ROMA,120,LAZIO,2007-01-07T00:00:00,31/12/2007,Ordinaria,1,41.79433,12.61516,1
1745,10055,0,"Via Scipione Borghese, 31",LE VELE DI CARRADORI PAOLA,02060580590,48,58072,NETTUNO,-,58,RM,ROMA,120,LAZIO,2005-01-01T00:00:00,30/09/2007,Ordinaria,1,41.45853,12.67975,1
1746,10055,0,"Via Scipione Borghese, 31",EUROPA DI TIMPANO UGO & C. SNC,09511801004,48,58072,NETTUNO,-,58,RM,ROMA,120,LAZIO,2007-01-10T00:00:00,28/02/2013,Ordinaria,1,41.45853,12.67975,1
1747,10055,0,"Via Aldo Moro, 19",EUROPA DI TIMPANO UGO & C. SNC,09511801004,48,58072,NETTUNO,-,58,RM,ROMA,120,LAZIO,2013-01-03T00:00:00,-,Ordinaria,1,41.45853,12.67975,1
1748,10056,0,"Via Vittorio Emanuele, 45",MINELLI DAVID,01994180568,1010,56037,MONTE ROMANO,-,56,VT,VITERBO,120,LAZIO,2010-01-04T00:00:00,31/08/2010,Ordinaria,1,42.32542,11.90483,1
1749,10056,0,"Via Vittorio Emanuele, 45",MINELLI DAVID,01985340569,1010,56037,MONTE ROMANO,-,56,VT,VITERBO,120,LAZIO,2010-01-09T00:00:00,-,Ordinaria,1,42.32542,11.90483,1
1750,10056,0,"Via Vittorio Emanuele, 45",ARRIGO ROSSELLA,00253440564,1010,56037,MONTE ROMANO,-,56,VT,VITERBO,120,LAZIO,2005-01-01T00:00:00,31/03/2010,Ordinaria,1,42.32542,11.90483,1
1751,10057,0,"Via Giuseppe Garibaldi, 52",BARBAGLI CARLO FELICE,00615010568,1028,56042,ORTE,ORTE SCALO,56,VT,VITERBO,120,LAZIO,2013-01-03T00:00:00,-,Ordinaria,1,42.46115,12.38612,1
1752,10057,0,"Via Giuseppe Garibaldi, 52",BARBAGLI CARLO FELICE,00615010568,1029,56042,ORTE,ORTE SCALO,56,VT,VITERBO,120,LAZIO,2005-01-01T00:00:00,28/02/2013,Ordinaria,1,42.46115,12.38612,1
1753,10058,0,"Corso Umberto I, 33",S.BARTOLOMEO DELLA DR.SSA STEFANIA CITTADONI,00004510566,1037,56045,RONCIGLIONE,-,56,VT,VITERBO,120,LAZIO,2005-01-01T00:00:00,31/03/2010,Ordinaria,1,42.29132,12.2161,1
1754,10058,0,"Corso Umberto I, 33",S.BARTOLOMEO DELLA DR.SSA STEFANIA CITTADONI,01403140559,1037,56045,RONCIGLIONE,-,56,VT,VITERBO,120,LAZIO,2010-01-04T00:00:00,-,Ordinaria,1,42.29132,12.2161,1
1755,10060,0,"Viale Fiume, 6",BLASI LUIGIA,00088980560,1100,56059,VITERBO,BAGNAIA,56,VT,VITERBO,120,LAZIO,2005-01-01T00:00:00,-,Ordinaria,1,42.42797,12.13434,1
1756,10061,0,"Via Roma, 16",BIANCHI MARIA RITA,00748300563,1010,56043,PIANSANO,-,56,VT,VITERBO,120,LAZIO,2005-01-01T00:00:00,-,Ordinaria,1,42.52052,11.82913,1
1757,10062,0,"Piazza Cavour, 12",BIGIOTTI MARCO,00341830560,1018,56053,VALENTANO,-,56,VT,VITERBO,120,LAZIO,2005-01-01T00:00:00,-,Ordinaria,1,42.56887,11.81814,1
1758,10063,0,"Largo Africa, 14",ROSSI DI DANIELA ROSSI,01248330563,1100,56059,VITERBO,-,56,VT,VITERBO,120,LAZIO,2013-01-03T00:00:00,-,Ordinaria,1,42.4165,12.10394,1
1759,10063,0,"Via dell'Orologio Vecchio, 38",ROSSI DI DANIELA ROSSI,01863140560,1100,56059,VITERBO,-,56,VT,VITERBO,120,LAZIO,2010-01-04T00:00:00,30/09/2010,Ordinaria,1,42.4165,12.10394,1
1760,10063,0,"Via dell'Orologio Vecchio, 38",ROSSI DI DANIELA ROSSI,01248330563,1100,56059,VITERBO,-,56,VT,VITERBO,120,LAZIO,2005-01-01T00:00:00,28/02/2013,Ordinaria,1,42.4165,12.10394,1
1761,10064,0,"Corso Italia, 37",CARLINI KATIA,00046870564,1100,56059,VITERBO,-,56,VT,VITERBO,120,LAZIO,2005-01-01T00:00:00,31/03/2010,Ordinaria,1,42.41909,12.10685,1
1762,10064,0,"Corso Italia, 37",CARLINI KATIA,01903900569,1100,56059,VITERBO,-,56,VT,VITERBO,120,LAZIO,2010-01-04T00:00:00,-,Ordinaria,1,42.41909,12.10685,1
1763,10065,0,"Via Principe Amedeo, 126",CASALI EDOARDO,00594830564,1010,56026,FARNESE,-,56,VT,VITERBO,120,LAZIO,2005-01-01T00:00:00,-,Ordinaria,1,42.55027,11.72234,1
1764,10066,0,"Via San Filippo, 8",CASSINI RENZO,01327290563,1030,56016,CARBOGNANO,-,56,VT,VITERBO,120,LAZIO,2005-01-01T00:00:00,28/02/2013,Ordinaria,1,42.32434,12.28252,1
1765,10066,0,"Via Fontanavecchia, 38",CASSINI RENZO,01327290563,1030,56016,CARBOGNANO,-,56,VT,VITERBO,120,LAZIO,2013-01-03T00:00:00,-,Ordinaria,1,42.32434,12.28252,1
1766,10067,0,"Via Guglielmo Marconi, 6",CATOCCI SNC,02120390568,1021,56001,ACQUAPENDENTE,-,56,VT,VITERBO,120,LAZIO,2005-01-01T00:00:00,-,Ordinaria,1,42.76295,11.88764,1
1767,10068,0,"Via Caporossi, 15",CERULLI SNC DEI DOTTORI MARIA CONSUELO E ALBERTO CERULLI,01908370560,1010,56031,ISCHIA DI CASTRO,-,56,VT,VITERBO,120,LAZIO,2010-01-04T00:00:00,-,Ordinaria,1,42.53161,11.66608,1
1768,10068,0,"Via Caporossi, 15",CERULLI SNC,00020110565,1010,56031,ISCHIA DI CASTRO,-,56,VT,VITERBO,120,LAZIO,2005-01-01T00:00:00,31/03/2010,Ordinaria,1,42.53161,11.66608,1
1769,10069,0,"Piazza del Popolo, 15",COMUNALE ORTE,00088570569,1028,56042,ORTE,-,56,VT,VITERBO,120,LAZIO,2005-01-01T00:00:00,-,Ordinaria,1,42.44527,12.39293,1
1770,10070,0,Via Porsenna snc,FRANCIGENA SRL - COMUNALE S.BARBARA,00211940564,1100,56059,VITERBO,-,56,VT,VITERBO,120,LAZIO,2005-01-01T00:00:00,31/08/2010,Ordinaria,1,42.42068,12.10767,1
1771,10070,0,"Via Porsenna, snc",FRANCIGENA SRL - COMUNALE S.BARBARA,01733690562,1100,56059,VITERBO,-,56,VT,VITERBO,120,LAZIO,2010-01-09T00:00:00,-,Ordinaria,1,42.42068,12.10767,1
1772,10071,0,"L.go Tronsarelli, 41",CONTI ELDA,00030920565,1035,56027,GALLESE,-,56,VT,VITERBO,120,LAZIO,2005-01-01T00:00:00,31/03/2010,Ordinaria,1,42.37786,12.40451,1
1773,10071,0,"Largo Tronsarelli, 41",CONTI ELDA,00590730560,1035,56027,GALLESE,-,56,VT,VITERBO,120,LAZIO,2010-01-04T00:00:00,-,Ordinaria,1,42.37786,12.40451,1
1774,10072,0,"Via Indipendenza, 15",D'ERME ALESSANDRO,10303871007,1010,56028,GRADOLI,-,56,VT,VITERBO,120,LAZIO,2012-01-10T00:00:00,-,Ordinaria,1,42.62009,11.88099,1
1775,10072,0,"Via Indipendenza, 15",CORTESE BEATRICE,00824300560,1010,56028,GRADOLI,-,56,VT,VITERBO,120,LAZIO,2005-01-01T00:00:00,30/09/2012,Ordinaria,1,42.62009,11.88099,1
1776,10073,0,"Via Padre Luigi Maria Monti, 7 - 13",MORERA,01974050567,1012,56014,CAPRANICA,-,56,VT,VITERBO,120,LAZIO,2011-01-01T00:00:00,28/02/2013,Ordinaria,1,42.26152,12.15541,1
1777,10073,0,"Via Padre Luigi Maria Monti, 7",DI BARTOLOMEI MARIA,00076400563,1012,56014,CAPRANICA,-,56,VT,VITERBO,120,LAZIO,2005-01-01T00:00:00,31/03/2010,Ordinaria,1,42.26152,12.15541,1
1778,10073,0,"Via Padre Luigi Maria Monti, 7 - 13",MORERA DELLA DR.SSA MARIA TERESA MARINO,01974050567,1012,56014,CAPRANICA,-,56,VT,VITERBO,120,LAZIO,2013-01-03T00:00:00,-,Ordinaria,1,42.26152,12.15541,1
1779,10073,0,"Via Padre Luigi Maria Monti, 7 - 13",EREDI DI BARTOLOMEI MARIA,01988540561,1012,56014,CAPRANICA,-,56,VT,VITERBO,120,LAZIO,2010-01-04T00:00:00,31/12/2010,Ordinaria,1,42.26152,12.15541,1
1780,10074,0,"Via Di Corte, 3-5",FILIZZOLA SNC,00596350561,1033,56021,CIVITA CASTELLANA,-,56,VT,VITERBO,120,LAZIO,2005-01-01T00:00:00,-,Ordinaria,1,42.30207,12.43846,1
1781,10074,0,"Via Di Corte, 3-5",FILIZZOLA SNC,01869380566,1033,56021,CIVITA CASTELLANA,-,56,VT,VITERBO,120,LAZIO,2010-01-04T00:00:00,30/09/2010,Ordinaria,1,42.30207,12.43846,1
1782,10075,0,"Via Castel Vetulonia, 20",FILOSCIA LORENA,00789870565,1100,56059,VITERBO,-,56,VT,VITERBO,120,LAZIO,2005-01-01T00:00:00,-,Ordinaria,1,42.41054,12.09979,1
1783,10076,0,"Via Cairoli, 14",NUOVA - DR.SSA FORTINI,-,1100,56059,VITERBO,-,56,VT,VITERBO,120,LAZIO,2005-01-01T00:00:00,31/12/2007,Ordinaria,1,42.41964,12.10428,1
1784,10076,0,"Via Cairoli, 14",NUOVA - DR.SSA FORTINI,00244160560,1100,56059,VITERBO,-,56,VT,VITERBO,120,LAZIO,2008-01-01T00:00:00,-,Ordinaria,1,42.41964,12.10428,1
1785,10077,0,"Piazza B. Buozzi, 6",FRANCESCHINI VEZIO LEONIL,00269360566,1020,56009,BOMARZO,-,56,VT,VITERBO,120,LAZIO,2005-01-01T00:00:00,-,Ordinaria,1,42.50497,12.25064,1
1786,10078,0,"Via Vittorio Veneto, 4",FRATERNALE GILBERTO,00251990560,1025,56030,GROTTE DI CASTRO,-,56,VT,VITERBO,120,LAZIO,2005-01-01T00:00:00,-,Ordinaria,1,42.67453,11.87225,1
1787,10079,0,"Via Garibaldi , 1",GALIANO SNC DI PALMUCCI ALESSANDRO E PALMUCCI FRANCESCO,01882730565,1100,56059,VITERBO,-,56,VT,VITERBO,120,LAZIO,2015-01-04T00:00:00,-,Ordinaria,1,42.4165,12.10394,1
1788,10079,0,"Via delle Fabbriche, 2",GALIANO SNC,00090100561,1100,56059,VITERBO,-,56,VT,VITERBO,120,LAZIO,2005-01-01T00:00:00,31/03/2010,Ordinaria,1,42.4165,12.10394,1
1789,10079,0,"Via Garibaldi , 1",GALIANO SNC,01882730565,1100,56059,VITERBO,-,56,VT,VITERBO,120,LAZIO,2013-01-03T00:00:00,31/03/2015,Ordinaria,1,42.4165,12.10394,1
1790,10079,0,"Via G. Garibaldi, 1",GALIANO SNC,01882730565,1100,56059,VITERBO,-,56,VT,VITERBO,120,LAZIO,2010-01-04T00:00:00,28/02/2013,Ordinaria,1,42.4165,12.10394,1
1791,10080,0,"Viale Trieste, 36/A",GIACCI FEDERICO,00072080567,1100,56059,VITERBO,-,56,VT,VITERBO,120,LAZIO,2005-01-01T00:00:00,-,Ordinaria,1,42.42338,12.10725,1
1792,10082,0,"Via F. Nicolai, 141",LANDI MASCAGNA SNC,02010746056,1032,56015,CAPRAROLA,-,56,VT,VITERBO,120,LAZIO,2005-01-01T00:00:00,-,Ordinaria,1,42.33013,12.20604,1
1793,10083,0,"Piazza Della Repubblica, 49/50",LOCCATELLI GIULIO,01223180561,1030,56055,VASANELLO,-,56,VT,VITERBO,120,LAZIO,2005-01-01T00:00:00,-,Ordinaria,1,42.41727,12.34669,1
1794,10084,0,"Via Giuseppe Garibaldi, 30",LUCIANI GIUSEPPE,00090540568,1011,56012,CANINO,-,56,VT,VITERBO,120,LAZIO,2005-01-01T00:00:00,-,Ordinaria,1,42.44464,11.69476,1
1795,10085,0,"Via Roma, 2/d",LUPI SNC,01802970564,1039,56058,VIGNANELLO,-,56,VT,VITERBO,120,LAZIO,2005-01-01T00:00:00,-,Ordinaria,1,42.38284,12.30176,1
1796,10086,0,"Via Guglielmo Marconi, 70",MARENGHI PIETRO,00592710560,1010,56013,CAPODIMONTE,-,56,VT,VITERBO,120,LAZIO,2005-01-01T00:00:00,-,Ordinaria,1,42.55695,11.88964,1
1797,10087,0,"Via Giuseppe Mazzini, 3",MASTRODICASA RICCARDO,00608100566,1030,56006,BASSANO IN TEVERINA,-,56,VT,VITERBO,120,LAZIO,2013-01-03T00:00:00,-,Ordinaria,1,42.46357,12.30582,1
1798,10087,0,"Via C.Battisti, 137/c",MASTRODICASA RICCARDO,00608100566,1030,56006,BASSANO IN TEVERINA,-,56,VT,VITERBO,120,LAZIO,2005-01-01T00:00:00,28/02/2013,Ordinaria,1,42.46357,12.30582,1
1799,10088,0,"Via Stazione, 5",MAURI MAURA & C. snc,00088980560,1026,56059,VITERBO,GROTTE SANTO STEFANO,56,VT,VITERBO,120,LAZIO,2005-01-01T00:00:00,-,Ordinaria,1,42.4165,12.10394,1
1800,10089,0,"Via Caduti sul Lavoro, 39",LA PARADISA DEL DOTT. E. MECUCCI SNC,01972470569,1032,56015,CAPRAROLA,-,56,VT,VITERBO,120,LAZIO,2010-01-03T00:00:00,-,Ordinaria,1,42.32177,12.23322,1
1801,10089,0,"Via Caduti sul Lavoro, 39",MECUCCI ERNESTO,00093380566,1032,56015,CAPRAROLA,-,56,VT,VITERBO,120,LAZIO,2005-01-01T00:00:00,28/02/2010,Ordinaria,1,42.32177,12.23322,1
1802,10090,0,"Viale Quattro Novembre, 19",POSATI GIOVANNA,01739280566,1010,56004,BARBARANO ROMANO,-,56,VT,VITERBO,120,LAZIO,2005-01-01T00:00:00,-,Ordinaria,1,42.24983,12.07531,1
1803,10091,0,Via F. Petrarca snc,COMUNALE N. 1 CIVITA CASTELLANA,00065540569,1033,56021,CIVITA CASTELLANA,-,56,VT,VITERBO,120,LAZIO,2013-01-03T00:00:00,-,Ordinaria,1,42.30207,12.43846,1
1804,10091,0,Via S. Felicissima,MUNICIPALIZZATA CIVITA CASTELLAN,00065540569,1033,56021,CIVITA CASTELLANA,-,56,VT,VITERBO,120,LAZIO,2008-01-01T00:00:00,28/02/2013,Ordinaria,1,42.30207,12.43846,1
1805,10091,0,Via S. Felicissima,MUNICIPALIZZATA CIVITA CASTELLAN,-,1033,56021,CIVITA CASTELLANA,-,56,VT,VITERBO,120,LAZIO,2005-01-01T00:00:00,31/12/2007,Ordinaria,1,42.30207,12.43846,1
1806,10092,0,"Via V. Ferretti, 95",COMUNALE N.2 CIVITA CASTELLANA,00306041005,1033,56021,CIVITA CASTELLANA,-,56,VT,VITERBO,120,LAZIO,2005-01-01T00:00:00,-,Ordinaria,1,42.30207,12.43846,1
1807,10093,0,Via Igea,COMUNALE N.1 TARQUINIA,00834550527,1016,56050,TARQUINIA,-,56,VT,VITERBO,120,LAZIO,2005-01-01T00:00:00,30/06/2007,Ordinaria,1,42.25761,11.76566,1
1808,10093,0,Via Igea,COMUNALE N.1 TARQUINIA,-,1016,56050,TARQUINIA,-,56,VT,VITERBO,120,LAZIO,2007-01-07T00:00:00,28/02/2013,Ordinaria,1,42.25761,11.76566,1
1809,10093,0,Via Igea,MUNICIPALIZZATA N.1 TARQUINIA,-,1016,56050,TARQUINIA,-,56,VT,VITERBO,120,LAZIO,2013-01-03T00:00:00,-,Ordinaria,1,42.25761,11.76566,1
1810,10094,0,Via A. Moro,MUNICIPALIZZATA N.2 TARQUINIA,-,1016,56050,TARQUINIA,-,56,VT,VITERBO,120,LAZIO,2013-01-03T00:00:00,-,Ordinaria,1,42.25761,11.76566,1
1811,10094,0,Via A. Moro,COMUNALE N.2 TARQUINIA,-,1016,56050,TARQUINIA,-,56,VT,VITERBO,120,LAZIO,2005-01-01T00:00:00,28/02/2013,Ordinaria,1,42.25761,11.76566,1
1812,10095,0,"Via E. Monaci, 96",MUSCOLINO DARIO E C. SAS,02116250560,1038,56048,SORIANO NEL CIMINO,-,56,VT,VITERBO,120,LAZIO,2005-01-01T00:00:00,-,Ordinaria,1,42.43916,12.24471,1
1813,10096,0,"Piazza Umberto I, 19",BRUNI ALESSANDRA,01727210567,1010,56051,TESSENNANO,-,56,VT,VITERBO,120,LAZIO,2005-01-01T00:00:00,-,Ordinaria,1,42.46319,11.78429,1
1814,10097,0,"Piazza Savoia, snc",PALAGGI GIUSEPPE,00337920565,1010,56046,VILLA SAN GIOVANNI IN TUSCIA,-,56,VT,VITERBO,120,LAZIO,2005-01-01T00:00:00,-,Ordinaria,1,42.28255,12.04482,1
1815,10098,0,"Via G. Marconi, 1",PERINELLI ROMEO,00609770565,1020,56033,LUBRIANO,-,56,VT,VITERBO,120,LAZIO,2005-01-01T00:00:00,-,Ordinaria,1,42.64665,12.11076,1
1816,10099,0,"Via Roma, 51",PESCE SERGIO,00213860562,1030,56038,MONTEROSI,-,56,VT,VITERBO,120,LAZIO,2005-01-01T00:00:00,-,Ordinaria,1,42.19582,12.30847,1
1817,10100,0,"Via A. Manzoni, 15/F",RICCI MARI DI LOREDANA MARI,02115790566,1030,56060,VITORCHIANO,-,56,VT,VITERBO,120,LAZIO,2005-01-01T00:00:00,-,Ordinaria,1,42.47132,12.17831,1
1818,10101,0,"Corso Taurelli Salimbeni, 1/2",ANTICA FARMACIA SACCARELLI SAS DEL DOTT. F. CATOCCI E C.,02123020568,1021,56001,ACQUAPENDENTE,-,56,VT,VITERBO,120,LAZIO,2005-01-01T00:00:00,-,Ordinaria,1,42.76295,11.88764,1
1819,10102,0,"Piazza Cardinal M. Dolci, 21",OMNIAFARMA SNC,11838791009,1020,56022,CIVITELLA D'AGLIANO,-,56,VT,VITERBO,120,LAZIO,2005-01-01T00:00:00,-,Ordinaria,1,42.60562,12.18815,1
1820,10103,0,"Via Zepponami, 265/a",TERRACINA CARLA,00271130569,1020,56036,MONTEFIASCONE,ZEPPONAMI,56,VT,VITERBO,120,LAZIO,2005-01-01T00:00:00,-,Ordinaria,1,42.52899,12.04691,1
1821,10104,0,"Via Minciotti, 35",TERRACINA MARIA VITTORIA,00090050568,1100,56059,VITERBO,-,56,VT,VITERBO,120,LAZIO,2005-01-01T00:00:00,-,Ordinaria,1,42.42235,12.09787,1
1822,10105,0,Piazza della Repubblica,TESI SILVIA,00611670563,1020,56019,CELLENO,-,56,VT,VITERBO,120,LAZIO,2005-01-01T00:00:00,-,Ordinaria,1,42.56108,12.12671,1
1823,10106,0,"Piazza dei Caduti, 18",SONNO FRANCESCA,00024070567,1030,56011,CANEPINA,-,56,VT,VITERBO,120,LAZIO,2013-01-03T00:00:00,-,Ordinaria,1,42.37954,12.21763,1
1824,10106,0,"Via Mondiale, 1",SONNO FRANCESCA,00024070567,1030,56011,CANEPINA,-,56,VT,VITERBO,120,LAZIO,2010-01-10T00:00:00,28/02/2013,Ordinaria,1,42.37954,12.21763,1
1825,10106,0,"Via Mondiale, 1",SONNO FRANCESCA,01657840565,1030,56011,CANEPINA,-,56,VT,VITERBO,120,LAZIO,2010-01-04T00:00:00,30/09/2010,Ordinaria,1,42.37954,12.21763,1
1826,10106,0,"Piazza Giuseppe Garibaldi, 1",TESTI ITALO,00024070567,1030,56011,CANEPINA,-,56,VT,VITERBO,120,LAZIO,2005-01-01T00:00:00,31/03/2010,Ordinaria,1,42.37954,12.21763,1
1827,10107,0,"Via Dei Tigli, 25",MAZZONI VIRGINIA,01767100561,1010,56035,MONTALTO DI CASTRO,PESCIA ROMANA,56,VT,VITERBO,120,LAZIO,2005-01-01T00:00:00,28/02/2013,Ordinaria,1,42.39846,11.4944,1
1828,10107,0,"Piazza delle Mimose, 15",MAZZONI VIRGINIA,01767100561,1010,56035,MONTALTO DI CASTRO,PESCIA ROMANA,56,VT,VITERBO,120,LAZIO,2013-01-03T00:00:00,-,Ordinaria,1,42.39846,11.4944,1
1829,10108,0,"Piazza del Comune, 34",graziadei,00067965384,1015,56049,SUTRI,-,56,VT,VITERBO,120,LAZIO,2015-01-04T00:00:00,-,Ordinaria,1,42.22645,12.24527,1
1830,10108,0,"Piazza del Comune, 34",MARINI AGOSTINI,00250710563,1015,56049,SUTRI,-,56,VT,VITERBO,120,LAZIO,2005-01-01T00:00:00,31/03/2010,Ordinaria,1,42.22645,12.24527,1
1831,10108,0,"Piazza del Comune, 34",MARINI AGOSTINI,00067965384,1015,56049,SUTRI,-,56,VT,VITERBO,120,LAZIO,2010-01-04T00:00:00,31/03/2015,Ordinaria,1,42.22645,12.24527,1
1832,10109,0,"Piazza Armando Diaz, 14",POLIDORI AGNESE,00382300564,1030,56054,VALLERANO,-,56,VT,VITERBO,120,LAZIO,2005-01-01T00:00:00,-,Ordinaria,1,42.37051,12.25838,1
1833,10110,0,"Via S. Giuliano, snc",LUPO CARMELA,01355340561,1030,56025,FALERIA,-,56,VT,VITERBO,120,LAZIO,2013-01-03T00:00:00,-,Ordinaria,1,42.22684,12.44306,1
1834,10110,0,Borgo Umberto I,LUPO CARMELA,01355340561,1030,56025,FALERIA,-,56,VT,VITERBO,120,LAZIO,2005-01-01T00:00:00,28/02/2013,Ordinaria,1,42.22684,12.44306,1
1835,10111,0,"Via Vittorio Emanuele, 128",SEGUINO SEBASTIANO,01383130562,1010,56002,ARLENA DI CASTRO,-,56,VT,VITERBO,120,LAZIO,2005-01-01T00:00:00,-,Ordinaria,1,42.4585,11.816,1
1836,10112,0,"C.so Cavour, 21",BRAGUTI FRANCESCO E ANNA SNC,01395070566,1027,56036,MONTEFIASCONE,-,56,VT,VITERBO,120,LAZIO,2005-01-01T00:00:00,28/02/2013,Ordinaria,1,42.5406,12.01989,1
1837,10112,0,"Via Verentana, 8",BRAGUTI FRANCESCO E ANNA SNC,01395070566,1027,56036,MONTEFIASCONE,-,56,VT,VITERBO,120,LAZIO,2013-01-03T00:00:00,-,Ordinaria,1,42.5406,12.01989,1
1838,10113,0,"Corso Vittorio Emanuele, 33-37",FARMACIA DEL CORSO DI VERNIER O. & C. SNC,01409120563,1016,56050,TARQUINIA,-,56,VT,VITERBO,120,LAZIO,2008-01-01T00:00:00,30/04/2012,Ordinaria,1,42.25419,11.75779,1
1839,10113,0,"Corso Vittorio Emanuele, 33-37",DEL CORSO DI DE ANGELIS VIRGINIO,02064380567,1016,56050,TARQUINIA,-,56,VT,VITERBO,120,LAZIO,2012-01-05T00:00:00,-,Ordinaria,1,42.25419,11.75779,1
1840,10113,0,"Corso Vittorio Emanuele, 33-37",VERNIER OLGA & C. SNC,-,1016,56050,TARQUINIA,-,56,VT,VITERBO,120,LAZIO,2007-01-07T00:00:00,31/12/2007,Ordinaria,1,42.25419,11.75779,1
1841,10113,0,"Corso Vittorio Emanuele, 33-37",VERNIER OLGA & C. SNC,00508590528,1016,56050,TARQUINIA,-,56,VT,VITERBO,120,LAZIO,2005-01-01T00:00:00,30/06/2007,Ordinaria,1,42.25419,11.75779,1
1842,10114,0,"Via Leonardo da Vinci, 5",MENGHI STEFANIA,04543921003,1030,56005,BASSANO ROMANO,-,56,VT,VITERBO,120,LAZIO,2005-01-01T00:00:00,31/03/2010,Ordinaria,1,42.20624,12.17416,1
1843,10114,0,"Via Leonardo da Vinci, 5",BASSANO ROMANO SAS,01992670560,1030,56005,BASSANO ROMANO,-,56,VT,VITERBO,120,LAZIO,2011-01-07T00:00:00,-,Ordinaria,1,42.20624,12.17416,1
1844,10114,0,"Via Leonardo da Vinci, 5",MENGHI SAS,-,1030,56005,BASSANO ROMANO,-,56,VT,VITERBO,120,LAZIO,2010-01-04T00:00:00,30/06/2011,Ordinaria,1,42.20624,12.17416,1
1845,10115,0,"Via Cassia, 38/a",ZONGHI F. & CERRI D. SNC,01733550568,1013,56057,VETRALLA,CURA,56,VT,VITERBO,120,LAZIO,2005-01-01T00:00:00,-,Ordinaria,1,42.3373,12.05754,1
1846,10116,0,"Piazza Europa, 3",MENICHELLI GIUSEPPE,01435280563,1020,56047,SAN LORENZO NUOVO,-,56,VT,VITERBO,120,LAZIO,2013-01-03T00:00:00,-,Ordinaria,1,42.68673,11.90665,1
1847,10116,0,"Piazza Europa, 2",MENICHELLI GIUSEPPE,01435280563,1020,56047,SAN LORENZO NUOVO,-,56,VT,VITERBO,120,LAZIO,2005-01-01T00:00:00,28/02/2013,Ordinaria,1,42.68673,11.90665,1
1848,10117,0,Piazza Risorgimento,BASSANELLI DARIA,01461500561,1030,56010,CALCATA,-,56,VT,VITERBO,120,LAZIO,2005-01-01T00:00:00,-,Ordinaria,1,42.20603,12.42491,1
1849,10118,0,"Via Aurelia, 30",BORBOTTI GIUSEPPINA E PAOLA SNC,01439020569,1014,56035,MONTALTO DI CASTRO,-,56,VT,VITERBO,120,LAZIO,2005-01-01T00:00:00,-,Ordinaria,1,42.39535,11.52385,1
1850,10119,0,"Via Carlo Cattaneo, 30/D",PETROSELLI MARIA TERESA,01733690562,1100,56059,VITERBO,-,56,VT,VITERBO,120,LAZIO,2005-01-01T00:00:00,31/03/2010,Ordinaria,1,42.41275,12.1172,1
1851,10119,0,"Via Carlo Cattaneo, 30/D",PETROSELLI MARIA TERESA,01475380562,1100,56059,VITERBO,-,56,VT,VITERBO,120,LAZIO,2010-01-04T00:00:00,-,Ordinaria,1,42.41275,12.1172,1
1852,10120,0,"Via Roma, 109",PALOMBI MARIA FORTUNATA,-,1010,56007,BLERA,-,56,VT,VITERBO,120,LAZIO,2010-01-04T00:00:00,-,Ordinaria,1,42.2324,11.99974,1
1853,10120,0,"Via 2 Giugno, 3",PALOMBI MARIA FORTUNATA,01484250566,1010,56007,BLERA,-,56,VT,VITERBO,120,LAZIO,2005-01-01T00:00:00,31/03/2010,Ordinaria,1,42.2324,11.99974,1
1854,10121,0,"Via Marconi, 13",MARINI,01821540562,1010,56020,CELLERE,-,56,VT,VITERBO,120,LAZIO,2005-01-01T00:00:00,31/12/2007,Ordinaria,1,42.51042,11.77165,1
1855,10121,0,"Via Marconi, 13",ABBATELLI CARLA,01821540562,1010,56020,CELLERE,-,56,VT,VITERBO,120,LAZIO,2010-01-04T00:00:00,-,Ordinaria,1,42.51042,11.77165,1
1856,10121,0,"Via Marconi, 13",ABBATELLI CARLA,01502180563,1010,56020,CELLERE,-,56,VT,VITERBO,120,LAZIO,2008-01-01T00:00:00,31/03/2010,Ordinaria,1,42.51042,11.77165,1
1857,10122,0,"Piazza Trento e Trieste, 8",BIGIOTTI FRANCESCO E ANDREA SNC,01513270569,1022,56003,BAGNOREGIO,-,56,VT,VITERBO,120,LAZIO,2005-01-01T00:00:00,-,Ordinaria,1,42.62903,12.08836,1
1858,10123,0,"Via Tuscania, 4/a",DE BLASIO LIVIA,00839880564,1010,56034,MARTA,-,56,VT,VITERBO,120,LAZIO,2005-01-01T00:00:00,-,Ordinaria,1,42.52672,11.92795,1
1859,10124,0,"Via della Palazzina, 195/199",RICCARDI SNC,01521780567,1100,56059,VITERBO,-,56,VT,VITERBO,120,LAZIO,2013-01-03T00:00:00,-,Ordinaria,1,42.42415,12.1016,1
1860,10124,0,"Via della Palazzina, 195/199",RICCARDI MARCELLA & C.SNC,01521780567,1100,56059,VITERBO,-,56,VT,VITERBO,120,LAZIO,2005-01-01T00:00:00,28/02/2013,Ordinaria,1,42.42415,12.1016,1
1861,10125,0,"Piazza Italia, 11",VENTURA ANNA,01532670567,1017,56052,TUSCANIA,-,56,VT,VITERBO,120,LAZIO,2005-01-01T00:00:00,-,Ordinaria,1,42.3935,11.82882,1
1862,10126,0,"Piazza Umberto I, 4",COZZOLINO NUNZIA,01544420563,1010,56040,ONANO,-,56,VT,VITERBO,120,LAZIO,2005-01-01T00:00:00,-,Ordinaria,1,42.69143,11.81625,1
1863,10127,0,"Via Roma, snc",LIBERATI GRAZIA,01555600566,1034,56024,FABRICA DI ROMA,-,56,VT,VITERBO,120,LAZIO,2005-01-01T00:00:00,30/09/2014,Ordinaria,1,42.32641,12.32616,1
1864,10127,0,"Via Roma, 79",EREDI LIBERATI GRAZIA,02157710563,1034,56024,FABRICA DI ROMA,-,56,VT,VITERBO,120,LAZIO,2014-01-10T00:00:00,-,Ordinaria,1,42.32641,12.32616,1
1865,10128,0,"Via Orvietana, 5",VEZZOSI MASSIMO,01388810564,1024,56018,CASTIGLIONE IN TEVERINA,-,56,VT,VITERBO,120,LAZIO,2005-01-01T00:00:00,28/02/2013,Ordinaria,1,42.64652,12.20392,1
1866,10128,0,"Via Orvietana, 5",ANTICA FARMACIA VEZZOSI SAS,01388810564,1024,56018,CASTIGLIONE IN TEVERINA,-,56,VT,VITERBO,120,LAZIO,2013-01-03T00:00:00,-,Ordinaria,1,42.64652,12.20392,1
1867,10129,0,"Via Roma, 19",NEPI DI SINI GIANLUCA E C. SNC,01558780563,1036,56039,NEPI,-,56,VT,VITERBO,120,LAZIO,2005-01-01T00:00:00,-,Ordinaria,1,42.24864,12.36552,1
1868,10130,0,"Via Civita Castellana, 11/13",MINELLI CLOTILDE & C. SNC,01565610563,1030,56023,CORCHIANO,-,56,VT,VITERBO,120,LAZIO,2005-01-01T00:00:00,28/02/2013,Ordinaria,1,42.35457,12.36299,1
1869,10130,0,"Via Civita Castellana, 11/13",SANGIORGI SNC,01565610563,1030,56023,CORCHIANO,-,56,VT,VITERBO,120,LAZIO,2013-01-03T00:00:00,-,Ordinaria,1,42.35457,12.36299,1
1870,10131,0,"Corso Umberto I, 6",D'ALESSIO MARIA & C. SNC,01582690564,1037,56045,RONCIGLIONE,-,56,VT,VITERBO,120,LAZIO,2005-01-01T00:00:00,31/12/2007,Ordinaria,1,42.29059,12.21618,1
1871,10131,0,"Corso Umberto I, 6",D'ALESSIO MARIA & C. SNC,13214576517,1037,56045,RONCIGLIONE,-,56,VT,VITERBO,120,LAZIO,2008-01-01T00:00:00,31/03/2010,Ordinaria,1,42.29059,12.21618,1
1872,10131,0,"Corso Umberto I, 6",D'ALESSIO  SNC,01582690564,1037,56045,RONCIGLIONE,-,56,VT,VITERBO,120,LAZIO,2010-01-04T00:00:00,-,Ordinaria,1,42.29059,12.21618,1
1873,10132,0,"Piazza M. Buratti, 2/3",SAN MARTINO DI NATALINI P,01545620567,1030,56059,VITERBO,S. MARTINO AL CIMINO,56,VT,VITERBO,120,LAZIO,2005-01-01T00:00:00,-,Ordinaria,1,42.4165,12.10394,1
1874,10133,0,"Via Tarquinia, 53",Saliola Bucelli Marco,01621860566,1017,56052,TUSCANIA,-,56,VT,VITERBO,120,LAZIO,2005-01-01T00:00:00,-,Ordinaria,1,42.41618,11.85601,1
1875,10134,0,"Piazza Vittorio Emanuele, 3",BIANCHI SNC,01642550568,1027,56036,MONTEFIASCONE,-,56,VT,VITERBO,120,LAZIO,2005-01-01T00:00:00,28/02/2013,Ordinaria,1,42.54939,12.03101,1
1876,10134,0,Via Cardinal Salotti 48,BIANCHI SNC,01642550568,1027,56036,MONTEFIASCONE,-,56,VT,VITERBO,120,LAZIO,2013-01-03T00:00:00,-,Ordinaria,1,42.54939,12.03101,1
1877,10135,0,Viale I^ Maggio,Giambra Gianluigi,01650670563,1010,56032,LATERA,-,56,VT,VITERBO,120,LAZIO,2005-01-01T00:00:00,31/03/2010,Ordinaria,1,42.62903,11.82745,1
1878,10135,0,Viale I^ Maggio,Giambra Gianluigi,01439020569,1010,56032,LATERA,-,56,VT,VITERBO,120,LAZIO,2010-01-04T00:00:00,30/09/2010,Ordinaria,1,42.62903,11.82745,1
1879,10135,0,Viale I^ Maggio,MINNICI VINCENZO,00611140807,1010,56032,LATERA,-,56,VT,VITERBO,120,LAZIO,2010-01-10T00:00:00,-,Ordinaria,1,42.62903,11.82745,1
1880,10136,0,"Via Claudia, 109",RICCI RAFFAELLA,01690050560,1010,56041,ORIOLO ROMANO,-,56,VT,VITERBO,120,LAZIO,2010-01-09T00:00:00,-,Ordinaria,1,42.17433,12.12952,1
1881,10136,0,"Via Claudia, 109",RICCI RAFFAELLA,06239361006,1010,56041,ORIOLO ROMANO,-,56,VT,VITERBO,120,LAZIO,2005-01-01T00:00:00,31/08/2010,Ordinaria,1,42.17433,12.12952,1
1882,10137,0,"Via delle Sirene, 20",GRECO TOMMASO,03710720651,1016,56050,TARQUINIA,TARQUINIA LIDO,56,VT,VITERBO,120,LAZIO,2005-01-01T00:00:00,31/12/2014,Ordinaria,1,42.22405,11.70576,1
1883,10137,0,"Via Andrea Doria, 55",GRECO TOMMASO,03710720651,1016,56050,TARQUINIA,TARQUINIA LIDO,56,VT,VITERBO,120,LAZIO,2015-01-01T00:00:00,-,Ordinaria,1,42.22405,11.70576,1
1884,10138,0,"Piazza del Comune, 10",CIUCCI MARINA,01736590561,1020,56029,GRAFFIGNANO,-,56,VT,VITERBO,120,LAZIO,2010-01-04T00:00:00,-,Ordinaria,1,42.56116,12.22909,1
1885,10138,0,"Piazza del Comune, 10",CIUCCI MARINA,00187570569,1020,56029,GRAFFIGNANO,-,56,VT,VITERBO,120,LAZIO,2005-01-01T00:00:00,31/03/2010,Ordinaria,1,42.56116,12.22909,1
1886,10139,0,"Via Umberto I, 53",MODICA DI ANNA GAI,01786790566,1010,56056,VEJANO,-,56,VT,VITERBO,120,LAZIO,2008-01-01T00:00:00,-,Ordinaria,1,42.21841,12.09451,1
1887,10139,0,"Via Umberto I, 53",MODICA DI ANNA GAI,00005060561,1010,56056,VEJANO,-,56,VT,VITERBO,120,LAZIO,2005-01-01T00:00:00,31/12/2007,Ordinaria,1,42.21841,12.09451,1
1888,10140,0,"Via Cassia, 106",VETRALLA DI FANELLI ANNA RITA E C. SNC,01697230561,1019,56057,VETRALLA,-,56,VT,VITERBO,120,LAZIO,2005-01-01T00:00:00,28/02/2013,Ordinaria,1,42.3373,12.05754,1
1889,10140,0,Via S. Michele sn,VETRALLA SNC DELLA DR.SSA STEFANIA MENCHI E C.,01697230561,1019,56057,VETRALLA,-,56,VT,VITERBO,120,LAZIO,2013-01-03T00:00:00,-,Ordinaria,1,42.3373,12.05754,1
1890,10141,0,"Piazza Umberto I, 28",COMUNALE SIPICCIANO,00187570569,1020,56029,GRAFFIGNANO,SIPICCIANO,56,VT,VITERBO,120,LAZIO,2005-01-01T00:00:00,-,Ordinaria,1,42.54798,12.23342,1
1891,10142,0,"Piazza Vittorio Emanuele, 22",BELATI  ZAGOREO,01854860564,1038,56048,SORIANO NEL CIMINO,-,56,VT,VITERBO,120,LAZIO,2010-01-04T00:00:00,-,Ordinaria,1,42.43916,12.24471,1
1892,10142,0,"Piazza Vittorio Emanuele, 22",BELATI  ZAGOREO,01703080562,1038,56048,SORIANO NEL CIMINO,-,56,VT,VITERBO,120,LAZIO,2005-01-01T00:00:00,31/03/2010,Ordinaria,1,42.43916,12.24471,1
1893,10143,0,"Via Gramsci, 38",LANZI SNC DI FABRIZIO E FABIO LANZI,02079520561,1023,56008,BOLSENA,-,56,VT,VITERBO,120,LAZIO,2012-01-07T00:00:00,-,Ordinaria,1,42.63537,11.97688,1
1894,10143,0,"Via Gramsci, 38",LANZI FABRIZIO,01832900565,1023,56008,BOLSENA,-,56,VT,VITERBO,120,LAZIO,2010-01-04T00:00:00,30/06/2012,Ordinaria,1,42.63537,11.97688,1
1895,10143,0,"Via Gramsci, 38",LANZI SNC,01603660562,1023,56008,BOLSENA,-,56,VT,VITERBO,120,LAZIO,2005-01-01T00:00:00,31/03/2010,Ordinaria,1,42.63537,11.97688,1
1896,10144,0,"Via Roma, 14",RUPES SNC DELLE DR.SSE A.M. COCCIA E I STEFANI,-,1030,56017,CASTEL SANT'ELIA,-,56,VT,VITERBO,120,LAZIO,2005-01-01T00:00:00,31/03/2010,Ordinaria,1,42.24864,12.36552,1
1897,10144,0,"Via Roma, 14",RUPES SNC DELLE DR.SSE A.M. COCCIA E I STEFANI,01708830565,1030,56017,CASTEL SANT'ELIA,-,56,VT,VITERBO,120,LAZIO,2010-01-04T00:00:00,-,Ordinaria,1,42.24864,12.36552,1
1898,10145,0,VIA A. DE GASPERI,FARMACAPRANICA,01658140569,1012,56014,CAPRANICA,CAPRANICA SCALO,56,VT,VITERBO,120,LAZIO,2005-01-01T00:00:00,28/02/2013,Ordinaria,1,42.26152,12.15541,1
1899,10145,0,"Via A. De Gasperi, snc",FARMACAPRANICA DI FINOCCHI SILVIA,02133080560,1012,56014,CAPRANICA,-,56,VT,VITERBO,120,LAZIO,2013-01-03T00:00:00,-,Ordinaria,1,42.26152,12.15541,1
1900,10146,0,"P.za G. Mosca, 13",COMUNALE MONTECUCCO,05903241007,148,58091,ROMA,-,58,RM,ROMA,120,LAZIO,2007-01-09T00:00:00,28/02/2013,Ordinaria,1,41.92368,12.57115,1
1901,10146,0,"P.za G. Mosca, 13",COMUNALE MONTECUCCO,07419770586,148,58091,ROMA,-,58,RM,ROMA,120,LAZIO,2005-01-01T00:00:00,31/08/2007,Ordinaria,1,41.92368,12.57115,1
1902,10146,0,"Piazza G. Mosca, 13",FARMACAP - COMUNALE MONTECUCCO,05903241007,148,58091,ROMA,-,58,RM,ROMA,120,LAZIO,2013-01-03T00:00:00,-,Ordinaria,1,41.92368,12.57115,1
1903,10147,0,"Via Petralia Sottana, 55",COMUNALE GRIMALDI,07293750589,132,58091,ROMA,-,58,RM,ROMA,120,LAZIO,2005-01-01T00:00:00,30/04/2007,Ordinaria,1,41.92368,12.57115,1
1904,10148,0,"Via Umberto I, 18",CESTARI DEL DR. GABRIELE CESTARI & C. SNC,00009340571,2037,57054,POGGIO MOIANO,-,57,RI,RIETI,120,LAZIO,2005-01-01T00:00:00,30/06/2007,Ordinaria,1,42.20263,12.87938,1
1905,10148,0,"Via Umberto I, 18",CESTARI DEL DR. GABRIELE CESTARI & C. SNC,01000620573,2037,57054,POGGIO MOIANO,-,57,RI,RIETI,120,LAZIO,2007-01-07T00:00:00,-,Ordinaria,1,42.20263,12.87938,1
1906,10149,0,"Via Mazzini, 29",INCANDELA DEL DR. PIERLUIGI BOCCANERA,00978880573,2014,57009,CANTALICE,-,57,RI,RIETI,120,LAZIO,2005-01-01T00:00:00,-,Ordinaria,1,42.48074,12.9254,1
1907,10150,0,"Piazza Guglielmo Marconi, 24",MANCA DI MANCA GIOVANNA E C. SAS,01056300575,2100,57059,RIETI,-,57,RI,RIETI,120,LAZIO,2011-01-01T00:00:00,-,Ordinaria,1,42.40704,12.85139,1
1908,10150,0,"Piazza Guglielmo Marconi, 24",MANCA G.,00014230577,2100,57059,RIETI,-,57,RI,RIETI,120,LAZIO,2005-01-01T00:00:00,31/12/2010,Ordinaria,1,42.40704,12.85139,1
1909,10151,0,"Via del Terminillo, 51/B",SALARIA Bernardinetti Luca,00933740573,2100,57059,RIETI,-,57,RI,RIETI,120,LAZIO,2005-01-01T00:00:00,28/02/2013,Ordinaria,1,42.41021,12.88385,1
1910,10151,0,"Via del Terminillo, 51/B",SALARIA DEL DR. LUCA BERARDINETTI & C. SAS,00933740573,2100,57059,RIETI,-,57,RI,RIETI,120,LAZIO,2013-01-03T00:00:00,-,Ordinaria,1,42.41021,12.88385,1
1911,10152,0,"Via del Castello, 2",NOBILI,-,2026,57062,ROCCA SINIBALDA,-,57,RI,RIETI,120,LAZIO,2005-01-01T00:00:00,31/08/2010,Ordinaria,1,42.26254,12.94853,1
1912,10152,0,"Via del Castello, 2",NOBILI,00065660573,2026,57062,ROCCA SINIBALDA,-,57,RI,RIETI,120,LAZIO,2010-01-09T00:00:00,-,Ordinaria,1,42.26254,12.94853,1
1913,10153,0,"Viale Matteucci, 60",A.S.M. 1,-,2100,57059,RIETI,-,57,RI,RIETI,120,LAZIO,2005-01-01T00:00:00,-,Ordinaria,1,42.40704,12.85139,1
1914,10154,0,Localita' Campigliano,BLASI ALBERTO,00139550578,2010,57060,RIVODUTRI,Campigliano,57,RI,RIETI,120,LAZIO,2005-01-01T00:00:00,-,Ordinaria,1,42.52199,12.86739,1
1915,10155,0,"Via della Repubblica, 51",BUZZI ROMOLO,00139800577,2043,57025,CONTIGLIANO,-,57,RI,RIETI,120,LAZIO,2005-01-01T00:00:00,-,Ordinaria,1,42.41951,12.76222,1
1916,10156,0,"Piazza Martiri IV Aprile, 1",GIORGI EMANUELA,00558270575,2010,57006,BORBONA,-,57,RI,RIETI,120,LAZIO,2008-01-01T00:00:00,-,Ordinaria,1,42.49434,13.13576,1
1917,10156,0,"Piazza Martiri IV Aprile, 1",GIORGI EMANUELA,-,2010,57006,BORBONA,-,57,RI,RIETI,120,LAZIO,2005-01-01T00:00:00,31/12/2007,Ordinaria,1,42.49434,13.13576,1
1918,10157,0,"Via A. de Gasperi, snc",SELVI SAS DEL DR. PAOLO SELVI & C.,00065020570,2100,57059,RIETI,-,57,RI,RIETI,120,LAZIO,2013-01-03T00:00:00,-,Ordinaria,1,42.40704,12.85139,1
1919,10157,0,"Via O. Di Fazio, 48",SELVI PAOLO,00065020570,2100,57059,RIETI,-,57,RI,RIETI,120,LAZIO,2005-01-01T00:00:00,28/02/2013,Ordinaria,1,42.40704,12.85139,1
1920,10158,0,Via Rieti snc,S. MARIA,00047240577,2017,57059,RIETI,MONTE TERMINILLO,57,RI,RIETI,120,LAZIO,2005-01-01T00:00:00,28/02/2013,Ordinaria,1,42.40704,12.85139,1
1921,10158,0,Via Rieti snc,S. MARIA,00047240577,2010,57059,RIETI,MONTE TERMINILLO,57,RI,RIETI,120,LAZIO,2013-01-03T00:00:00,-,Ordinaria,1,42.40704,12.85139,1
1922,10159,0,"Piazza Emo Battisti, 16",MARIANTONI M. RUGGERA,00642080576,2018,57051,POGGIO BUSTONE,-,57,RI,RIETI,120,LAZIO,2005-01-01T00:00:00,-,Ordinaria,1,42.50501,12.89032,1
1923,10160,0,"Piazza A. Diaz, 6",PUZELLI GIUSEPPE,00710990573,2010,57022,COLLI SUL VELINO,-,57,RI,RIETI,120,LAZIO,2005-01-01T00:00:00,-,Ordinaria,1,42.49823,12.77867,1
1924,10161,0,"Piazza XXIII Settembre, 8",RUGGIERI ELENA,00713430577,2100,57059,RIETI,-,57,RI,RIETI,120,LAZIO,2005-01-01T00:00:00,-,Ordinaria,1,42.40704,12.85139,1
1925,10162,0,Localit Moletta,DE ROSSI S.R.L,00727310575,2040,57043,MONTE SAN GIOVANNI IN SABINA,Madonna dello Spineto,57,RI,RIETI,120,LAZIO,2010-01-10T00:00:00,-,Ordinaria,1,42.31686,12.77557,1
1926,10162,0,Madonna dello Spineto,MENICHETTI ORNELLA,00727310575,2040,57043,MONTE SAN GIOVANNI IN SABINA,Madonna dello Spineto,57,RI,RIETI,120,LAZIO,2005-01-01T00:00:00,31/05/2009,Ordinaria,1,42.31686,12.77557,1
1927,10162,0,Localit Moletta,DE ROSSI S.R.L,01037320577,2040,57043,MONTE SAN GIOVANNI IN SABINA,Madonna dello Spineto,57,RI,RIETI,120,LAZIO,2009-01-06T00:00:00,30/09/2010,Ordinaria,1,42.31686,12.77557,1
1928,10163,0,Piazza Angelucci,A.S.M. 2,-,2100,57059,RIETI,-,57,RI,RIETI,120,LAZIO,2005-01-01T00:00:00,-,Ordinaria,1,42.40451,12.85673,1
1929,10164,0,"Via Martin Luter King, snc",SCIUBBA BELISARIO,00749600573,2010,57008,BORGO VELINO,-,57,RI,RIETI,120,LAZIO,2005-01-01T00:00:00,-,Ordinaria,1,42.40338,13.05633,1
1930,10165,0,Via della Chiesa Nuova,FRANCESCANGELI LAMBERTO,-,2020,57034,LONGONE SABINO,Roccaranieri,57,RI,RIETI,120,LAZIO,2005-01-01T00:00:00,31/08/2010,Ordinaria,1,42.30463,12.94996,1
1931,10165,0,Via della Chiesa Nuova,FRANCESCANGELI LAMBERTO,00748920576,2020,57034,LONGONE SABINO,Roccaranieri,57,RI,RIETI,120,LAZIO,2010-01-09T00:00:00,-,Ordinaria,1,42.30463,12.94996,1
1932,10166,0,"Via Mirtense, 36",RINCICOTTI TERZILIA,00760030577,2030,57030,FRASSO SABINO,-,57,RI,RIETI,120,LAZIO,2005-01-01T00:00:00,-,Ordinaria,1,42.22402,12.8152,1
1933,10167,0,"Viale Maraini, 65",COLANGELI SAS DELLA DR.SSA FRANCESCA COLANGELI & C.,00786040576,2100,57059,RIETI,-,57,RI,RIETI,120,LAZIO,2013-01-03T00:00:00,-,Ordinaria,1,42.4119,12.8566,1
1934,10167,0,"Viale Maraini, 65",COLANGELI FRANCESCA,00786040576,2100,57059,RIETI,-,57,RI,RIETI,120,LAZIO,2005-01-01T00:00:00,28/02/2013,Ordinaria,1,42.4119,12.8566,1
1935,10168,0,"Via Salaria per Roma, 2/a",VACCAREZZA BRUNA,00787830579,2100,57059,RIETI,-,57,RI,RIETI,120,LAZIO,2005-01-01T00:00:00,-,Ordinaria,1,42.40883,12.91664,1
1936,10169,0,"Largo Armando Diaz, 2",PETRUCCI MASSIMILIANO,00791110570,2011,57001,ACCUMOLI,-,57,RI,RIETI,120,LAZIO,2010-01-10T00:00:00,-,Ordinaria,1,42.6958,13.24425,1
1937,10169,0,"Largo Armando Diaz, 2",DEL PARCO LOMBARDI PIETRO,-,2011,57001,ACCUMOLI,-,57,RI,RIETI,120,LAZIO,2005-01-01T00:00:00,30/09/2010,Ordinaria,1,42.6958,13.24425,1
1938,10170,0,"Piazza Garibaldi, 1",FARINATO RITA MARIA,00799680574,2035,57047,ORVINIO,-,57,RI,RIETI,120,LAZIO,2010-01-10T00:00:00,28/02/2013,Ordinaria,1,42.13149,12.93836,1
1939,10170,0,"Viale Roma, 2",COMUNALE DI ORVINIO,00799680574,2035,57047,ORVINIO,-,57,RI,RIETI,120,LAZIO,2013-01-03T00:00:00,-,Ordinaria,1,42.13149,12.93836,1
1940,10170,0,"Piazza Garibaldi, 1",FARINATO RITA MARIA,-,2035,57047,ORVINIO,-,57,RI,RIETI,120,LAZIO,2005-01-01T00:00:00,30/09/2010,Ordinaria,1,42.13149,12.93836,1
1941,10171,0,"Corso Umberto, 75",CICCONETTI SNC,00801340571,2012,57002,AMATRICE,-,57,RI,RIETI,120,LAZIO,2005-01-01T00:00:00,-,Ordinaria,1,42.62665,13.29508,1
1942,10172,0,"Via IV Novembre, 7",COLAPIETRO LUCA,00801020579,2022,57018,COLLALTO SABINO,-,57,RI,RIETI,120,LAZIO,2005-01-01T00:00:00,-,Ordinaria,1,42.13535,13.04783,1
1943,10173,0,"Via Roma, 1",CILEA LAURA,00808920573,2030,57055,POGGIO NATIVO,-,57,RI,RIETI,120,LAZIO,2013-01-03T00:00:00,-,Ordinaria,1,42.21379,12.78806,1
1944,10173,0,"Via Roma, 1",DE SANDO ANNA LISA,00808920573,2030,57055,POGGIO NATIVO,-,57,RI,RIETI,120,LAZIO,2005-01-01T00:00:00,28/02/2013,Ordinaria,1,42.21379,12.78806,1
1945,10174,0,"Via Limiti Sud, 7",FABI EMILIANO,-,2045,57031,GRECCIO,LIMITI DI GRECCIO,57,RI,RIETI,120,LAZIO,2005-01-01T00:00:00,31/08/2010,Ordinaria,1,42.452,12.77047,1
1946,10174,0,"Via Limiti Sud, 7",FABI EMILIANO,00990750572,2045,57031,GRECCIO,LIMITI DI GRECCIO,57,RI,RIETI,120,LAZIO,2010-01-09T00:00:00,-,Ordinaria,1,42.452,12.77047,1
1947,10175,0,"P.zza del Popolo, 27",S.ANNA DI MARINI ELENA E TOMASSINI TIZIANA SNC,00812580579,2013,57003,ANTRODOCO,-,57,RI,RIETI,120,LAZIO,2005-01-01T00:00:00,30/09/2010,Ordinaria,1,42.40018,13.12546,1
1948,10175,0,"Piazza del Popolo, 27",S.ANNA DI MARINI ELENA E TOMASSINI TIZIANA SNC,00978050573,2013,57003,ANTRODOCO,-,57,RI,RIETI,120,LAZIO,2010-01-10T00:00:00,-,Ordinaria,1,42.40018,13.12546,1
1949,10176,0,"Viale Morroni, 26/28",S. AGOSTINO DI SCOPIGNO MARCO,01041810571,2100,57059,RIETI,-,57,RI,RIETI,120,LAZIO,2010-01-09T00:00:00,30/04/2013,Ordinaria,1,42.40505,12.86617,1
1950,10176,0,"Viale Morroni, 26/28",S. AGOSTINO,00814500575,2100,57059,RIETI,-,57,RI,RIETI,120,LAZIO,2005-01-01T00:00:00,31/08/2010,Ordinaria,1,42.40505,12.86617,1
1951,10176,0,"Viale Morroni, 26/28",S. AGOSTINO SNC DI MARCO E MARTA SCOPIGNO,01041810571,2100,57059,RIETI,-,57,RI,RIETI,120,LAZIO,2013-01-05T00:00:00,-,Ordinaria,1,42.40505,12.86617,1
1952,10177,0,"Via S. Maria, 3",DI MODUGNO CLAUDIO,00828580571,2030,57069,TORRICELLA IN SABINA,-,57,RI,RIETI,120,LAZIO,2010-01-09T00:00:00,30/06/2012,Ordinaria,1,42.27484,12.87072,1
1953,10177,0,"Via S. Maria, 3",DI MODUGNO CLAUDIO,-,2030,57069,TORRICELLA IN SABINA,-,57,RI,RIETI,120,LAZIO,2005-01-01T00:00:00,31/08/2010,Ordinaria,1,42.27484,12.87072,1
1954,10177,0,"Via S. Maria, 3",GIOVANNETTI FABIO,11617471005,2030,57069,TORRICELLA IN SABINA,-,57,RI,RIETI,120,LAZIO,2012-01-07T00:00:00,-,Ordinaria,1,42.27484,12.87072,1
1955,10178,0,"Via Roma, 13",PETRINI DEI DOTTORI L.G. E G.D. PETRINI SNC,00036450575,2100,57059,RIETI,-,57,RI,RIETI,120,LAZIO,2005-01-01T00:00:00,-,Ordinaria,1,42.40039,12.86095,1
1956,10179,0,Via Porta Romana,PIVA UMBERTO,00843850579,2020,57071,TURANIA,-,57,RI,RIETI,120,LAZIO,2005-01-01T00:00:00,28/02/2015,Ordinaria,1,42.13803,13.00929,1
1957,10179,0,"Via Porta Romana, 29",PIANO MATTEO NUCCIO,00843850579,2020,57071,TURANIA,-,57,RI,RIETI,120,LAZIO,2015-01-03T00:00:00,-,Ordinaria,1,42.13803,13.00929,1
1958,10180,0,"Via Turanense, 104",CARAMAGNO CORRADO,00865460570,2020,57013,CASTEL DI TORA,-,57,RI,RIETI,120,LAZIO,2005-01-01T00:00:00,-,Ordinaria,1,42.2104,12.9711,1
1959,10181,0,"Via Nazionale, 20",SANT'ANGELO,00891550576,2010,57015,CASTEL SANT'ANGELO,CANETRA,57,RI,RIETI,120,LAZIO,2005-01-01T00:00:00,-,Ordinaria,1,42.39944,13.01906,1
1960,10182,0,"Via L. Mummio, 9",BORGACCI ILARIA,00948920574,2033,57041,MONTELEONE SABINO,-,57,RI,RIETI,120,LAZIO,2005-01-01T00:00:00,-,Ordinaria,1,42.2263,12.87008,1
1961,10183,0,"L.go Augusto Filippi, 1",FARMACIA EREDE DOTT.SSA GUIDI GIOVANNA DI TOMMASI CAROLINA,01095760573,2030,57011,CASAPROTA,-,57,RI,RIETI,120,LAZIO,2010-01-10T00:00:00,-,Ordinaria,1,42.24928,12.80884,1
1962,10183,0,"Via IV Novembre, 37",EREDI GUIDI,-,2030,57011,CASAPROTA,-,57,RI,RIETI,120,LAZIO,2005-01-01T00:00:00,30/09/2010,Ordinaria,1,42.24928,12.80884,1
1963,10184,0,"Via Roma, 119",D'ONOFRIO PAOLA,-,2020,57046,NESPOLO,-,57,RI,RIETI,120,LAZIO,2005-01-01T00:00:00,31/12/2007,Ordinaria,1,42.15637,13.07275,1
1964,10184,0,"Via Roma, 119",D'ONOFRIO PAOLA,00908670573,2020,57046,NESPOLO,-,57,RI,RIETI,120,LAZIO,2008-01-01T00:00:00,28/02/2013,Ordinaria,1,42.15637,13.07275,1
1965,10184,0,"Via Roma, 119",D'ONOFRIO PAOLA,00908670573,2020,57047,ORVINIO,-,57,RI,RIETI,120,LAZIO,2013-01-03T00:00:00,-,Ordinaria,1,42.15637,13.07275,1
1966,10185,0,"Loc. Madonna della Luce, 3",BLASI MARCO,00917110579,2010,57032,LABRO,"Madonna della Luce, 3",57,RI,RIETI,120,LAZIO,2010-01-10T00:00:00,-,Ordinaria,1,42.5206,12.79878,1
1967,10185,0,"Loc. Madonna della Luce, 3",BLASI MARCO,-,2010,57032,LABRO,"Madonna della Luce, 3",57,RI,RIETI,120,LAZIO,2005-01-01T00:00:00,30/09/2010,Ordinaria,1,42.5206,12.79878,1
1968,10186,0,"Via Roma, 31-33",MAURO MASSIMILIANO,01421460435,2012,57002,AMATRICE,-,57,RI,RIETI,120,LAZIO,2010-01-10T00:00:00,-,Ordinaria,1,42.62665,13.29508,1
1969,10186,0,"Via Roma, 31-33",MAURO MASSIMILIANO,-,2012,57002,AMATRICE,-,57,RI,RIETI,120,LAZIO,2005-01-01T00:00:00,30/09/2010,Ordinaria,1,42.62665,13.29508,1
1970,10187,0,"Via Pallottini, 7/a",DI GERONIMO CARMELO,00916350572,2010,57017,CITTAREALE,"Pallottini, 7/a",57,RI,RIETI,120,LAZIO,2010-01-10T00:00:00,28/02/2013,Ordinaria,1,42.59116,13.16275,1
1971,10187,0,"Via Pallottini, 7/a",DI GERONIMO CARMELO,-,2010,57017,CITTAREALE,"Pallottini, 7/a",57,RI,RIETI,120,LAZIO,2005-01-01T00:00:00,30/09/2010,Ordinaria,1,42.59116,13.16275,1
1972,10187,0,"Loc. Pallottini, 7/a",DI GERONIMO CARMELO,00916350572,2010,57017,CITTAREALE,"Pallottini, 7/a",57,RI,RIETI,120,LAZIO,2013-01-03T00:00:00,-,Ordinaria,1,42.59116,13.16275,1
1973,10188,0,"Piazza degli eroi, 10",L'ABBATE DR. GIOVANNI,01063880577,2019,57057,POSTA,-,57,RI,RIETI,120,LAZIO,2010-01-10T00:00:00,-,Ordinaria,1,42.51808,13.08189,1
1974,10188,0,"Piazza degli eroi, 10",PIGNATELLI FRANCESCO,00922350574,2019,57057,POSTA,-,57,RI,RIETI,120,LAZIO,2005-01-01T00:00:00,30/09/2010,Ordinaria,1,42.51808,13.08189,1
1975,10189,0,"Via Roma, 18",CARLINI CITONE SNC,00938950573,2038,57064,SCANDRIGLIA,-,57,RI,RIETI,120,LAZIO,2013-01-03T00:00:00,-,Ordinaria,1,42.15686,12.85975,1
1976,10189,0,"Via Umberto I, 31",CARLINI CITONE SNC,00938950573,2038,57064,SCANDRIGLIA,-,57,RI,RIETI,120,LAZIO,2010-01-10T00:00:00,28/02/2013,Ordinaria,1,42.15686,12.85975,1
1977,10189,0,"Via Umberto I, 31",CARLINI CITONE SNC,-,2038,57064,SCANDRIGLIA,-,57,RI,RIETI,120,LAZIO,2005-01-01T00:00:00,30/09/2010,Ordinaria,1,42.15686,12.85975,1
1978,10190,0,"Piazza del Popolo, 10/A",DOMENICI DI DOMENICI FRANCESCA,00941250573,2015,57016,CITTADUCALE,-,57,RI,RIETI,120,LAZIO,2013-01-03T00:00:00,-,Ordinaria,1,42.3865,12.94832,1
1979,10190,0,"Piazza del Popolo, 10/A",DOMENICI DI DOMENICI FRANCESCA & C. SAS,-,2015,57016,CITTADUCALE,-,57,RI,RIETI,120,LAZIO,2005-01-01T00:00:00,31/12/2007,Ordinaria,1,42.3865,12.94832,1
1980,10190,0,"Piazza del Popolo, 10/A",DOMENICI DI DOMENICI FRANCESCA & C. SAS,00941250573,2015,57016,CITTADUCALE,-,57,RI,RIETI,120,LAZIO,2008-01-01T00:00:00,28/02/2013,Ordinaria,1,42.3865,12.94832,1
1981,10191,0,"Corso S. Giuseppe, 121",GIAMPAOLI DEI DR.I PAOLO E MARIA CRISTINA SNC,00941610578,2016,57033,LEONESSA,-,57,RI,RIETI,120,LAZIO,2008-01-01T00:00:00,-,Ordinaria,1,42.56906,13.00154,1
1982,10191,0,"C.so S. Giuseppe, 121",GIAMPAOLI DEI DR.I PAOLO E MARIA CRISTINA SNC,-,2016,57033,LEONESSA,-,57,RI,RIETI,120,LAZIO,2005-01-01T00:00:00,31/12/2007,Ordinaria,1,42.56906,13.00154,1
1983,10192,0,"Via Roma, 5",DE BELLA MARIA,01353140559,2040,57040,MONTEBUONO,-,57,RI,RIETI,120,LAZIO,2010-01-09T00:00:00,-,Ordinaria,1,42.37489,12.57573,1
1984,10192,0,"Via Roma, 5",DE BELLA MARIA,00438380552,2040,57040,MONTEBUONO,-,57,RI,RIETI,120,LAZIO,2005-01-01T00:00:00,31/08/2010,Ordinaria,1,42.37489,12.57573,1
1985,10193,0,"Piazza Garibaldi, 9",FIGLIUZZI ANNAMARIA,00044530574,2046,57035,MAGLIANO SABINA,-,57,RI,RIETI,120,LAZIO,2005-01-01T00:00:00,31/03/2011,Ordinaria,1,42.36146,12.48113,1
1986,10193,0,"Piazza Garibaldi, 9",POIANA DOTT.SSA MORTARI RAIMONDA,02579780590,2046,57035,MAGLIANO SABINA,-,57,RI,RIETI,120,LAZIO,2012-01-01T00:00:00,-,Ordinaria,1,42.36146,12.48113,1
1987,10194,0,"Via Cavour, 56",STAGNI ALESSANDRO,01035180577,2048,57066,STIMIGLIANO,-,57,RI,RIETI,120,LAZIO,2010-01-09T00:00:00,30/09/2010,Ordinaria,1,42.2971,12.56302,1
1988,10194,0,"Via Cavour, 56",STAVOLONE ROSSANA,-,2048,57066,STIMIGLIANO,-,57,RI,RIETI,120,LAZIO,2005-01-01T00:00:00,31/12/2007,Ordinaria,1,42.2971,12.56302,1
1989,10194,0,"Via Cavour, 56",STAGNI ALESSANDRO,00642870570,2048,57066,STIMIGLIANO,-,57,RI,RIETI,120,LAZIO,2008-01-01T00:00:00,31/08/2010,Ordinaria,1,42.2971,12.56302,1
1990,10194,0,"Via Cavour, 56",STAGNI ALESSANDRO,00642870570,2048,57066,STIMIGLIANO,-,57,RI,RIETI,120,LAZIO,2010-01-10T00:00:00,-,Ordinaria,1,42.2971,12.56302,1
1991,10195,0,"Via Roma, 1/A",CRUCIANI SILVIO,00711110577,2040,57065,SELCI,-,57,RI,RIETI,120,LAZIO,2005-01-01T00:00:00,-,Ordinaria,1,42.31073,12.62518,1
1992,10196,0,"Via Farense, 99",FARENSE SNC,-,2030,57027,FARA IN SABINA,COLTODINO,57,RI,RIETI,120,LAZIO,2005-01-01T00:00:00,30/09/2010,Ordinaria,1,42.20059,12.72061,1
1993,10196,0,"Via Farense, 355",FARMACIA FARENSE del Dr Valerio Corradini,01122860578,2032,57027,FARA IN SABINA,COLTODINO,57,RI,RIETI,120,LAZIO,2015-01-02T00:00:00,-,Ordinaria,1,42.20059,12.72061,1
1994,10196,0,"Via Farense, 99",FARENSE SNC,00965960578,2032,57027,FARA IN SABINA,COLTODINO,57,RI,RIETI,120,LAZIO,2013-01-04T00:00:00,31/01/2015,Ordinaria,1,42.20059,12.72061,1
1995,10196,0,"Via Farense, 99",FARENSE SNC,00965960578,2030,57027,FARA IN SABINA,COLTODINO,57,RI,RIETI,120,LAZIO,2010-01-10T00:00:00,31/03/2013,Ordinaria,1,42.20059,12.72061,1
1996,10197,0,"Via Forcella, 18",SANT'ANDREA,08970881002,2040,57026,COTTANELLO,-,57,RI,RIETI,120,LAZIO,2008-01-01T00:00:00,-,Ordinaria,1,42.40727,12.68729,1
1997,10197,0,"Via Forcella, 18",SANT'ANDREA,00652470576,2040,57026,COTTANELLO,-,57,RI,RIETI,120,LAZIO,2005-01-01T00:00:00,31/12/2007,Ordinaria,1,42.40727,12.68729,1
1998,10198,0,"Via Roma,17/19",CONTI ARCANGELO,00741130579,2031,57014,CASTELNUOVO DI FARFA,-,57,RI,RIETI,120,LAZIO,2005-01-01T00:00:00,-,Ordinaria,1,42.23432,12.73196,1
1999,10199,0,"Via S. Giuseppe, 12",LEPROUX SOFIA,00746030576,2040,57061,ROCCANTICA,-,57,RI,RIETI,120,LAZIO,2005-01-01T00:00:00,-,Ordinaria,1,42.32076,12.6924,1
2000,10200,0,"Via della Fontana, 10",STRABBIOLI LUCIANA,00754350577,2040,57067,TARANO,Borgonuovo,57,RI,RIETI,120,LAZIO,2005-01-01T00:00:00,-,Ordinaria,1,42.36359,12.63315,1
2001,10201,0,"Via Verdi, 30",PALLINI MARINA,01040760579,2040,57010,CANTALUPO IN SABINA,-,57,RI,RIETI,120,LAZIO,2009-01-09T00:00:00,30/09/2010,Ordinaria,1,42.30342,12.6426,1
2002,10201,0,"Via delle Mura, 1",EREDE CREPALDI MARISA DI BINAGHI ALESSANDRA,00776030579,2040,57010,CANTALUPO IN SABINA,-,57,RI,RIETI,120,LAZIO,2005-01-01T00:00:00,31/08/2009,Ordinaria,1,42.30342,12.6426,1
2003,10201,0,"Via Verdi, 30",PALLINI MARINA,01008360578,2040,57010,CANTALUPO IN SABINA,-,57,RI,RIETI,120,LAZIO,2010-01-10T00:00:00,-,Ordinaria,1,42.30342,12.6426,1
2004,10202,0,"Piazza  V. Emanuele II, 4",DE POMPEIS OVIDIO,00777570573,2042,57021,COLLEVECCHIO,-,57,RI,RIETI,120,LAZIO,2005-01-01T00:00:00,-,Ordinaria,1,42.32637,12.53303,1
2005,10203,0,"Piazza G.Verdi, 13",CEFRAESPO DELLE DR.SSE ESPOSITO ELISABETTA E FRAULINI NICOLINA SNC,00828780577,2040,57063,SALISANO,-,57,RI,RIETI,120,LAZIO,2010-01-10T00:00:00,-,Ordinaria,1,42.27702,12.74468,1
2006,10203,0,"Piazza G.Verdi, 13",CEFRAESPO DELLE DR.SSE ESPOSITO ELISABETTA E FRAULINI NICOLINA SNC,-,2040,57063,SALISANO,-,57,RI,RIETI,120,LAZIO,2005-01-01T00:00:00,30/09/2010,Ordinaria,1,42.27702,12.74468,1
2007,10204,0,"Via G. Marconi, 71/73",RIZZUTI FLAVIA,00941100570,2041,57012,CASPERIA,-,57,RI,RIETI,120,LAZIO,2005-01-01T00:00:00,-,Ordinaria,1,42.33701,12.67006,1
2008,10205,0,"Via Enrico Fermi, 13",PASSO CORESE DEL DR. MARIO COVIELLO & C. SAS,01062720576,2032,57027,FARA IN SABINA,-,57,RI,RIETI,120,LAZIO,2011-01-07T00:00:00,-,Ordinaria,1,42.15797,12.65329,1
2009,10205,0,"Via Enrico Fermi, 13",COVIELLO,00839740578,2032,57027,FARA IN SABINA,PASSO CORESE,57,RI,RIETI,120,LAZIO,2005-01-01T00:00:00,30/06/2011,Ordinaria,1,42.15797,12.65329,1
2010,10206,0,"Via G. Matteotti, 11",MIRTENSE DEL DR. IWAN DONATEO & C. SAS,00854060571,2047,57053,POGGIO MIRTETO,-,57,RI,RIETI,120,LAZIO,2013-01-04T00:00:00,-,Ordinaria,1,42.26458,12.67292,1
2011,10206,0,"Via G. Matteotti, 11",MIRTENSE SNC,00854060571,2047,57053,POGGIO MIRTETO,-,57,RI,RIETI,120,LAZIO,2005-01-01T00:00:00,31/03/2013,Ordinaria,1,42.26458,12.67292,1
2012,10207,0,"Via Borgo Nuovo, snc",F. COM. FARA IN SABINA,-,2030,57027,FARA IN SABINA,BORGO QUINZIO,57,RI,RIETI,120,LAZIO,2005-01-01T00:00:00,-,Ordinaria,1,42.1872,12.69824,1
2013,10208,0,Via XII ottobre,SABINA,00882110570,2034,57044,MONTOPOLI DI SABINA,-,57,RI,RIETI,120,LAZIO,2005-01-01T00:00:00,-,Ordinaria,1,42.22654,12.66837,1
2014,10209,0,"Via del Porto, 5",F.CIA COM. FORANO,-,2044,57029,FORANO,GAVIGNANO,57,RI,RIETI,120,LAZIO,2005-01-01T00:00:00,-,Ordinaria,1,42.28474,12.60647,1
2015,10210,0,"Corso Foronovo, 2",TORRI DEI DR.I PERUGINI ILARIA E CORTELLINI PIERLUIGI SNC,00885530576,2049,57070,TORRI IN SABINA,-,57,RI,RIETI,120,LAZIO,2013-01-04T00:00:00,-,Ordinaria,1,42.36134,12.62891,1
2016,10210,0,"Corso Foronovo, 2",MASTROGIACOMO SIMONETTA,00885530576,2049,57070,TORRI IN SABINA,-,57,RI,RIETI,120,LAZIO,2005-01-01T00:00:00,31/03/2013,Ordinaria,1,42.36134,12.62891,1
2017,10211,0,"Piazza V.Emanuele, 9",PROVENZANO GABRIELLA CARMELA,00703770578,2044,57029,FORANO,PROVENZANO,57,RI,RIETI,120,LAZIO,2005-01-01T00:00:00,-,Ordinaria,1,42.28474,12.60647,1
2018,10212,0,"Via Roma, 19",CORTELLINI DOTT. PIERLUIGI & C. SNC,01032140574,2040,57052,POGGIO CATINO,-,57,RI,RIETI,120,LAZIO,2010-01-09T00:00:00,-,Ordinaria,1,42.29435,12.68688,1
2019,10212,0,"Via Roma, 19",CORTELLINI DOTT. PIERLUIGI & C. SNC,00906020573,2040,57052,POGGIO CATINO,-,57,RI,RIETI,120,LAZIO,2005-01-01T00:00:00,31/08/2010,Ordinaria,1,42.29435,12.68688,1
2020,10213,0,"Viale Marconi, 19",MELLINO MARIA ELENA,00912950573,2039,57068,TOFFIA,-,57,RI,RIETI,120,LAZIO,2005-01-01T00:00:00,-,Ordinaria,1,42.20658,12.76023,1
2021,10214,0,"Via Dello Sport, 13",PERONDI,00045250578,2021,57007,BORGOROSE,-,57,RI,RIETI,120,LAZIO,2013-01-04T00:00:00,-,Ordinaria,1,42.19336,13.26298,1
2022,10214,0,"Via Roma, 269",BORGO,-,2021,57007,BORGOROSE,-,57,RI,RIETI,120,LAZIO,2005-01-01T00:00:00,31/08/2010,Ordinaria,1,42.19336,13.26298,1
2023,10214,0,"Via Roma, 269",BORGO,00045250578,2021,57007,BORGOROSE,-,57,RI,RIETI,120,LAZIO,2010-01-09T00:00:00,31/03/2013,Ordinaria,1,42.19336,13.26298,1
2024,10215,0,"Via Trento, 27",ROTILI GUIDO,-,2023,57028,FIAMIGNANO,S. AGAPITO,57,RI,RIETI,120,LAZIO,2005-01-01T00:00:00,30/09/2010,Ordinaria,1,42.30085,13.158,1
2025,10215,0,"Via Trento, 27",ROTILI GUIDO,00102180577,2023,57028,FIAMIGNANO,S. AGAPITO,57,RI,RIETI,120,LAZIO,2010-01-10T00:00:00,-,Ordinaria,1,42.30085,13.158,1
2026,10216,0,"Via Marsicana, 6",LUCCITTI VITTORIO,00148600570,2024,57049,PESCOROCCHIANO,-,57,RI,RIETI,120,LAZIO,2005-01-01T00:00:00,-,Ordinaria,1,42.20876,13.14786,1
2027,10217,0,"Via della Dogana, 3",ROTILI GIOVANNI BATTISTA,00632910576,2020,57023,CONCERVIANO,-,57,RI,RIETI,120,LAZIO,2005-01-01T00:00:00,31/03/2013,Ordinaria,1,42.32794,12.98787,1
2028,10217,0,"Via Cicolana, snc",EREDI ROTILI GIOVANNI,00632910576,2020,57023,CONCERVIANO,-,57,RI,RIETI,120,LAZIO,2013-01-05T00:00:00,-,Ordinaria,1,42.32794,12.98787,1
2029,10217,0,Via Cicolana snc,ROTILI GIOVANNI BATTISTA,00632910576,2020,57023,CONCERVIANO,-,57,RI,RIETI,120,LAZIO,2013-01-04T00:00:00,30/04/2013,Ordinaria,1,42.32794,12.98787,1
2030,10218,0,"Via Valle del Salto, 35",DEL LAGO - CERIANI MARIA,00915320576,2025,57050,PETRELLA SALTO,FIUMATA,57,RI,RIETI,120,LAZIO,2005-01-01T00:00:00,-,Ordinaria,1,42.30895,13.06426,1
2031,10219,0,"Via San Rocco, 11",FALCO ROSARIA,02284220619,2020,57036,MARCETELLI,-,57,RI,RIETI,120,LAZIO,2005-01-01T00:00:00,-,Ordinaria,1,42.21769,13.04406,1
2032,10220,0,Via San Rocco,IMPARATO MARCELLO,07003651002,2025,57050,PETRELLA SALTO,-,57,RI,RIETI,120,LAZIO,2010-01-10T00:00:00,-,Ordinaria,1,42.30895,13.06426,1
2033,10220,0,Via San Rocco,IMPARATO MARCELLO,00982980575,2025,57050,PETRELLA SALTO,-,57,RI,RIETI,120,LAZIO,2008-01-01T00:00:00,30/09/2010,Ordinaria,1,42.30895,13.06426,1
2034,10220,0,Via San Rocco,IMPARATO MARCELLO,-,2025,57050,PETRELLA SALTO,-,57,RI,RIETI,120,LAZIO,2005-01-01T00:00:00,31/12/2007,Ordinaria,1,42.30895,13.06426,1
2035,10221,0,"Via Sabaudia, 38",DEL CIRCEO,02377600594,4017,59025,SAN FELICE CIRCEO,-,59,LT,LATINA,120,LAZIO,2010-01-10T00:00:00,31/03/2015,Ordinaria,1,41.24442,13.08198,1
2036,10221,0,"Via Sabaudia, 38",DEL CIRCEO,02377600594,4017,59025,SAN FELICE CIRCEO,-,59,LT,LATINA,120,LAZIO,2007-01-09T00:00:00,30/09/2010,Ordinaria,1,41.24442,13.08198,1
2037,10221,0,"Viale Tommaso Tittioni, 87/91",DEL CIRCEO,02377600594,4017,59025,SAN FELICE CIRCEO,-,59,LT,LATINA,120,LAZIO,2015-01-04T00:00:00,-,Ordinaria,1,41.24442,13.08198,1
2038,10221,0,"Via Tittoni, 86",BONOMI MARGHERITA,-,4017,59025,SAN FELICE CIRCEO,-,59,LT,LATINA,120,LAZIO,2005-01-01T00:00:00,31/08/2007,Ordinaria,1,41.24442,13.08198,1
2039,10222,0,"Via Monastero, 1",FORTE MARIA PIA,00936010594,4020,59008,FORMIA,MARANOLA DI FORMIA,59,LT,LATINA,120,LAZIO,2005-01-01T00:00:00,-,Ordinaria,1,41.28464,13.62809,1
2040,10223,0,"VIA XXVIII MAGGIO, 2",COMUNALE ROCCAGORGA,00087890598,4010,59021,ROCCAGORGA,-,59,LT,LATINA,120,LAZIO,2005-01-01T00:00:00,30/09/2011,Ordinaria,1,41.52611,13.15554,1
2041,10223,0,"VIA XXVIII MAGGIO, 2",COMUNALE ROCCAGORGA,02611120599,4010,59021,ROCCAGORGA,-,59,LT,LATINA,120,LAZIO,2011-01-10T00:00:00,-,Ordinaria,1,41.52611,13.15554,1
2042,10223,0,"VIA XXVIII MAGGIO, 2",COMUNALE ROCCAGORGA,-,4010,59021,ROCCAGORGA,-,59,LT,LATINA,120,LAZIO,2009-01-03T00:00:00,31/05/2009,Ordinaria,1,41.52611,13.15554,1
2043,10224,0,"Via Consolare, 79",MOLLICONE ROCCO,00037970597,4015,59019,PRIVERNO,-,59,LT,LATINA,120,LAZIO,2005-01-01T00:00:00,31/10/2012,Ordinaria,1,41.47348,13.18121,1
2044,10224,0,"Via Della Stazione, 32",MOLLICONE ROCCO,02039700600,4015,59019,PRIVERNO,-,59,LT,LATINA,120,LAZIO,2012-01-11T00:00:00,-,Ordinaria,1,41.47348,13.18121,1
2045,10225,0,Via Vitruvio,RUOSI MARIA FILOMENA,-,4023,59008,FORMIA,-,59,LT,LATINA,120,LAZIO,2005-01-01T00:00:00,31/08/2010,Ordinaria,1,41.25498,13.60432,1
2046,10225,0,"Via Vitruvio, 86",DELLA VOLPE DR. MANTOVANI MICHELE,02604800595,4023,59008,FORMIA,-,59,LT,LATINA,120,LAZIO,2011-01-09T00:00:00,-,Ordinaria,1,41.25498,13.60432,1
2047,10225,0,Via Vitruvio,RUOSI MARIA FILOMENA,00068440593,4023,59008,FORMIA,-,59,LT,LATINA,120,LAZIO,2010-01-09T00:00:00,31/08/2011,Ordinaria,1,41.25498,13.60432,1
2048,10226,0,-,GAVEGLIA ANTONIO,00122800592,4020,59026,SANTI COSMA E DAMIANO,-,59,LT,LATINA,120,LAZIO,2010-01-09T00:00:00,31/10/2012,Ordinaria,1,41.27993,13.8018,1
2049,10226,0,-,GAVEGLIA ANTONIO,-,4020,59026,SANTI COSMA E DAMIANO,-,59,LT,LATINA,120,LAZIO,2005-01-01T00:00:00,31/08/2010,Ordinaria,1,41.27993,13.8018,1
2050,10226,0,-,SAN LORENZO DI CARANDENTE UMBERTO,02745030599,4020,59026,SANTI COSMA E DAMIANO,San Lorenzo,59,LT,LATINA,120,LAZIO,2012-01-11T00:00:00,-,Ordinaria,1,41.27993,13.8018,1
2051,10227,0,Via Manuzio,FRANCHINI DORIANA,00064040595,4013,59027,SERMONETA,-,59,LT,LATINA,120,LAZIO,2005-01-01T00:00:00,30/09/2012,Ordinaria,1,41.54166,12.96876,1
2052,10227,0,"Via Le Pastine, 15",FRANCHINI DI MONELLI,02677360592,4013,59027,SERMONETA,-,59,LT,LATINA,120,LAZIO,2012-01-10T00:00:00,-,Ordinaria,1,41.54166,12.96876,1
2053,10228,0,"Corso Appio Claudio, 66",GRIECO CARLO,01126580594,4022,59007,FONDI,-,59,LT,LATINA,120,LAZIO,2010-01-10T00:00:00,-,Ordinaria,1,41.35934,13.42612,1
2054,10228,0,"Corso Appio Claudio, 66",GRIECO CARLO,05343300488,4022,59007,FONDI,-,59,LT,LATINA,120,LAZIO,2005-01-01T00:00:00,30/06/2007,Ordinaria,1,41.35934,13.42612,1
2055,10228,0,"Corso Appio Claudio, 66",GRIECO CARLO,-,4022,59007,FONDI,-,59,LT,LATINA,120,LAZIO,2007-01-07T00:00:00,30/09/2010,Ordinaria,1,41.35934,13.42612,1
2056,10229,0,"Corso Vittorio Emanuele III, 64",EREDI PARRAVANO ENZO,02733910596,4016,59024,SABAUDIA,-,59,LT,LATINA,120,LAZIO,2005-01-01T00:00:00,-,Ordinaria,1,41.34345,13.03046,1
2057,10230,0,"Via Buonomo, 24",PECORONE COSMO,00055490593,4024,59009,GAETA,-,59,LT,LATINA,120,LAZIO,2005-01-01T00:00:00,31/03/2013,Ordinaria,1,41.21831,13.56281,1
2058,10230,0,"Corso Cavour, 24",PECORONE COSMO,00055490593,4024,59009,GAETA,-,59,LT,LATINA,120,LAZIO,2013-01-04T00:00:00,-,Ordinaria,1,41.21831,13.56281,1
2059,10231,0,"Lungomare Caboto, 556/568",GUALTIERI SNC DI MARIA TERESA GUALTIERI E C.,02639970595,4024,59009,GAETA,-,59,LT,LATINA,120,LAZIO,2012-01-07T00:00:00,-,Ordinaria,1,41.21831,13.56281,1
2060,10231,0,"Lungo Mare Caboto, 556/568",GUALTIERI VINCENZO,00004010591,4024,59009,GAETA,-,59,LT,LATINA,120,LAZIO,2005-01-01T00:00:00,30/06/2012,Ordinaria,1,41.21831,13.56281,1
2061,10232,0,"Via  Giuseppe di Vittorio, 13",VILLANI DI VILLANI MARCELLO,08929351008,4010,59006,CORI,GIULIANELLO,59,LT,LATINA,120,LAZIO,2013-01-04T00:00:00,30/06/2015,Ordinaria,1,41.64682,12.90576,1
2062,10232,0,"Via A. Grandi, 46",VILLANI DI VILLANI MARCELLO,08929351008,4010,59006,CORI,GIULIANELLO,59,LT,LATINA,120,LAZIO,2010-01-10T00:00:00,31/03/2013,Ordinaria,1,41.64682,12.90576,1
2063,10232,0,"Via A. Grandi, 46",EREDI VILLANI UMBERTO,00006920599,4010,59006,CORI,GIULIANELLO,59,LT,LATINA,120,LAZIO,2005-01-01T00:00:00,30/09/2010,Ordinaria,1,41.64682,12.90576,1
2064,10232,0,"Via  Giuseppe di Vittorio, 13",SAN GIULIANO SNC DEI DR.I MONTECUOLLO,02814620593,4010,59006,CORI,GIULIANELLO,59,LT,LATINA,120,LAZIO,2015-01-07T00:00:00,-,Ordinaria,1,41.64682,12.90576,1
2065,10233,0,"Via Capograssa, 62",D'OTTAVI LILLA,02069480594,4010,59011,LATINA,B.GO SAN MICHELE,59,LT,LATINA,120,LAZIO,2010-01-10T00:00:00,30/09/2012,Ordinaria,1,41.43143,12.97952,1
2066,10233,0,"Via Capograssa, 62",D'OTTAVI LILLA,-,4010,59011,LATINA,B.GO SAN MICHELE,59,LT,LATINA,120,LAZIO,2005-01-01T00:00:00,30/09/2010,Ordinaria,1,41.43143,12.97952,1
2067,10233,0,"Via Capograssa, 62",BORGO S. MICHELE S.A.S. DI CARBONE ANTONIO,02612750592,4010,59011,LATINA,B.GO SAN MICHELE,59,LT,LATINA,120,LAZIO,2012-01-10T00:00:00,-,Ordinaria,1,41.43143,12.97952,1
2068,10234,0,"Piazza IV Ottobre, 7",PERSICHINI DI PERSICHINI MARIA TERESA E CLAUDIA SNC,00017780511,4017,59025,SAN FELICE CIRCEO,B.GO MONETENERO,59,LT,LATINA,120,LAZIO,2005-01-01T00:00:00,31/08/2010,Ordinaria,1,41.2535,13.08567,1
2069,10234,0,"Piazza IV Ottobre, 7",PERSICHINI DI PERSICHINI MARIA TERESA E CLAUDIA SNC,01640670590,4017,59025,SAN FELICE CIRCEO,B.GO MONETENERO,59,LT,LATINA,120,LAZIO,2010-01-09T00:00:00,-,Ordinaria,1,41.2535,13.08567,1
2070,10235,0,"Corso Della Repubblica, 158",SAN ROCCO PARISELLA FILIPPO,02169090590,4012,59005,CISTERNA DI LATINA,-,59,LT,LATINA,120,LAZIO,2005-01-01T00:00:00,-,Ordinaria,1,41.59886,12.82043,1
2071,10236,0,"Via Pr. di Piemonte, 6",FORTE ANTONIETTA,00122010598,4026,59014,MINTURNO,-,59,LT,LATINA,120,LAZIO,2005-01-01T00:00:00,30/04/2011,Ordinaria,1,41.26574,13.74436,1
2072,10236,0,"Via per Castelforte, 110",SPAZIANI TESTA SNC,02589300595,4026,59014,MINTURNO,-,59,LT,LATINA,120,LAZIO,2011-01-05T00:00:00,-,Ordinaria,1,41.26574,13.74436,1
2073,10237,0,"Via don Giovanni Minzoni, 106",NOBILI FERNANDO,-,4010,59006,CORI,-,59,LT,LATINA,120,LAZIO,2005-01-01T00:00:00,30/09/2010,Ordinaria,1,41.64682,12.90576,1
2074,10237,0,"Via don Giovanni Minzoni, 106",NOBILI FERNANDO,00101100592,4010,59006,CORI,-,59,LT,LATINA,120,LAZIO,2010-01-10T00:00:00,-,Ordinaria,1,41.64682,12.90576,1
2075,10238,0,"Piazza Incoronazione, 21",CENTRALE,02330560596,4020,59010,ITRI,-,59,LT,LATINA,120,LAZIO,2010-01-09T00:00:00,-,Ordinaria,1,41.30471,13.52762,1
2076,10238,0,"Piazza Incoronazione, 21",CENTRALE,-,4020,59010,ITRI,-,59,LT,LATINA,120,LAZIO,2005-01-01T00:00:00,31/08/2010,Ordinaria,1,41.30471,13.52762,1
2077,10239,0,Via C. Battisti,ZARDO GIOVANNI,02450340597,4010,59032,TERRACINA,B.GO HERMADA,59,LT,LATINA,120,LAZIO,2009-01-05T00:00:00,31/03/2013,Ordinaria,1,41.31583,13.19094,1
2078,10239,0,Via C. Battisti,ZARDO GIOVANNI,00065300592,4010,59032,TERRACINA,B.GO HERMADA,59,LT,LATINA,120,LAZIO,2005-01-01T00:00:00,30/04/2009,Ordinaria,1,41.31583,13.19094,1
2079,10239,0,Via C. Battisti,ZARDO DI MARIA CRISTINA ZARDO & C. SNC,02450340597,4019,59032,TERRACINA,-,59,LT,LATINA,120,LAZIO,2013-01-04T00:00:00,-,Ordinaria,1,41.31583,13.19094,1
2080,10240,0,Largo Vittorio Emanuele,CATALDI TASSONI BRUNO,00089130595,4018,59028,SEZZE,-,59,LT,LATINA,120,LAZIO,2005-01-01T00:00:00,31/03/2013,Ordinaria,1,41.4895,13.0569,1
2081,10240,0,"Via Guglielmo Marconi, 26",SAN CARLO DR. ROSATO GIOVANNI CARLO & C. SAS,02745680591,4018,59028,SEZZE,-,59,LT,LATINA,120,LAZIO,2013-01-04T00:00:00,-,Ordinaria,1,41.4895,13.0569,1
2082,10241,0,"Via Pontinia, 10/12",INTERDONATO FRANCESCA,00102850591,4100,59011,LATINA,-,59,LT,LATINA,120,LAZIO,2005-01-01T00:00:00,-,Ordinaria,1,41.45404,12.90732,1
2083,10242,0,"Corso Giacomo Matteotti, 42",MUSILLI CORRADO,-,4100,59011,LATINA,-,59,LT,LATINA,120,LAZIO,2005-01-01T00:00:00,31/08/2010,Ordinaria,1,41.46941,12.90529,1
2084,10242,0,"Corso Giacomo Matteotti, 44",S. MARIA,02532090590,4100,59011,LATINA,-,59,LT,LATINA,120,LAZIO,2015-01-03T00:00:00,-,Ordinaria,1,41.46941,12.90529,1
2085,10242,0,"Corso Giacomo Matteotti, 42",S. MARIA,02414030599,4100,59011,LATINA,-,59,LT,LATINA,120,LAZIO,2010-01-09T00:00:00,28/02/2015,Ordinaria,1,41.46941,12.90529,1
2086,10243,0,"Viale Europa, 135",TROVINI ANGELA,02145180598,4019,59032,TERRACINA,-,59,LT,LATINA,120,LAZIO,2005-01-01T00:00:00,-,Ordinaria,1,41.28615,13.22189,1
2087,10244,0,"Viale Marconi, 27",MARCONI SNC DI SASSI EVELINA E DEL PRETE LAURA,02746230594,4100,59011,LATINA,-,59,LT,LATINA,120,LAZIO,2005-01-01T00:00:00,-,Ordinaria,1,41.46226,12.90801,1
2088,10245,0,Via Appia,COMUNALE FORMIA,02045910607,4023,59008,FORMIA,-,59,LT,LATINA,120,LAZIO,2005-01-01T00:00:00,-,Ordinaria,1,41.25928,13.55976,1
2089,10246,0,"Via Trieste, 15/17",FARMACIA SANT'ANNA Dr.ssa Piediferro,02293940595,4014,59017,PONTINIA,BORGO PASUBIO,59,LT,LATINA,120,LAZIO,2008-01-07T00:00:00,-,Ordinaria,1,41.40264,13.11198,1
2090,10246,0,"Via Trieste, 51/53",FARMACIA SANT'ANNA Dr.ssa Piediferro,00158310599,4014,59017,PONTINIA,BORGO PASUBIO,59,LT,LATINA,120,LAZIO,2005-01-01T00:00:00,30/06/2008,Ordinaria,1,41.40264,13.11198,1
2091,10247,0,"Via Sterpara, 71",GIAMMARCO DORA,-,4010,59011,LATINA,B.GO MONTELLO,59,LT,LATINA,120,LAZIO,2005-01-01T00:00:00,30/09/2009,Ordinaria,1,41.46635,12.87783,1
2092,10247,0,"Via Minturnae, 76",GIAMMARCO DORA,02175450598,4010,59011,LATINA,B.GO MONTELLO,59,LT,LATINA,120,LAZIO,2013-01-04T00:00:00,-,Ordinaria,1,41.46635,12.87783,1
2093,10247,0,"Via Sterpara, 71",GIAMMARCO DORA,02175450598,4010,59011,LATINA,B.GO MONTELLO,59,LT,LATINA,120,LAZIO,2009-01-10T00:00:00,31/03/2013,Ordinaria,1,41.46635,12.87783,1
2094,10248,0,"Via dell`Agora, 30",AGORA' DEL DR. SALVAGNI SCIPIONE SNC,02140810595,4100,59011,LATINA,-,59,LT,LATINA,120,LAZIO,2008-01-01T00:00:00,-,Ordinaria,1,41.45387,12.90089,1
2095,10248,0,"Via dell`Agora, 30",AGORA' DEL DR. SALVAGNI SCIPIONE SNC,-,4100,59011,LATINA,-,59,LT,LATINA,120,LAZIO,2005-01-01T00:00:00,31/12/2007,Ordinaria,1,41.45387,12.90089,1
2096,10249,0,"Via Romagnoli, 34/36/38",CALABRESI ANNALISA,02764320590,4100,59011,LATINA,-,59,LT,LATINA,120,LAZIO,2005-01-01T00:00:00,-,Ordinaria,1,41.46635,12.87783,1
2097,10250,0,"Via Milano, 2",MORBELLA CARBONE,00905840591,4100,59011,LATINA,-,59,LT,LATINA,120,LAZIO,2005-01-01T00:00:00,-,Ordinaria,1,41.49324,12.80077,1
2098,10251,0,Piazza 25 Aprile,CRACOLICI ANGELA,00092190594,4010,59002,BASSIANO,-,59,LT,LATINA,120,LAZIO,2005-01-01T00:00:00,31/03/2013,Ordinaria,1,41.55221,13.02696,1
2099,10251,0,"Piazza 25 Luglio, 97",CRACOLICI ANGELA,00092190594,4010,59002,BASSIANO,-,59,LT,LATINA,120,LAZIO,2013-01-04T00:00:00,-,Ordinaria,1,41.55221,13.02696,1
2100,10252,0,"Via Degli Aranci, 15",NENCINI PIETRO,02160640591,4011,59001,APRILIA,-,59,LT,LATINA,120,LAZIO,2005-01-01T00:00:00,-,Ordinaria,1,41.59256,12.6483,1
2101,10253,0,Piazza Cavalieri di Vittorio Veneto,GIOVINAZZI SANDRO,00261130595,4019,59032,TERRACINA,-,59,LT,LATINA,120,LAZIO,2005-01-01T00:00:00,-,Ordinaria,1,41.31583,13.19094,1
2102,10254,0,"Via Della Stazione, 150",PROVANTINI MARCO,02542060591,4013,59011,LATINA,LATINA SCALO,59,LT,LATINA,120,LAZIO,2011-01-03T00:00:00,-,Ordinaria,1,41.52317,12.94127,1
2103,10254,0,"Via Della Stazione, 215",PROVANTINI MARCELLO,00270390594,4013,59011,LATINA,LATINA SCALO,59,LT,LATINA,120,LAZIO,2005-01-01T00:00:00,28/02/2011,Ordinaria,1,41.52317,12.94127,1
2104,10255,0,Via San Carlo,LUPPINO VINCENZO,00268940590,4018,59028,SEZZE,-,59,LT,LATINA,120,LAZIO,2005-01-01T00:00:00,28/02/2015,Ordinaria,1,41.4895,13.0569,1
2105,10255,0,"Via San Carlo, 89/91",LUPPINO MARIO LUCIO,00268940590,4018,59028,SEZZE,-,59,LT,LATINA,120,LAZIO,2015-01-03T00:00:00,-,Ordinaria,1,41.4895,13.0569,1
2106,10256,0,"Piazza Carlo Pisacane, 9",EREDI EMILIANO MAZZELLA SDF,02614530596,4027,59018,PONZA,-,59,LT,LATINA,120,LAZIO,2011-01-09T00:00:00,31/03/2013,Ordinaria,1,40.91857,12.95941,1
2107,10256,0,"Piazza Carlo Pisacane, 9",MAZZELLA ANTONELLA,02614530596,4027,59018,PONZA,-,59,LT,LATINA,120,LAZIO,2013-01-04T00:00:00,-,Ordinaria,1,40.91857,12.95941,1
2108,10256,0,Piazza Carlo Pisacane,MAZZELLA EMILIANO,00276360591,4027,59018,PONZA,-,59,LT,LATINA,120,LAZIO,2005-01-01T00:00:00,31/08/2011,Ordinaria,1,40.91857,12.95941,1
2109,10257,0,"Via XXIV Maggio, 14/16",FIORE GINO,-,4022,59007,FONDI,-,59,LT,LATINA,120,LAZIO,2007-01-07T00:00:00,31/08/2010,Ordinaria,1,41.3559,13.43019,1
2110,10257,0,"Via XXIV Maggio, 14/16",FIORE GINO,05343300488,4022,59007,FONDI,-,59,LT,LATINA,120,LAZIO,2005-01-01T00:00:00,30/06/2007,Ordinaria,1,41.3559,13.43019,1
2111,10257,0,"Via XXIV Maggio, 14/16",FIORE GINO,00313940595,4022,59007,FONDI,-,59,LT,LATINA,120,LAZIO,2010-01-09T00:00:00,-,Ordinaria,1,41.3559,13.43019,1
2112,10258,0,"Largo B. Buozzi, 12",SANTA RITA DI ANGELO DR. SCERPA,02452190594,4018,59028,SEZZE,-,59,LT,LATINA,120,LAZIO,2005-01-01T00:00:00,-,Ordinaria,1,41.4895,13.0569,1
2113,10259,0,"Piazza Giovanni XXIII, 11",DEL POPOLO DI DI VITO TATIANA SAS,02652220597,4015,59019,PRIVERNO,-,59,LT,LATINA,120,LAZIO,2013-01-04T00:00:00,-,Ordinaria,1,41.47167,13.18189,1
2114,10259,0,"Piazza Giovanni XXIII, 11",DEL POPOLO SAS,02652220597,4015,59019,PRIVERNO,-,59,LT,LATINA,120,LAZIO,2012-01-10T00:00:00,31/03/2013,Ordinaria,1,41.47167,13.18189,1
2115,10259,0,"Piazza V. Emanuele, 11",GRENGA ANGELO,02187270596,4015,59019,PRIVERNO,-,59,LT,LATINA,120,LAZIO,2010-01-09T00:00:00,30/09/2012,Ordinaria,1,41.47167,13.18189,1
2116,10259,0,"Piazza V. Emanuele, 11",GRENGA ANGELO,-,4015,59019,PRIVERNO,-,59,LT,LATINA,120,LAZIO,2005-01-01T00:00:00,31/08/2010,Ordinaria,1,41.47167,13.18189,1
2117,10260,0,"Via Giovanni XXIII, 33",SAVO FIORELLA,-,4011,59001,APRILIA,-,59,LT,LATINA,120,LAZIO,2005-01-01T00:00:00,31/12/2007,Ordinaria,1,41.5942,12.64858,1
2118,10260,0,"Via Giovanni XXIII, 33",SAVO FIORELLA,02177870595,4011,59001,APRILIA,-,59,LT,LATINA,120,LAZIO,2008-01-01T00:00:00,-,Ordinaria,1,41.5942,12.64858,1
2119,10261,0,"Via Ponchiello, 40/44",NAPOLITANO CINZIA,02536760594,4011,59001,APRILIA,-,59,LT,LATINA,120,LAZIO,2010-01-06T00:00:00,-,Ordinaria,1,41.59132,12.6596,1
2120,10261,0,"Via Leonardo Da Vinci, 50",NAPOLITANO BERNARDO,00569170590,4011,59001,APRILIA,-,59,LT,LATINA,120,LAZIO,2005-01-01T00:00:00,31/05/2010,Ordinaria,1,41.59132,12.6596,1
2121,10262,0,Via Latina 38,GALENO - DOTT. PARISELLA ETTORE - DOTT. SERONE CLAUDIO,-,4012,59005,CISTERNA DI LATINA,Cerciabella,59,LT,LATINA,120,LAZIO,2005-01-01T00:00:00,30/09/2007,Ordinaria,1,41.57339,12.8375,1
2122,10262,0,"Via Latina, 38",GALENO - DOTT. PARISELLA ETTORE - DOTT. SERONE CLAUDIO,02172430593,4012,59005,CISTERNA DI LATINA,Cerciabella,59,LT,LATINA,120,LAZIO,2007-01-10T00:00:00,-,Ordinaria,1,41.57339,12.8375,1
2123,10263,0,"Corso Vittorio Emanuele, 1",DI PASQUALE IGNAZIO,00563380591,4017,59025,SAN FELICE CIRCEO,-,59,LT,LATINA,120,LAZIO,2005-01-01T00:00:00,-,Ordinaria,1,41.2535,13.08567,1
2124,10264,0,"Via Dante, 48",TAGLIAMONTE ORTENSIA,00906390596,4027,59018,PONZA,-,59,LT,LATINA,120,LAZIO,2010-01-10T00:00:00,28/02/2011,Ordinaria,1,40.89956,12.96028,1
2125,10264,0,"Via Dante, 48/49",ORTENSIA EREDI DR.SSA TAGLIAMONTE ORTENSIA,02586900595,4027,59018,PONZA,-,59,LT,LATINA,120,LAZIO,2011-01-03T00:00:00,31/03/2013,Ordinaria,1,40.89956,12.96028,1
2126,10264,0,"Via Dante, 48",TAGLIAMONTE ORTENSIA,-,4027,59018,PONZA,-,59,LT,LATINA,120,LAZIO,2009-01-03T00:00:00,31/05/2009,Ordinaria,1,40.89956,12.96028,1
2127,10264,0,"Via Dante, 48",TAGLIAMONTE ORTENSIA,00906390586,4027,59018,PONZA,-,59,LT,LATINA,120,LAZIO,2005-01-01T00:00:00,30/09/2010,Ordinaria,1,40.89956,12.96028,1
2128,10264,0,"Via Dante, 48/49",ORTENSIA SAS DELLA DR.SSA CORA RISPOLI & C.,02586900595,4027,59018,PONZA,-,59,LT,LATINA,120,LAZIO,2013-01-04T00:00:00,-,Ordinaria,1,40.89956,12.96028,1
2129,10265,0,"Corso Della Repubblica, 210",SAN MARCO DELLA DOTT.SSA ANNALISA CORSI E C. SAS,02745510590,4100,59011,LATINA,-,59,LT,LATINA,120,LAZIO,2005-01-01T00:00:00,-,Ordinaria,1,41.52714,13.15575,1
2130,10266,0,Piazza Municipio,ROSATO ANNA,00971660592,4020,59003,CAMPODIMELE,-,59,LT,LATINA,120,LAZIO,2005-01-01T00:00:00,-,Ordinaria,1,41.38972,13.53031,1
2131,10267,0,"Via Alighieri, 3/7",COTRONEO MARIO,00984040592,4010,59013,MAENZA,-,59,LT,LATINA,120,LAZIO,2005-01-01T00:00:00,31/03/2013,Ordinaria,1,41.54286,13.1829,1
2132,10267,0,"Piazza S. Reparata, 3",COTRONEO MARIO,00984040592,4010,59013,MAENZA,-,59,LT,LATINA,120,LAZIO,2013-01-04T00:00:00,-,Ordinaria,1,41.54286,13.1829,1
2133,10268,0,Via Corana,BELLOTTI LUCIA,00982040594,4012,59005,CISTERNA DI LATINA,DOGANELLA DI NINFA,59,LT,LATINA,120,LAZIO,2010-01-09T00:00:00,-,Ordinaria,1,41.59196,12.92009,1
2134,10268,0,Via Corana,BELLOTTI LUCIA,-,4012,59005,CISTERNA DI LATINA,DOGANELLA DI NINFA,59,LT,LATINA,120,LAZIO,2005-01-01T00:00:00,31/08/2010,Ordinaria,1,41.59196,12.92009,1
2135,10269,0,"Via Migliara 54, 1",BORSO' FRANCO,00993470590,4010,59024,SABAUDIA,B.GO VODIGE,59,LT,LATINA,120,LAZIO,2005-01-01T00:00:00,31/03/2013,Ordinaria,1,41.31075,13.06729,1
2136,10269,0,"Via dei bonificatori, 10",BORSO' FRANCO,00993470590,4010,59024,SABAUDIA,B.GO VODIGE,59,LT,LATINA,120,LAZIO,2013-01-04T00:00:00,-,Ordinaria,1,41.31075,13.06729,1
2137,10270,0,"Viale Statuto, 3",TRAVAGLIATI GIANCARLO,01048130593,4100,59011,LATINA,-,59,LT,LATINA,120,LAZIO,2005-01-01T00:00:00,-,Ordinaria,1,41.46635,12.87783,1
2138,10271,0,"Via Provinciale, 60",PARISELLA GIULIANO,00704760594,4020,59015,MONTE SAN BIAGIO,-,59,LT,LATINA,120,LAZIO,2005-01-01T00:00:00,31/03/2013,Ordinaria,1,41.36607,13.31663,1
2139,10271,0,"Viale Europa,60",PARISELLA GIULIANO,00704760594,4020,59015,MONTE SAN BIAGIO,-,59,LT,LATINA,120,LAZIO,2013-01-04T00:00:00,-,Ordinaria,1,41.36607,13.31663,1
2140,10272,0,"Corso della Repubblica, 83",RICCI LORETTA,00232080598,4012,59005,CISTERNA DI LATINA,-,59,LT,LATINA,120,LAZIO,2005-01-01T00:00:00,-,Ordinaria,1,41.59886,12.82043,1
2141,10273,0,"Via Valle, 24",REALE ANNALISA,01194240592,4029,59030,SPERLONGA,-,59,LT,LATINA,120,LAZIO,2005-01-01T00:00:00,-,Ordinaria,1,41.26015,13.43217,1
2142,10274,0,Via Don L. Sturzo,FELICI FERMO,-,4100,59011,LATINA,-,59,LT,LATINA,120,LAZIO,2005-01-01T00:00:00,31/12/2007,Ordinaria,1,41.46635,12.87783,1
2143,10274,0,Via Don L. Sturzo,FELICI FERMO,01231500594,4100,59011,LATINA,-,59,LT,LATINA,120,LAZIO,2008-01-01T00:00:00,-,Ordinaria,1,41.46635,12.87783,1
2144,10275,0,"Passeggiata San Giovanni, 55",BARATTOLO ANNA BEATRICE,01250920590,4010,59016,NORMA,-,59,LT,LATINA,120,LAZIO,2008-01-01T00:00:00,-,Ordinaria,1,41.60164,12.98008,1
2145,10275,0,"Passeggiata San Giovanni, 55",BARATTOLO ANNA BEATRICE,-,4010,59016,NORMA,-,59,LT,LATINA,120,LAZIO,2005-01-01T00:00:00,31/12/2007,Ordinaria,1,41.60164,12.98008,1
2146,10276,0,"Via S. Antonio, 8",IACOZZA ANTONIO,01124740596,4020,59007,FONDI,SALTO DI FONDI,59,LT,LATINA,120,LAZIO,2005-01-01T00:00:00,31/03/2013,Ordinaria,1,41.33617,13.4094,1
2147,10276,0,"Via Covino, 151",IACOZZA ANTONIO,01124740596,4020,59007,FONDI,SALTO DI FONDI,59,LT,LATINA,120,LAZIO,2013-01-04T00:00:00,-,Ordinaria,1,41.33617,13.4094,1
2148,10277,0,"Via Cavour, 33",CENTRALE,01086560594,4014,59017,PONTINIA,-,59,LT,LATINA,120,LAZIO,2013-01-04T00:00:00,-,Ordinaria,1,41.40877,13.04792,1
2149,10277,0,"Via Cavour, 33",CALOGERO RAFFAELE,-,4014,59017,PONTINIA,-,59,LT,LATINA,120,LAZIO,2005-01-01T00:00:00,31/08/2010,Ordinaria,1,41.40877,13.04792,1
2150,10277,0,"Via Cavour, 33",CALOGERO RAFFAELE,01086560594,4014,59017,PONTINIA,-,59,LT,LATINA,120,LAZIO,2010-01-09T00:00:00,31/03/2013,Ordinaria,1,41.40877,13.04792,1
2151,10278,0,"Piazza Umberto I, 12",GIORGI FLORA,00720110592,4010,59020,PROSSEDI,-,59,LT,LATINA,120,LAZIO,2005-01-01T00:00:00,-,Ordinaria,1,41.49738,13.25799,1
2152,10279,0,"Via Giacomo Leopardi, 1",DE GREGORIO CHIARA,01290530599,4010,59006,CORI,-,59,LT,LATINA,120,LAZIO,2005-01-01T00:00:00,-,Ordinaria,1,41.64682,12.90576,1
2153,10280,0,"Viale Guglielmo Marconi, 12",DE LONGIS ROSSELLA,01596050607,4025,59012,LENOLA,-,59,LT,LATINA,120,LAZIO,2005-01-01T00:00:00,-,Ordinaria,1,41.40611,13.45941,1
2154,10281,0,"Piazza Giacomo Matteotti, 3",TERENZIO DANIELE,01301560593,4022,59007,FONDI,-,59,LT,LATINA,120,LAZIO,2010-01-09T00:00:00,-,Ordinaria,1,41.35799,13.42867,1
2155,10281,0,"Piazza Giacomo Matteotti, 3",TERENZIO DANIELE,01452030503,4022,59007,FONDI,-,59,LT,LATINA,120,LAZIO,2005-01-01T00:00:00,31/08/2010,Ordinaria,1,41.35799,13.42867,1
2156,10282,0,"Via Duca del Mare, 52",VIRGOLINO ANTONIO,00196140594,4100,59011,LATINA,-,59,LT,LATINA,120,LAZIO,2005-01-01T00:00:00,-,Ordinaria,1,41.46579,12.90133,1
2157,10283,0,"Via Consolare, 5",COLETTA ELENA GRAZIA,01398500593,4010,59029,SONNINO,SONNINO SCALO,59,LT,LATINA,120,LAZIO,2005-01-01T00:00:00,-,Ordinaria,1,41.47443,13.17893,1
2158,10284,0,"Via Appia, Km. 144",SCIARRA RITA MARIA,01400750590,4023,59008,FORMIA,-,59,LT,LATINA,120,LAZIO,2005-01-01T00:00:00,30/09/2011,Ordinaria,1,41.28464,13.62809,1
2159,10284,0,"Via Appia, Km. 144",SAN PIETRO DI GIULIANA AZZUOLI S.A.S.,02579090594,4023,59008,FORMIA,-,59,LT,LATINA,120,LAZIO,2011-01-10T00:00:00,-,Ordinaria,1,41.28464,13.62809,1
2160,10285,0,Via La Nece snc-Condominio De Felice 2,ZIZZI GIANCARLO,-,4019,59032,TERRACINA,-,59,LT,LATINA,120,LAZIO,2005-01-01T00:00:00,31/08/2010,Ordinaria,1,41.31583,13.19094,1
2161,10285,0,"Via Madonna della Neve SNC Condominio de Felice, 2",REBORA ZIZZI GIANCARLO,01422590594,4019,59032,TERRACINA,-,59,LT,LATINA,120,LAZIO,2014-01-11T00:00:00,-,Ordinaria,1,41.31583,13.19094,1
2162,10285,0,"Via La Nece snc-Condominio De Felice, 2",ZIZZI GIANCARLO,01422590594,4019,59032,TERRACINA,-,59,LT,LATINA,120,LAZIO,2010-01-09T00:00:00,31/10/2014,Ordinaria,1,41.31583,13.19094,1
2163,10286,0,"Via Roma, 40/42",TERENZIO PATRIZIA,-,4022,59007,FONDI,-,59,LT,LATINA,120,LAZIO,2005-01-01T00:00:00,31/12/2007,Ordinaria,1,41.35881,13.41763,1
2164,10286,0,"Via Roma, 40/42",TERENZIO PATRIZIA,01421910595,4022,59007,FONDI,-,59,LT,LATINA,120,LAZIO,2008-01-01T00:00:00,-,Ordinaria,1,41.35881,13.41763,1
2165,10287,0,"Via Dei Lauri, 110",PALMIERI DSSA PIACENTE CHIARA,01475730592,4011,59001,APRILIA,-,59,LT,LATINA,120,LAZIO,2013-01-04T00:00:00,-,Ordinaria,1,41.59685,12.65048,1
2166,10287,0,"Via Dei Lauri, 73",PIACENTE CHIARA,01475730592,4011,59001,APRILIA,-,59,LT,LATINA,120,LAZIO,2005-01-01T00:00:00,31/03/2013,Ordinaria,1,41.59685,12.65048,1
2167,10288,0,Via P. L. Nervi,MULA' RICCARDO MARIA,00557350592,4100,59011,LATINA,-,59,LT,LATINA,120,LAZIO,2005-01-01T00:00:00,-,Ordinaria,1,41.46635,12.87783,1
2168,10289,0,"Via Nettunense, 44",FIORILLO GENNARO,01502850595,4010,59001,APRILIA,CAMPOLEONE,59,LT,LATINA,120,LAZIO,2005-01-01T00:00:00,-,Ordinaria,1,41.5942,12.64858,1
2169,10290,0,Via Genio Civile,BORGIA LINA,01503510594,4011,59001,APRILIA,CAMPO DI CARNE,59,LT,LATINA,120,LAZIO,2005-01-01T00:00:00,31/10/2011,Ordinaria,1,41.55127,12.63547,1
2170,10290,0,"Via Genio Civile, 473",ARPAIA ALESSANDRA,02602000594,4011,59001,APRILIA,CAMPO DI CARNE,59,LT,LATINA,120,LAZIO,2011-01-11T00:00:00,-,Ordinaria,1,41.55127,12.63547,1
2171,10291,0,"Via Appia, 1681",FRANCO MARCELLA,01511160598,4026,59014,MINTURNO,MARINA DI MINTURNO,59,LT,LATINA,120,LAZIO,2005-01-01T00:00:00,31/03/2013,Ordinaria,1,41.24859,13.74172,1
2172,10291,0,"Via Appia, 1092",DURANTE,01511160598,4026,59014,MINTURNO,MARINA DI MINTURNO,59,LT,LATINA,120,LAZIO,2013-01-04T00:00:00,-,Ordinaria,1,41.24859,13.74172,1
2173,10292,0,"Via Don Torello, 13",PENNACCHIO ROBERTO,01557440599,4100,59011,LATINA,-,59,LT,LATINA,120,LAZIO,2005-01-01T00:00:00,-,Ordinaria,1,41.46635,12.87783,1
2174,10293,0,"Via Roma, 105",SANT'ELENA SAS  DEL DR. CIPOLLA GIUSEPPE & C.,02613200597,4019,59032,TERRACINA,-,59,LT,LATINA,120,LAZIO,2013-01-04T00:00:00,-,Ordinaria,1,41.31583,13.19094,1
2175,10293,0,"Via Roma, 105",PELLEGRINI ALESSANDRO,01558530596,4019,59032,TERRACINA,-,59,LT,LATINA,120,LAZIO,2010-01-10T00:00:00,29/02/2012,Ordinaria,1,41.31583,13.19094,1
2176,10293,0,"Via Roma, 105",SANT'ELENA SAS  DEL DR.  ALESSANDRO PELLEGRINI & C.,02613200597,4019,59032,TERRACINA,-,59,LT,LATINA,120,LAZIO,2012-01-03T00:00:00,31/03/2013,Ordinaria,1,41.31583,13.19094,1
2177,10293,0,"Via Roma, 105",PELLEGRINI ALESSANDRO,-,4019,59032,TERRACINA,-,59,LT,LATINA,120,LAZIO,2005-01-01T00:00:00,30/09/2010,Ordinaria,1,41.31583,13.19094,1
2178,10294,0,"Corso della Repubblica, 8",CATALDI TASSONI LIDIA,-,4010,59028,SEZZE,SEZZE SCALO,59,LT,LATINA,120,LAZIO,2005-01-01T00:00:00,30/09/2010,Ordinaria,1,41.49738,13.04352,1
2179,10294,0,"Corso della Repubblica, 8",DELLA STAZIONE  DR.SSA LIDIA CATALDI TASSONI,01558440598,4010,59028,SEZZE,SEZZE SCALO,59,LT,LATINA,120,LAZIO,2010-01-10T00:00:00,-,Ordinaria,1,41.49738,13.04352,1
2180,10295,0,"Via Aldo Moro, 27",COMUNALE CISTERNA DI LATINA,00700200595,4012,59005,CISTERNA DI LATINA,-,59,LT,LATINA,120,LAZIO,2005-01-01T00:00:00,31/03/2013,Ordinaria,1,41.60064,12.84504,1
2181,10295,0,"Via Aldo Moro, 25",COMUNALE CISTERNA DI LATINA,00700200595,4012,59005,CISTERNA DI LATINA,-,59,LT,LATINA,120,LAZIO,2013-01-04T00:00:00,-,Ordinaria,1,41.60064,12.84504,1
2182,10296,0,"Corso Italia, 87",CENICCOLA JOHN,-,4022,59007,FONDI,-,59,LT,LATINA,120,LAZIO,2007-01-07T00:00:00,31/08/2010,Ordinaria,1,41.35597,13.42927,1
2183,10296,0,"Corso Italia, 87",CENICCOLA JOHN,01589520590,4022,59007,FONDI,-,59,LT,LATINA,120,LAZIO,2010-01-09T00:00:00,-,Ordinaria,1,41.35597,13.42927,1
2184,10296,0,"Corso Italia, 87",CENICCOLA JOHN,05343300488,4022,59007,FONDI,-,59,LT,LATINA,120,LAZIO,2005-01-01T00:00:00,30/06/2007,Ordinaria,1,41.35597,13.42927,1
2185,10297,0,"Via Appia, 406/408","TIAR SAS DIIMMACOLATA, ALBA, RAFFAELLA TARANTINO",02258980594,4026,59014,MINTURNO,-,59,LT,LATINA,120,LAZIO,2013-01-04T00:00:00,-,Ordinaria,1,41.24859,13.74172,1
2186,10297,0,"Via Appia, 406",TARANTINO IMMACOLATA,02258980594,4026,59014,MINTURNO,SCAURI,59,LT,LATINA,120,LAZIO,2005-01-01T00:00:00,31/03/2013,Ordinaria,1,41.24859,13.74172,1
2187,10298,0,"Via Don Torello, 97",GIANNANTONIO GIANCARLO,01649930599,4100,59011,LATINA,-,59,LT,LATINA,120,LAZIO,2005-01-01T00:00:00,-,Ordinaria,1,41.46635,12.87783,1
2188,10299,0,"Via Crocefisso, SNC",GIANNANTONIO MARIA GIOVANNA,01649940598,4100,59011,LATINA,B.GO SANTA MARIA,59,LT,LATINA,120,LAZIO,2013-01-04T00:00:00,-,Ordinaria,1,41.47281,13.18554,1
2189,10299,0,"Via Crocefisso, 125",GIANNANTONIO MARIA GIOVANNA,01649940598,4100,59011,LATINA,B.GO SANTA MARIA,59,LT,LATINA,120,LAZIO,2005-01-01T00:00:00,31/03/2013,Ordinaria,1,41.47281,13.18554,1
2190,10300,0,"Via Francesco Baracca, 571",CIUFO SNC DELLE DR.SSE ROSALBA  PIETROLUNGO E VIRIGNIA CIUFO,01648790598,4020,59026,SANTI COSMA E DAMIANO,-,59,LT,LATINA,120,LAZIO,2013-01-03T00:00:00,-,Ordinaria,1,41.27993,13.8018,1
2191,10300,0,"Via Vittorio Veneto, 7",PIETROLUONGO R. E SPAZIANI T.,01648790598,4020,59026,SANTI COSMA E DAMIANO,-,59,LT,LATINA,120,LAZIO,2005-01-01T00:00:00,28/02/2013,Ordinaria,1,41.27993,13.8018,1
2192,10301,0,"Via Romagnoli, 9/11",FIACCO MARIA ROSARIA,-,4100,59011,LATINA,-,59,LT,LATINA,120,LAZIO,2005-01-01T00:00:00,31/08/2010,Ordinaria,1,41.46635,12.87783,1
2193,10301,0,"Via Romagnoli, 9/11",FIACCO MARIA ROSARIA,01651360594,4100,59011,LATINA,-,59,LT,LATINA,120,LAZIO,2010-01-09T00:00:00,-,Ordinaria,1,41.46635,12.87783,1
2194,10302,0,"Via delle Arene, 258",GUBBINI EZIO,-,4019,59032,TERRACINA,-,59,LT,LATINA,120,LAZIO,2005-01-01T00:00:00,31/12/2007,Ordinaria,1,41.31583,13.19094,1
2195,10302,0,"Via delle Arene, 258",CELIO DI GUBBINI EZIO,02465880595,4019,59032,TERRACINA,-,59,LT,LATINA,120,LAZIO,2010-01-09T00:00:00,30/09/2010,Ordinaria,1,41.31583,13.19094,1
2196,10302,0,"Via delle Arene, 258",GUBBINI EZIO,01319350599,4019,59032,TERRACINA,-,59,LT,LATINA,120,LAZIO,2008-01-01T00:00:00,31/08/2010,Ordinaria,1,41.31583,13.19094,1
2197,10302,0,"Via delle Arene, 258",CELIO DI GUBBINI EZIO,01319350599,4019,59032,TERRACINA,-,59,LT,LATINA,120,LAZIO,2010-01-10T00:00:00,-,Ordinaria,1,41.31583,13.19094,1
2198,10303,0,"Strada Litoranea, 316",LA ROSA MILENA,01671820593,4100,59011,LATINA,B.GO GRAPPA,59,LT,LATINA,120,LAZIO,2005-01-01T00:00:00,-,Ordinaria,1,41.4203,12.87756,1
2199,10304,0,"Via Andrea Doria, 11",FARINA DEL DOTT. FARINA SALVATORE & C. SNC,02747600597,4100,59011,LATINA,-,59,LT,LATINA,120,LAZIO,2005-01-01T00:00:00,-,Ordinaria,1,41.26006,13.42932,1
2200,10305,0,"Piazza Benedetto Croce, 29/30",LUCIDI CARLA,01702840594,4011,59001,APRILIA,-,59,LT,LATINA,120,LAZIO,2010-01-09T00:00:00,-,Ordinaria,1,41.59316,12.65326,1
2201,10305,0,"Piazza Benedetto Croce, 29/30",LUCIDI CARLA,-,4011,59001,APRILIA,-,59,LT,LATINA,120,LAZIO,2005-01-01T00:00:00,31/08/2010,Ordinaria,1,41.59316,12.65326,1
2202,10306,0,"Via Emanuele Filiberto, 63",FONTANA AMELIA,02181360591,4100,59011,LATINA,-,59,LT,LATINA,120,LAZIO,2010-01-10T00:00:00,-,Ordinaria,1,41.46967,12.89691,1
2203,10306,0,"Via Emanuele Filiberto, 63",FONTANA AMELIA,01727240598,4100,59011,LATINA,-,59,LT,LATINA,120,LAZIO,2005-01-01T00:00:00,30/09/2010,Ordinaria,1,41.46967,12.89691,1
2204,10307,0,"Strada Sabotino, 3",MIRANDA AMATO,01089930596,4100,59011,LATINA,B.GO SABOTINO,59,LT,LATINA,120,LAZIO,2005-01-01T00:00:00,-,Ordinaria,1,41.45481,12.84203,1
2205,10308,0,"Via S. Janni, 13",AZZUOLI GIULIANA & C. SAS,-,4023,59008,FORMIA,-,59,LT,LATINA,120,LAZIO,2011-01-03T00:00:00,-,Ordinaria,1,41.28464,13.62809,1
2206,10308,0,"Via S. Janni, 13",AZZUOLI GIULIANA,00340670603,4023,59008,FORMIA,-,59,LT,LATINA,120,LAZIO,2005-01-01T00:00:00,31/12/2007,Ordinaria,1,41.28464,13.62809,1
2207,10308,0,"Via S. Janni, 13",AZZUOLI GIULIANA,01744130590,4023,59008,FORMIA,-,59,LT,LATINA,120,LAZIO,2008-01-01T00:00:00,28/02/2011,Ordinaria,1,41.28464,13.62809,1
2208,10309,0,"Piazza Mazzoccolo, 19",GIUGLIANO AGNESE,01749190599,4024,59009,GAETA,-,59,LT,LATINA,120,LAZIO,2005-01-01T00:00:00,-,Ordinaria,1,41.21831,13.56281,1
2209,10310,0,Piazza B. Buozzi (Pal. Ceci),TELESCA MARIA LUISA,01744810597,4019,59032,TERRACINA,-,59,LT,LATINA,120,LAZIO,2005-01-01T00:00:00,-,Ordinaria,1,41.31583,13.19094,1
2210,10311,0,"Via Bologna, 24",FALVO VINCENZO,01753800596,4024,59009,GAETA,-,59,LT,LATINA,120,LAZIO,2005-01-01T00:00:00,-,Ordinaria,1,41.21373,13.5613,1
2211,10312,0,Piazza Santa Maria,SAGRIPANTI MARIA GRAZIA,01824050601,4010,59023,ROCCASECCA DEI VOLSCI,-,59,LT,LATINA,120,LAZIO,2008-01-01T00:00:00,31/03/2010,Ordinaria,1,41.464,13.22701,1
2212,10312,0,"Via Roma, 5",MARAGONI MARIA ASSUNTA,02533800591,4010,59023,ROCCASECCA DEI VOLSCI,Sezze Scalo,59,LT,LATINA,120,LAZIO,2010-01-04T00:00:00,31/08/2010,Ordinaria,1,41.464,13.22701,1
2213,10312,0,Piazza Santa Maria,SAGRIPANTI MARIA GRAZIA,-,4010,59023,ROCCASECCA DEI VOLSCI,-,59,LT,LATINA,120,LAZIO,2005-01-01T00:00:00,31/12/2007,Ordinaria,1,41.464,13.22701,1
2214,10312,0,"Via Roma, 5",MARAGONI MARIA ASSUNTA,01765590599,4010,59023,ROCCASECCA DEI VOLSCI,-,59,LT,LATINA,120,LAZIO,2010-01-09T00:00:00,-,Ordinaria,1,41.464,13.22701,1
2215,10313,0,"Corso Della Repubblica, 190",CALDERAZZO FILIPPO,01778170595,4012,59005,CISTERNA DI LATINA,-,59,LT,LATINA,120,LAZIO,2005-01-01T00:00:00,30/04/2013,Ordinaria,1,41.59886,12.82043,1
2216,10313,0,"Corso Della Repubblica, 190",CALDERAZZO F. 1 S.A.S.,02701340594,4012,59005,CISTERNA DI LATINA,-,59,LT,LATINA,120,LAZIO,2013-01-05T00:00:00,-,Ordinaria,1,41.59886,12.82043,1
2217,10314,0,Via Ponte Gagliardo 205,SAVELLI IMMACOLATA,04779190489,4022,59007,FONDI,-,59,LT,LATINA,120,LAZIO,2005-01-01T00:00:00,31/12/2007,Ordinaria,1,41.36693,13.41605,1
2218,10314,0,"Via Ponte Gagliardo, 205",SAVELLI IMMACOLATA,01764570592,4022,59007,FONDI,-,59,LT,LATINA,120,LAZIO,2008-01-01T00:00:00,-,Ordinaria,1,41.36693,13.41605,1
2219,10315,0,"Via Mediana Cisterna, 60",LUPO SNC,01784180596,4011,59001,APRILIA,CAMPOVERDE,59,LT,LATINA,120,LAZIO,2005-01-01T00:00:00,28/02/2013,Ordinaria,1,41.53869,12.7343,1
2220,10315,0,"Via Mediana , 60",LUPO SNC,01784180596,4011,59001,APRILIA,CAMPOVERDE,59,LT,LATINA,120,LAZIO,2013-01-03T00:00:00,-,Ordinaria,1,41.53869,12.7343,1
2221,10316,0,"Piazza Alcide De Gaspari, 2",TISCIONE NICOLA,03488670617,4020,59033,VENTOTENE,-,59,LT,LATINA,120,LAZIO,2009-01-06T00:00:00,-,Ordinaria,1,40.79252,13.42976,1
2222,10316,0,Piazza Castello,GARGIULO FABRIZIO,-,4020,59033,VENTOTENE,-,59,LT,LATINA,120,LAZIO,2005-01-01T00:00:00,31/05/2009,Ordinaria,1,40.79252,13.42976,1
2223,10317,0,"Via Roccagorga, 13",COMUNALE SEZZE,-,4018,59028,SEZZE,-,59,LT,LATINA,120,LAZIO,2005-01-01T00:00:00,-,Ordinaria,1,41.49942,13.06176,1
2224,10318,0,"Piazza G. Antonelli, 7",SPAZIANI CESARE,-,4019,59032,TERRACINA,-,59,LT,LATINA,120,LAZIO,2005-01-01T00:00:00,31/08/2010,Ordinaria,1,41.31583,13.19094,1
2225,10318,0,"Piazza G. Antonelli, 7",SPAZIANI CESARE,01900580596,4019,59032,TERRACINA,-,59,LT,LATINA,120,LAZIO,2010-01-09T00:00:00,-,Ordinaria,1,41.31583,13.19094,1
2226,10319,0,"Via Roma, 104",PELLEGRINI LUIGI,-,4010,59029,SONNINO,-,59,LT,LATINA,120,LAZIO,2005-01-01T00:00:00,30/09/2010,Ordinaria,1,41.41448,13.24285,1
2227,10319,0,"Via Roma, 104",PELLEGRINI LUIGI,01909970590,4010,59029,SONNINO,-,59,LT,LATINA,120,LAZIO,2010-01-10T00:00:00,-,Ordinaria,1,41.41448,13.24285,1
2228,10320,0,"Via San Rocco, 22",PERRINO MARIA,01785050590,4021,59004,CASTELFORTE,-,59,LT,LATINA,120,LAZIO,2005-01-01T00:00:00,-,Ordinaria,1,41.31076,13.85206,1
2229,10321,0,"Largo Paone, 2",DI NELLA ERSILIA,-,4023,59008,FORMIA,-,59,LT,LATINA,120,LAZIO,2005-01-01T00:00:00,31/08/2010,Ordinaria,1,41.28464,13.62809,1
2230,10321,0,"Largo Paone, 2",DI NELLA ERSILIA,01927700599,4023,59008,FORMIA,-,59,LT,LATINA,120,LAZIO,2010-01-09T00:00:00,-,Ordinaria,1,41.28464,13.62809,1
2231,10322,0,"Via Parigi, 6",FARMA APRILIA,01920240593,4011,59001,APRILIA,-,59,LT,LATINA,120,LAZIO,2010-01-09T00:00:00,-,Ordinaria,1,41.57699,12.66759,1
2232,10322,0,"Via Parigi, 6",FARMA APRILIA,-,4011,59001,APRILIA,-,59,LT,LATINA,120,LAZIO,2005-01-01T00:00:00,31/08/2010,Ordinaria,1,41.57699,12.66759,1
2233,10323,0,"Via Paganini, snc - Q4",PAPAGNO MARIO,-,4100,59011,LATINA,-,59,LT,LATINA,120,LAZIO,2005-01-01T00:00:00,31/08/2010,Ordinaria,1,41.46635,12.87783,1
2234,10323,0,"Via Paganini, snc - Q4",PAPAGNO MARIO,01943680593,4100,59011,LATINA,-,59,LT,LATINA,120,LAZIO,2010-01-09T00:00:00,-,Ordinaria,1,41.46635,12.87783,1
2235,10324,0,"Via Appia, 6333/6337",MESSINA CALOGERA,01441470596,4014,59017,PONTINIA,MESA DI PONTINIA,59,LT,LATINA,120,LAZIO,2005-01-01T00:00:00,-,Ordinaria,1,41.40264,13.11198,1
2236,10325,0,"Via Foro Appio, 2",CASSANDRA ANGELO,-,4100,59011,LATINA,-,59,LT,LATINA,120,LAZIO,2005-01-01T00:00:00,31/08/2010,Ordinaria,1,41.46757,12.9036,1
2237,10325,0,Via Conti D'Anagni,CASSANDRA ANGELO,01485190597,4010,59011,LATINA,-,59,LT,LATINA,120,LAZIO,2010-01-09T00:00:00,-,Ordinaria,1,41.46757,12.9036,1
2238,10326,0,S.S. 156 Monti Lepini Km. 29.700,CARBONE ANTONIO,-,4010,59019,PRIVERNO,CERIARA DI PRIVERNO,59,LT,LATINA,120,LAZIO,2005-01-01T00:00:00,31/05/2009,Ordinaria,1,41.47171,13.1664,1
2239,10326,0,"Via Setina di Ceriara, 115",CARBONE ANTONIO,02430430591,4010,59019,PRIVERNO,CERIARA DI PRIVERNO,59,LT,LATINA,120,LAZIO,2009-01-06T00:00:00,-,Ordinaria,1,41.47171,13.1664,1
2240,10327,0,"Via Carducci, 13",DE STASIO LUIGI,02010450597,4020,59031,SPIGNO SATURNIA,-,59,LT,LATINA,120,LAZIO,2005-01-01T00:00:00,-,Ordinaria,1,41.31751,13.70202,1
2241,10328,0,"Via Vitruvio, 33",DE STASIO ALFONSINA,01304500596,4023,59008,FORMIA,-,59,LT,LATINA,120,LAZIO,2010-01-10T00:00:00,-,Ordinaria,1,41.25498,13.60432,1
2242,10328,0,"Via Vitruvio, 33",DE STASIO ALFONSINA,00306080607,4023,59008,FORMIA,-,59,LT,LATINA,120,LAZIO,2005-01-01T00:00:00,30/09/2010,Ordinaria,1,41.25498,13.60432,1
2243,10329,0,"Via Roma, 28",CUSANI LAURA,02027410592,4020,59015,MONTE SAN BIAGIO,-,59,LT,LATINA,120,LAZIO,2005-01-01T00:00:00,-,Ordinaria,1,41.36607,13.31663,1
2244,10330,0,"Corso Appio Claudio, 38",POLIDORI VITTORIO,02036810592,4022,59007,FONDI,-,59,LT,LATINA,120,LAZIO,2008-01-01T00:00:00,-,Ordinaria,1,41.3585,13.42759,1
2245,10330,0,"Corso Appio Claudio, 38",POLIDORI VITTORIO,-,4022,59007,FONDI,-,59,LT,LATINA,120,LAZIO,2005-01-01T00:00:00,31/12/2007,Ordinaria,1,41.3585,13.42759,1
2246,10331,0,Largo Cavalli snc,PETROSINO FRANCESCO,-,4100,59011,LATINA,-,59,LT,LATINA,120,LAZIO,2005-01-01T00:00:00,30/09/2010,Ordinaria,1,41.46635,12.87783,1
2247,10331,0,"Largo Cavalli, snc",PETROSINO FRANCESCO,02033750593,4100,59011,LATINA,-,59,LT,LATINA,120,LAZIO,2010-01-10T00:00:00,-,Ordinaria,1,41.46635,12.87783,1
2248,10332,0,"Via Italo Balbo, 72/b",AZIENDA FARMACEUTICA SPA,02024630598,4020,59010,ITRI,-,59,LT,LATINA,120,LAZIO,2010-01-09T00:00:00,-,Ordinaria,1,41.30471,13.52762,1
2249,10332,0,"Via Italo Balbo, 72/b",AZIENDA FARMACEUTICA SPA,-,4020,59010,ITRI,-,59,LT,LATINA,120,LAZIO,2005-01-01T00:00:00,31/08/2010,Ordinaria,1,41.30471,13.52762,1
2250,10333,0,"Via Faustina, 34",CIPOLLINI ANTONIO,02053070591,4024,59009,GAETA,-,59,LT,LATINA,120,LAZIO,2005-01-01T00:00:00,-,Ordinaria,1,41.20946,13.58424,1
2251,10334,0,"Via Fossignano, 78",QUARTA ANNA,-,4011,59001,APRILIA,-,59,LT,LATINA,120,LAZIO,2005-01-01T00:00:00,31/08/2010,Ordinaria,1,41.60166,12.54547,1
2252,10334,0,"Via Fossignano, 78",QUARTA ANNA,06372751005,4011,59001,APRILIA,-,59,LT,LATINA,120,LAZIO,2010-01-09T00:00:00,-,Ordinaria,1,41.60166,12.54547,1
2253,10335,0,"Via Olivetani, 22",RIZZI ANNA GIOVANNINA,-,4023,59008,FORMIA,-,59,LT,LATINA,120,LAZIO,2005-01-01T00:00:00,-,Ordinaria,1,41.25449,13.59752,1
2254,10336,0,"Via Carroceto, 227/A",SANT'ANTONIO LUIGINA GIANNI,07589421002,4011,59001,APRILIA,-,59,LT,LATINA,120,LAZIO,2010-01-09T00:00:00,-,Ordinaria,1,41.5942,12.64858,1
2255,10336,0,"Via Carroceto, 227/A",SANT'ANTONIO LUIGINA GIANNI,-,4011,59001,APRILIA,Isole,59,LT,LATINA,120,LAZIO,2005-01-01T00:00:00,31/08/2010,Ordinaria,1,41.5942,12.64858,1
2256,10337,0,"VIA XXIV MAGGIO, 7",ROMEO FRANCESCA,06738551008,4026,59014,MINTURNO,-,59,LT,LATINA,120,LAZIO,2005-01-01T00:00:00,-,Ordinaria,1,41.26347,13.74533,1
2257,10338,0,"Via Migliara, 47",GAROZZO PIETRO,01213140591,4016,59024,SABAUDIA,BELLAFARNIA,59,LT,LATINA,120,LAZIO,2010-01-09T00:00:00,-,Ordinaria,1,41.37192,12.97339,1
2258,10338,0,"Via Migliara, 47",GAROZZO PIETRO,-,4016,59024,SABAUDIA,BELLAFARNIA,59,LT,LATINA,120,LAZIO,2005-01-01T00:00:00,31/08/2010,Ordinaria,1,41.37192,12.97339,1
2259,10339,0,"Piazza Michelangelo, 29",SAN FRANCESCO CORRENTE ANNA,-,4012,59005,CISTERNA DI LATINA,-,59,LT,LATINA,120,LAZIO,2005-01-01T00:00:00,31/12/2007,Ordinaria,1,41.57339,12.8375,1
2260,10339,0,"Piazza Michelangelo, 29",SAN FRANCESCO CORRENTE ANNA,02070880592,4012,59005,CISTERNA DI LATINA,-,59,LT,LATINA,120,LAZIO,2008-01-01T00:00:00,-,Ordinaria,1,41.57339,12.8375,1
2261,10340,0,"Via Boschetto, 29",FIACCO LETIZIA,06799831000,4010,59022,ROCCA MASSIMA,-,59,LT,LATINA,120,LAZIO,2013-01-03T00:00:00,-,Ordinaria,1,41.69338,12.91817,1
2262,10340,0,"Via Umberto I, 13",FIACCO LETIZIA,06799831000,4010,59022,ROCCA MASSIMA,-,59,LT,LATINA,120,LAZIO,2005-01-01T00:00:00,28/02/2013,Ordinaria,1,41.69338,12.91817,1
2263,10341,0,"Via Migliara, 55",DEL FRASSO SNC,02076820592,4010,59029,SONNINO,FRASSO,59,LT,LATINA,120,LAZIO,2005-01-01T00:00:00,-,Ordinaria,1,41.40101,13.23397,1
2264,10342,0,"Via Carlo Alberto, 3",BORSO MASETTI FRANCO,01922820590,4016,59024,SABAUDIA,-,59,LT,LATINA,120,LAZIO,2008-01-01T00:00:00,30/09/2010,Ordinaria,1,41.29898,13.04042,1
2265,10342,0,"Via Carlo Alberto, 3",BORSO MASETTI FRANCO,-,4016,59024,SABAUDIA,-,59,LT,LATINA,120,LAZIO,2005-01-01T00:00:00,31/12/2007,Ordinaria,1,41.29898,13.04042,1
2266,10342,0,"Via Carlo Alberto, 3",BORSO MASETTI FRANCO,02090950599,4016,59024,SABAUDIA,-,59,LT,LATINA,120,LAZIO,2010-01-10T00:00:00,-,Ordinaria,1,41.29898,13.04042,1
2267,10343,0,Via Casalazzara,MARCON GIOCONDO,-,4011,59001,APRILIA,-,59,LT,LATINA,120,LAZIO,2005-01-01T00:00:00,31/08/2010,Ordinaria,1,41.5942,12.64858,1
2268,10343,0,Via Casalazzara,MARCON GIOCONDO,02103380594,4011,59001,APRILIA,-,59,LT,LATINA,120,LAZIO,2010-01-09T00:00:00,-,Ordinaria,1,41.5942,12.64858,1
2269,10344,0,"Strada Acque Alte, 83",MAGGIACOMO GIUSTINIANO,02120280595,4010,59011,LATINA,B.GO PODGORA,59,LT,LATINA,120,LAZIO,2005-01-01T00:00:00,-,Ordinaria,1,41.46635,12.87783,1
2270,10345,0,"Via Strabone, snc",SACCOCCIO ALESSANDRA,02121780593,4100,59011,LATINA,B.GO CARSO,59,LT,LATINA,120,LAZIO,2010-01-10T00:00:00,-,Ordinaria,1,41.46635,12.87783,1
2271,10345,0,"Via Strabone, snc",SACCOCCIO ALESSANDRA,-,4100,59011,LATINA,B.GO CARSO,59,LT,LATINA,120,LAZIO,2005-01-01T00:00:00,30/09/2010,Ordinaria,1,41.46635,12.87783,1
2272,10346,0,"Via Casalotti, 140/146",COMUNALE CASALOTTI II,05903241007,166,58091,ROMA,-,58,RM,ROMA,120,LAZIO,2013-01-03T00:00:00,-,Ordinaria,1,41.92368,12.57115,1
2273,10346,0,"Via Casalotti, 185",COMUNALE CASALOTTI II,06122160580,166,58091,ROMA,-,58,RM,ROMA,120,LAZIO,2005-01-01T00:00:00,31/08/2007,Ordinaria,1,41.92368,12.57115,1
2274,10346,0,"Via Casalotti, 185",COMUNALE CASALOTTI II,05903241007,166,58091,ROMA,-,58,RM,ROMA,120,LAZIO,2007-01-09T00:00:00,28/02/2013,Ordinaria,1,41.92368,12.57115,1
2275,10347,0,"Via Maria, 25",ABBAZIA DI CASAMARI DR. RICCI FRANCESCO,-,3020,60085,VEROLI,CASAMARI,60,FR,FROSINONE,120,LAZIO,2005-01-01T00:00:00,31/03/2007,Ordinaria,1,41.71893,13.44934,1
2276,10347,0,"Via Maria, 25",ABBAZIA DI CASAMARI DR. RICCI FRANCESCO,00222470601,3020,60085,VEROLI,CASAMARI,60,FR,FROSINONE,120,LAZIO,2007-01-04T00:00:00,-,Ordinaria,1,41.71893,13.44934,1
2277,10348,0,"Corso Roma, 13",TARI CAPONE MARIA LAURA,02451350603,3036,60043,ISOLA DEL LIRI,-,60,FR,FROSINONE,120,LAZIO,2010-01-10T00:00:00,-,Ordinaria,1,41.68034,13.5689,1
2278,10348,0,"Corso Roma, 13",TARI CAPONE MARIA LAURA,-,3036,60043,ISOLA DEL LIRI,-,60,FR,FROSINONE,120,LAZIO,2005-01-01T00:00:00,31/12/2007,Ordinaria,1,41.68034,13.5689,1
2279,10348,0,"Corso Roma, 13",TARI CAPONE MARIA LAURA,00120610605,3036,60043,ISOLA DEL LIRI,-,60,FR,FROSINONE,120,LAZIO,2008-01-01T00:00:00,30/09/2010,Ordinaria,1,41.68034,13.5689,1
2280,10349,0,"Via Minghetti, 81",CENTRALE,02327170607,3100,60038,FROSINONE,-,60,FR,FROSINONE,120,LAZIO,2010-01-09T00:00:00,-,Ordinaria,1,41.64129,13.35191,1
2281,10349,0,"Via Minghetti, 81",CENTRALE,-,3100,60038,FROSINONE,-,60,FR,FROSINONE,120,LAZIO,2005-01-01T00:00:00,31/08/2010,Ordinaria,1,41.64129,13.35191,1
2282,10350,0,"Viale Umberto I, 7",DE LUCA SAS,00143060606,3021,60005,AMASENO,-,60,FR,FROSINONE,120,LAZIO,2005-01-01T00:00:00,-,Ordinaria,1,41.45101,13.32872,1
2283,10351,0,"Via Stella, 34",FARINA,02457070601,3030,60015,BROCCOSTELLA,-,60,FR,FROSINONE,120,LAZIO,2008-01-01T00:00:00,-,Ordinaria,1,41.70466,13.64979,1
2284,10351,0,"Via Stella, 34",FARINA,00105720601,3030,60015,BROCCOSTELLA,-,60,FR,FROSINONE,120,LAZIO,2005-01-01T00:00:00,31/12/2007,Ordinaria,1,41.70466,13.64979,1
2285,10352,0,"Via Lungoliri Mazzini, 59",FATICANTI,02450010604,3039,60074,SORA,-,60,FR,FROSINONE,120,LAZIO,2010-01-09T00:00:00,-,Ordinaria,1,41.7326,13.57597,1
2286,10352,0,"Via Lungoliri Mazzini, 59",FATICANTI,00145580601,3039,60074,SORA,-,60,FR,FROSINONE,120,LAZIO,2005-01-01T00:00:00,31/08/2010,Ordinaria,1,41.7326,13.57597,1
2287,10353,0,"Via M. Dionigi, 5",GABRIELLI FRANCESCO,00141630608,3013,60033,FERENTINO,-,60,FR,FROSINONE,120,LAZIO,2005-01-01T00:00:00,-,Ordinaria,1,41.69474,13.24833,1
2288,10354,0,Via Fontana Vecchia,GRILLI CLELIA,00143100600,3044,60026,CERVARO,-,60,FR,FROSINONE,120,LAZIO,2005-01-01T00:00:00,30/04/2011,Ordinaria,1,41.48162,13.90645,1
2289,10354,0,"Via Piternis, 21",GRILLI DR.SSA DE MARCO MARIANGELA,02676720606,3044,60026,CERVARO,-,60,FR,FROSINONE,120,LAZIO,2011-01-05T00:00:00,-,Ordinaria,1,41.48162,13.90645,1
2290,10355,0,"Via Pola, 41",ALFONSI VENTURINI GIOVANNI,00064720600,3035,60036,FONTANA LIRI,-,60,FR,FROSINONE,120,LAZIO,2013-01-03T00:00:00,-,Ordinaria,1,41.61975,13.5686,1
2291,10355,0,"Via Pola, 41",PARRAVANO,-,3035,60036,FONTANA LIRI,-,60,FR,FROSINONE,120,LAZIO,2005-01-01T00:00:00,31/03/2007,Ordinaria,1,41.61975,13.5686,1
2292,10355,0,"Via Pola, 41",PARRAVANO,00064720600,3035,60036,FONTANA LIRI,-,60,FR,FROSINONE,120,LAZIO,2007-01-04T00:00:00,28/02/2013,Ordinaria,1,41.61975,13.5686,1
2293,10356,0,"Piazza XXV Luglio, 11",PERUZZI M. AGATA,00140110602,3023,60024,CECCANO,-,60,FR,FROSINONE,120,LAZIO,2007-01-04T00:00:00,28/02/2013,Ordinaria,1,41.56644,13.3314,1
2294,10356,0,"Via Roma, 2",PERUZZI M. AGATA,00140110602,3023,60024,CECCANO,-,60,FR,FROSINONE,120,LAZIO,2013-01-03T00:00:00,-,Ordinaria,1,41.56644,13.3314,1
2295,10356,0,"Piazza XXV Luglio, 11",PERUZZI M. AGATA,-,3023,60024,CECCANO,-,60,FR,FROSINONE,120,LAZIO,2005-01-01T00:00:00,31/03/2007,Ordinaria,1,41.56644,13.3314,1
2296,10357,0,"Corso Vittorio Emanuele, 21",PICARO,02446890606,3037,60056,PONTECORVO,-,60,FR,FROSINONE,120,LAZIO,2013-01-03T00:00:00,-,Ordinaria,1,41.46126,13.66682,1
2297,10357,0,Via Pietro Micca,PICARO,02446890606,3037,60056,PONTECORVO,-,60,FR,FROSINONE,120,LAZIO,2010-01-09T00:00:00,28/02/2013,Ordinaria,1,41.46126,13.66682,1
2298,10357,0,Via Pietro Micca,PICARO,00012820601,3037,60056,PONTECORVO,-,60,FR,FROSINONE,120,LAZIO,2005-01-01T00:00:00,31/08/2010,Ordinaria,1,41.46126,13.66682,1
2299,10358,0,"Via Secondino Pagano, 20",RICCIUTI FRANCO,02036810592,3043,60019,CASSINO,-,60,FR,FROSINONE,120,LAZIO,2005-01-01T00:00:00,31/12/2007,Ordinaria,1,41.47889,13.83556,1
2300,10358,0,"Via Secondino Pagano, 20",RICCIUTI FRANCO,00340670603,3043,60019,CASSINO,-,60,FR,FROSINONE,120,LAZIO,2008-01-01T00:00:00,-,Ordinaria,1,41.47889,13.83556,1
2301,10359,0,"Corso Vittorio Emanuele, 21",SAN SISTO Snc -  DR.SSE CANNONE M.ANGELA E STEFANIA,02453760601,3011,60003,ALATRI,-,60,FR,FROSINONE,120,LAZIO,2010-01-09T00:00:00,-,Ordinaria,1,41.73062,13.3402,1
2302,10359,0,"Corso Vittorio Emanuele, 21",SAN SISTO Snc -  DR.SSE CANNONE M.ANGELA E STEFANIA,00101080604,3011,60003,ALATRI,-,60,FR,FROSINONE,120,LAZIO,2005-01-01T00:00:00,31/08/2010,Ordinaria,1,41.73062,13.3402,1
2303,10360,0,"Piazza Martiri di via Fani,1",SEGNERI SNC,02840290601,3024,60025,CEPRANO,-,60,FR,FROSINONE,120,LAZIO,2015-01-03T00:00:00,-,Ordinaria,1,41.54672,13.49806,1
2304,10360,0,"Piazza Martiri di via Fani,1",EREDI SEGNERI SDF,00053120606,3024,60025,CEPRANO,-,60,FR,FROSINONE,120,LAZIO,2015-01-01T00:00:00,28/02/2015,Ordinaria,1,41.54672,13.49806,1
2305,10360,0,"Piazza Martiri di via Fani,1",SEGNERI GIUSEPPE,00053120606,3024,60025,CEPRANO,-,60,FR,FROSINONE,120,LAZIO,2013-01-03T00:00:00,31/12/2014,Ordinaria,1,41.54672,13.49806,1
2306,10360,0,Via Campidoglio,SEGNERI GIUSEPPE,00053120606,3024,60025,CEPRANO,-,60,FR,FROSINONE,120,LAZIO,2005-01-01T00:00:00,28/02/2013,Ordinaria,1,41.54672,13.49806,1
2307,10361,0,"VIA CASILINA KM. 112,850",SIMONELLI ADOLFO GIACOMO,02459100604,3032,60008,ARCE,-,60,FR,FROSINONE,120,LAZIO,2010-01-10T00:00:00,-,Ordinaria,1,41.56544,13.55737,1
2308,10361,0,"VIA CASILINA KM. 112,850",SIMONELLI ADOLFO GIACOMO,00003030608,3032,60008,ARCE,-,60,FR,FROSINONE,120,LAZIO,2005-01-01T00:00:00,30/09/2010,Ordinaria,1,41.56544,13.55737,1
2309,10362,0,"Corso Gallio, 10",GIORDANO,00141720607,3041,60004,ALVITO,-,60,FR,FROSINONE,120,LAZIO,2007-01-04T00:00:00,31/08/2010,Ordinaria,1,41.70961,13.75033,1
2310,10362,0,"Corso Gallio, 10",GIORDANO,02502260603,3041,60004,ALVITO,-,60,FR,FROSINONE,120,LAZIO,2010-01-09T00:00:00,30/09/2010,Ordinaria,1,41.70961,13.75033,1
2311,10362,0,"Corso Gallio, 10",GIORDANO,00141720607,3041,60004,ALVITO,-,60,FR,FROSINONE,120,LAZIO,2010-01-10T00:00:00,-,Ordinaria,1,41.70961,13.75033,1
2312,10362,0,"Corso Gallio, 17",GIORDANO CLAUDIA,-,3041,60004,ALVITO,-,60,FR,FROSINONE,120,LAZIO,2005-01-01T00:00:00,31/03/2007,Ordinaria,1,41.70961,13.75033,1
2313,10363,0,"Piazza Madonna della Neve, 22",MADONNA DELLA NEVE SNC,-,3100,60038,FROSINONE,-,60,FR,FROSINONE,120,LAZIO,2005-01-01T00:00:00,31/08/2010,Ordinaria,1,41.63455,13.33137,1
2314,10363,0,"Piazza Madonna della Neve, 22",MADONNA DELLA NEVE SNC,02409650609,3100,60038,FROSINONE,-,60,FR,FROSINONE,120,LAZIO,2010-01-09T00:00:00,-,Ordinaria,1,41.63455,13.33137,1
2315,10364,0,Via per Frosinone,QUERQUI GIOVANNI,00327990602,3023,60024,CECCANO,-,60,FR,FROSINONE,120,LAZIO,2005-01-01T00:00:00,-,Ordinaria,1,41.5874,13.33332,1
2316,10365,0,"Via Regina Elena, 24",BATTISTI MARIA LUISA & C. SAS,02453530608,3020,60079,TORRICE,-,60,FR,FROSINONE,120,LAZIO,2010-01-09T00:00:00,-,Ordinaria,1,41.6274,13.39851,1
2317,10365,0,"Via Regina Elena, 24",BATTISTI MARIA LUISA & C. SAS,00011770609,3020,60079,TORRICE,-,60,FR,FROSINONE,120,LAZIO,2005-01-01T00:00:00,31/08/2010,Ordinaria,1,41.6274,13.39851,1
2318,10366,0,Piazza Berardi,EREDI TAMBUCCI SDF,02329300608,3023,60024,CECCANO,-,60,FR,FROSINONE,120,LAZIO,2010-01-10T00:00:00,-,Ordinaria,1,41.56974,13.3364,1
2319,10366,0,Piazza Berardi,EREDI TAMBUCCI SDF,-,3023,60024,CECCANO,-,60,FR,FROSINONE,120,LAZIO,2005-01-01T00:00:00,30/09/2010,Ordinaria,1,41.56974,13.3364,1
2320,10367,0,"Via Di Biasio, 109",COSTA VINCENZO,01450680895,3043,60019,CASSINO,-,60,FR,FROSINONE,120,LAZIO,2005-01-01T00:00:00,30/11/2007,Ordinaria,1,41.47889,13.83556,1
2321,10367,0,"Via Di Biasio, 109",COSTA VINCENZO,00066620600,3043,60019,CASSINO,-,60,FR,FROSINONE,120,LAZIO,2007-01-12T00:00:00,-,Ordinaria,1,41.47889,13.83556,1
2322,10368,0,"Via Armando Diaz, 4",TALLARICO MICHELE,00105710602,3014,60035,FIUGGI,-,60,FR,FROSINONE,120,LAZIO,2005-01-01T00:00:00,-,Ordinaria,1,41.8089,13.22169,1
2323,10369,0,"Via Ponte Melfa, 31",ANTIGNANI LUIGI,00183720606,3042,60011,ATINA,-,60,FR,FROSINONE,120,LAZIO,2005-01-01T00:00:00,-,Ordinaria,1,41.62111,13.79077,1
2324,10370,0,"Via Pier Luigi da Palestrina, 58",F.CIA GATTA DR. MASSIMILIANO,02174660601,3100,60038,FROSINONE,-,60,FR,FROSINONE,120,LAZIO,2007-01-07T00:00:00,31/08/2011,Ordinaria,1,41.63455,13.33137,1
2325,10370,0,Via Pier Luigi da Palestrina,MASTRANGELI SNC,02514940606,3100,60038,FROSINONE,-,60,FR,FROSINONE,120,LAZIO,2013-01-07T00:00:00,-,Ordinaria,1,41.63455,13.33137,1
2326,10370,0,Via Pier Luigi da Palestrina,MASTRANGELI LUIGI,00141700609,3100,60038,FROSINONE,-,60,FR,FROSINONE,120,LAZIO,2005-01-01T00:00:00,30/06/2007,Ordinaria,1,41.63455,13.33137,1
2327,10370,0,"Via Pier Luigi da Palestrina, 58",F.CIA GATTA DR. MASSIMILIANO,02514940606,3100,60038,FROSINONE,-,60,FR,FROSINONE,120,LAZIO,2011-01-09T00:00:00,30/06/2013,Ordinaria,1,41.63455,13.33137,1
2328,10371,0,"Via Petrarca, 11",MURAGLIA SNC,00183800606,3039,60074,SORA,-,60,FR,FROSINONE,120,LAZIO,2005-01-01T00:00:00,31/08/2010,Ordinaria,1,41.7326,13.57597,1
2329,10371,0,"Via Petrarca, 11",MURAGLIA SNC,02419510603,3039,60074,SORA,-,60,FR,FROSINONE,120,LAZIO,2010-01-09T00:00:00,-,Ordinaria,1,41.7326,13.57597,1
2330,10372,0,"Via Guglielmo Marconi, 29",SIPIONE ORNELLA,00186450607,3030,60016,CAMPOLI APPENNINO,-,60,FR,FROSINONE,120,LAZIO,2007-01-04T00:00:00,-,Ordinaria,1,41.73828,13.67979,1
2331,10372,0,"Via Guglielmo Marconi, 29",SIPIONE ORNELLA,-,3030,60016,CAMPOLI APPENNINO,-,60,FR,FROSINONE,120,LAZIO,2005-01-01T00:00:00,31/03/2007,Ordinaria,1,41.73828,13.67979,1
2332,10373,0,"Via Santa Filomena, 8",POCE FRANCESCO,00191340603,3030,60044,MONTE SAN GIOVANNI CAMPANO,COLLI,60,FR,FROSINONE,120,LAZIO,2013-01-03T00:00:00,-,Ordinaria,1,41.65278,13.51776,1
2333,10373,0,"Via Santa Filomena, 8",POCE FELICE,00191340603,3030,60044,MONTE SAN GIOVANNI CAMPANO,COLLI,60,FR,FROSINONE,120,LAZIO,2005-01-01T00:00:00,28/02/2013,Ordinaria,1,41.65278,13.51776,1
2334,10374,0,"Piazza Vittorio Emanuele, 2",CICCONE TONINO,00193130606,3026,60055,POFI,-,60,FR,FROSINONE,120,LAZIO,2005-01-01T00:00:00,-,Ordinaria,1,41.55392,13.42036,1
2335,10375,0,Via Orto Murato,GULIA MARIA TERESA,-,3040,60070,SAN VITTORE DEL LAZIO,-,60,FR,FROSINONE,120,LAZIO,2005-01-01T00:00:00,31/03/2007,Ordinaria,1,41.46201,13.93514,1
2336,10375,0,Via Orto Murato,GULIA MARIA TERESA,00195000609,3040,60070,SAN VITTORE DEL LAZIO,-,60,FR,FROSINONE,120,LAZIO,2007-01-04T00:00:00,28/02/2013,Ordinaria,1,41.46201,13.93514,1
2337,10375,0,"Via Casilina sud Km 148,300",GULIA DI COCOROCCHIO,00195000609,3040,60070,SAN VITTORE DEL LAZIO,-,60,FR,FROSINONE,120,LAZIO,2015-01-01T00:00:00,-,Ordinaria,1,41.46201,13.93514,1
2338,10375,0,"Via Casilina sud Km 148,300",GULIA MARIA TERESA,00195000609,3040,60070,SAN VITTORE DEL LAZIO,-,60,FR,FROSINONE,120,LAZIO,2013-01-03T00:00:00,31/12/2014,Ordinaria,1,41.46201,13.93514,1
2339,10376,0,"Piazza Porta Nuova, 16",PELAGALLI CAROLINA,00254210602,3020,60009,ARNARA,-,60,FR,FROSINONE,120,LAZIO,2005-01-01T00:00:00,-,Ordinaria,1,41.58452,13.3884,1
2340,10377,0,"Piazza Guglielmo Marconi, 2",MARCUCCILLI ANSELMO,00257460600,3030,60069,SANTOPADRE,-,60,FR,FROSINONE,120,LAZIO,2007-01-04T00:00:00,-,Ordinaria,1,41.59966,13.63963,1
2341,10377,0,"Piazza Guglielmo Marconi, 2",MARCUCCILLI ANSELMO,-,3030,60069,SANTOPADRE,-,60,FR,FROSINONE,120,LAZIO,2005-01-01T00:00:00,31/03/2007,Ordinaria,1,41.59966,13.63963,1
2342,10378,0,"Via Suburbana sud, snc",EREDI GIULIANI NICOLA,02786650602,3012,60006,ANAGNI,-,60,FR,FROSINONE,120,LAZIO,2005-01-01T00:00:00,-,Ordinaria,1,41.74472,13.15269,1
2343,10379,0,"Via Consolare, 103",PIETRANDREA VINCENZO,00105770606,3013,60033,FERENTINO,-,60,FR,FROSINONE,120,LAZIO,2007-01-04T00:00:00,28/02/2015,Ordinaria,1,41.69474,13.24833,1
2344,10379,0,"Via XX Settembre, 8",PIETRANDREA VALENTINA,00105770606,3013,60033,FERENTINO,-,60,FR,FROSINONE,120,LAZIO,2015-01-03T00:00:00,-,Ordinaria,1,41.69474,13.24833,1
2345,10379,0,"Via Consolare, 103",PIETRANDREA VINCENZO,-,3013,60033,FERENTINO,-,60,FR,FROSINONE,120,LAZIO,2005-01-01T00:00:00,31/03/2007,Ordinaria,1,41.69474,13.24833,1
2346,10380,0,Via Osteria della Fontana,FORLI FRANCESCO,00297970600,3012,60006,ANAGNI,-,60,FR,FROSINONE,120,LAZIO,2005-01-01T00:00:00,-,Ordinaria,1,41.74472,13.15269,1
2347,10381,0,"Viale Giglio, 168",DEL GIGLIO SNC Dr.i Muscedere Lucio & Lorenzo,02356700605,3029,60085,VEROLI,SANT'ANGELO IN VILLA,60,FR,FROSINONE,120,LAZIO,2010-01-10T00:00:00,28/02/2013,Ordinaria,1,41.71893,13.44934,1
2348,10381,0,"Viale Giglio, 168",DEL GIGLIO SNC DR.I MUSCEDERE LORENZO E LUCIO SNC,02356700605,3029,60085,VEROLI,SANT'ANGELO IN VILLA,60,FR,FROSINONE,120,LAZIO,2013-01-03T00:00:00,-,Ordinaria,1,41.71893,13.44934,1
2349,10381,0,"Viale Giglio, 168",DEL GIGLIO SNC Dr.i Muscedere Lucio & Lorenzo,-,3029,60085,VEROLI,SANT'ANGELO IN VILLA,60,FR,FROSINONE,120,LAZIO,2005-01-01T00:00:00,30/09/2010,Ordinaria,1,41.71893,13.44934,1
2350,10382,0,"Via S.Angelo, snc",FELICI PUCCETTI RUGGERO,00312830607,3043,60019,CASSINO,SANT'ANGELO,60,FR,FROSINONE,120,LAZIO,2013-01-03T00:00:00,-,Ordinaria,1,41.47889,13.83556,1
2351,10382,0,"Via Trieste, 16",FELICI PUCCETTI RUGGERO,01642010506,3043,60019,CASSINO,SANT'ANGELO,60,FR,FROSINONE,120,LAZIO,2005-01-01T00:00:00,31/08/2010,Ordinaria,1,41.47889,13.83556,1
2352,10382,0,"Via Trieste, 16",FELICI PUCCETTI RUGGERO,00312830607,3043,60019,CASSINO,SANT'ANGELO,60,FR,FROSINONE,120,LAZIO,2010-01-09T00:00:00,28/02/2013,Ordinaria,1,41.47889,13.83556,1
2353,10383,0,Viale Dante,VERNILE VINCENZA,00305940603,3030,60089,VILLA SANTA LUCIA,-,60,FR,FROSINONE,120,LAZIO,2013-01-03T00:00:00,-,Ordinaria,1,41.5132,13.77382,1
2354,10383,0,"Piazza Santa Lucia, 1/3",VERNILE VINCENZA,00305940603,3030,60089,VILLA SANTA LUCIA,-,60,FR,FROSINONE,120,LAZIO,2005-01-01T00:00:00,28/02/2013,Ordinaria,1,41.5132,13.77382,1
2355,10384,0,"Via Botticelli, 38",EUROPA,00306080607,3043,60019,CASSINO,CAIRA,60,FR,FROSINONE,120,LAZIO,2011-01-05T00:00:00,-,Ordinaria,1,41.47889,13.83556,1
2356,10384,0,"Via Botticelli, 38",EUROPA,02063020651,3043,60019,CASSINO,CAIRA,60,FR,FROSINONE,120,LAZIO,2005-01-01T00:00:00,30/04/2011,Ordinaria,1,41.47889,13.83556,1
2357,10385,0,"Contrada Patoni, 73",PATRICELLI LOLITA,00307890608,3010,60081,TRIVIGLIANO,-,60,FR,FROSINONE,120,LAZIO,2013-01-03T00:00:00,-,Ordinaria,1,41.76412,13.27003,1
2358,10385,0,"Via Prenestina, 24",PATRICELLI LOLITA,00307890608,3010,60081,TRIVIGLIANO,-,60,FR,FROSINONE,120,LAZIO,2005-01-01T00:00:00,28/02/2013,Ordinaria,1,41.76412,13.27003,1
2359,10386,0,Via Colle Mastroianni,BARTOLOMUCCI PIO,-,3030,60037,FONTECHIARI,-,60,FR,FROSINONE,120,LAZIO,2005-01-01T00:00:00,31/03/2007,Ordinaria,1,41.67349,13.66416,1
2360,10386,0,Via Colle Mastroianni,BARTOLOMUCCI PIO,00322440603,3030,60037,FONTECHIARI,-,60,FR,FROSINONE,120,LAZIO,2007-01-04T00:00:00,28/02/2013,Ordinaria,1,41.67349,13.66416,1
2361,10386,0,"Via Colle Mastroianni, 143",BARTOLOMUCCI PIO,00322440603,3030,60037,FONTECHIARI,-,60,FR,FROSINONE,120,LAZIO,2013-01-03T00:00:00,-,Ordinaria,1,41.67349,13.66416,1
2362,10387,0,"Via Valli, 18",SANT'ANTONIO ABATE DI RUGGIERO MIRELLA,02588930608,3040,60021,CASTELNUOVO PARANO,S. Abate,60,FR,FROSINONE,120,LAZIO,2009-01-11T00:00:00,30/09/2010,Ordinaria,1,41.37953,13.74694,1
2363,10387,0,"Via Borgo, snc",ACETO GIUSEPPE,00327530606,3040,60021,CASTELNUOVO PARANO,S. Abate,60,FR,FROSINONE,120,LAZIO,2005-01-01T00:00:00,31/10/2009,Ordinaria,1,41.37953,13.74694,1
2364,10387,0,"Via Valli, 18",SANT'ANTONIO ABATE DI RUGGIERO MIRELLA,00327530606,3040,60021,CASTELNUOVO PARANO,S. Abate,60,FR,FROSINONE,120,LAZIO,2010-01-10T00:00:00,-,Ordinaria,1,41.37953,13.74694,1
2365,10388,0,"Via Chiaiamari, 89",BIANCHI ELDA,00324980606,3030,60044,MONTE SAN GIOVANNI CAMPANO,CHIAIAMARI,60,FR,FROSINONE,120,LAZIO,2005-01-01T00:00:00,-,Ordinaria,1,41.65278,13.51776,1
2366,10389,0,"Via Ausonia, 1",FALOVO ANTONIETTA,00330210600,3040,60054,PIGNATARO INTERAMNA,-,60,FR,FROSINONE,120,LAZIO,2005-01-01T00:00:00,-,Ordinaria,1,41.43305,13.78544,1
2367,10390,0,"Via della Croce, 9",MAGLIOCCHETTI ISABELLA,-,3010,60039,FUMONE,-,60,FR,FROSINONE,120,LAZIO,2005-01-01T00:00:00,31/03/2007,Ordinaria,1,41.73172,13.27522,1
2368,10390,0,"Via della Croce, 9",MAGLIOCCHETTI ISABELLA,00351180609,3010,60039,FUMONE,-,60,FR,FROSINONE,120,LAZIO,2007-01-04T00:00:00,-,Ordinaria,1,41.73172,13.27522,1
2369,10391,0,"Via Prenestina, 312",FELLI AMELIA,00368520607,3010,60071,SERRONE,LA FORMA,60,FR,FROSINONE,120,LAZIO,2013-01-03T00:00:00,-,Ordinaria,1,41.84212,13.09519,1
2370,10391,0,"Via IV Novembre, 4",FELLI AMELIA,00368520607,3010,60071,SERRONE,LA FORMA,60,FR,FROSINONE,120,LAZIO,2005-01-01T00:00:00,28/02/2013,Ordinaria,1,41.84212,13.09519,1
2371,10392,0,"Via Garibaldi, 2",FOLCARELLI LUCIANA,00374070605,3030,60029,COLLE SAN MAGNO,-,60,FR,FROSINONE,120,LAZIO,2013-01-03T00:00:00,-,Ordinaria,1,41.5594,13.71363,1
2372,10392,0,Via Vaglie,FOLCARELLI LUCIANA,-,3030,60029,COLLE SAN MAGNO,-,60,FR,FROSINONE,120,LAZIO,2005-01-01T00:00:00,31/03/2007,Ordinaria,1,41.5594,13.71363,1
2373,10392,0,Via Vaglie,FOLCARELLI LUCIANA,00374070605,3030,60029,COLLE SAN MAGNO,-,60,FR,FROSINONE,120,LAZIO,2007-01-04T00:00:00,28/02/2013,Ordinaria,1,41.5594,13.71363,1
2374,10393,0,"Piazza della Vittoria, 21/23",M.E.T.RIPI DI TORRICIANI M.P. SAS,02583030602,3027,60058,RIPI,-,60,FR,FROSINONE,120,LAZIO,2010-01-09T00:00:00,-,Ordinaria,1,41.59657,13.44285,1
2375,10393,0,"Piazza della Vittoria, 21/23",TORRICIANI MARIA PALMA,00620200600,3027,60058,RIPI,-,60,FR,FROSINONE,120,LAZIO,2005-01-01T00:00:00,31/08/2010,Ordinaria,1,41.59657,13.44285,1
2376,10394,0,"Via Bove, 80",BIANCHI ANNA,00627530603,3033,60010,ARPINO,SCAFFA,60,FR,FROSINONE,120,LAZIO,2005-01-01T00:00:00,28/02/2013,Ordinaria,1,41.6464,13.62474,1
2377,10394,0,"Via Scaffa, SNC",BIANCHI ANNA,00627530603,3033,60010,ARPINO,SCAFFA,60,FR,FROSINONE,120,LAZIO,2013-01-03T00:00:00,-,Ordinaria,1,41.6464,13.62474,1
2378,10395,0,"Via Colli, 12",NARDONE FRANCESCOANTONIO,-,3047,60063,SAN GIORGIO A LIRI,-,60,FR,FROSINONE,120,LAZIO,2005-01-01T00:00:00,31/03/2007,Ordinaria,1,41.40428,13.76802,1
2379,10395,0,Via Crocelle snc,NARDONE FRANCESCOANTONIO,00628030603,3047,60063,SAN GIORGIO A LIRI,-,60,FR,FROSINONE,120,LAZIO,2007-01-04T00:00:00,-,Ordinaria,1,41.40428,13.76802,1
2380,10396,0,"Via Provinciale, 21",CIOLFI LUCIO,00632270609,3045,60031,ESPERIA,MONTICELLI,60,FR,FROSINONE,120,LAZIO,2005-01-01T00:00:00,28/02/2013,Ordinaria,1,41.37782,13.64815,1
2381,10396,0,"Via Provinciale, 21",CIOLFI LUCIO,00632270609,3040,60031,ESPERIA,MONTICELLI,60,FR,FROSINONE,120,LAZIO,2013-01-03T00:00:00,-,Ordinaria,1,41.37782,13.64815,1
2382,10397,0,"Viale Dante, 55",PRIGIOTTI FABRIZIO,00668450604,3043,60019,CASSINO,-,60,FR,FROSINONE,120,LAZIO,2008-01-01T00:00:00,-,Ordinaria,1,41.48665,13.83122,1
2383,10397,0,"Viale Dante, 55",PRIGIOTTI FABRIZIO,01709030652,3043,60019,CASSINO,-,60,FR,FROSINONE,120,LAZIO,2005-01-01T00:00:00,30/06/2007,Ordinaria,1,41.48665,13.83122,1
2384,10397,0,"Viale Dante, 55",PRIGIOTTI FABRIZIO,-,3043,60019,CASSINO,-,60,FR,FROSINONE,120,LAZIO,2007-01-07T00:00:00,31/12/2007,Ordinaria,1,41.48665,13.83122,1
2385,10398,0,"Via America Latina, 111/119",AMERICA LATINA,01401370604,3100,60038,FROSINONE,-,60,FR,FROSINONE,120,LAZIO,2005-01-01T00:00:00,28/02/2011,Ordinaria,1,41.62904,13.34314,1
2386,10398,0,"Via America Latina, 111/119",DEL VIALE DI CORRENTE DI GIANFRANCO & ROSSELLA SNC,02670910609,3100,60038,FROSINONE,-,60,FR,FROSINONE,120,LAZIO,2011-01-03T00:00:00,-,Ordinaria,1,41.62904,13.34314,1
2387,10399,0,"Via Colle Renzi, 1",MARCELLI PAOLA,01414100600,3010,60048,PATRICA,-,60,FR,FROSINONE,120,LAZIO,2005-01-01T00:00:00,28/02/2013,Ordinaria,1,41.59181,13.25686,1
2388,10399,0,Via Quattro Strade,MALANDRUCCOLO GIUSEPPE SAS,01414100600,3010,60048,PATRICA,-,60,FR,FROSINONE,120,LAZIO,2013-01-03T00:00:00,-,Ordinaria,1,41.59181,13.25686,1
2389,10400,0,Via IV Novembre,SECONDINI,00551490600,3049,60068,SANT'ELIA FIUMERAPIDO,-,60,FR,FROSINONE,120,LAZIO,2013-01-03T00:00:00,-,Ordinaria,1,41.52852,13.85241,1
2390,10400,0,Via IV Novembre,DI CESARE MARIA,00551490600,3049,60068,SANT'ELIA FIUMERAPIDO,-,60,FR,FROSINONE,120,LAZIO,2005-01-01T00:00:00,28/02/2013,Ordinaria,1,41.52852,13.85241,1
2391,10401,0,"Via Roma, 152",FERRARO PAOLO,01445320607,3040,60088,VILLA LATINA,-,60,FR,FROSINONE,120,LAZIO,2010-01-09T00:00:00,-,Ordinaria,1,41.60685,13.85422,1
2392,10401,0,"Via Roma, 152",FERRARO PAOLO,-,3040,60088,VILLA LATINA,-,60,FR,FROSINONE,120,LAZIO,2005-01-01T00:00:00,31/05/2009,Ordinaria,1,41.60685,13.85422,1
2393,10401,0,"Via Roma, 152",FERRARO PAOLO,00191986060,3040,60088,VILLA LATINA,-,60,FR,FROSINONE,120,LAZIO,2007-01-04T00:00:00,31/08/2010,Ordinaria,1,41.60685,13.85422,1
2394,10402,0,"Via Casilina, km 125,300",ZINCONE MASSIMO,01445980608,3030,60022,CASTROCIELO,-,60,FR,FROSINONE,120,LAZIO,2013-01-03T00:00:00,-,Ordinaria,1,41.51005,13.6894,1
2395,10402,0,"Piazza San Rocco, 17",ZINCONE ATTILIO,01445980608,3030,60022,CASTROCIELO,-,60,FR,FROSINONE,120,LAZIO,2005-01-01T00:00:00,28/02/2013,Ordinaria,1,41.51005,13.6894,1
2396,10403,0,"Piazza Mazzoli, 10",DI PINTO GIULIO,01462780600,3029,60085,VEROLI,-,60,FR,FROSINONE,120,LAZIO,2005-01-01T00:00:00,28/02/2013,Ordinaria,1,41.71893,13.44934,1
2397,10403,0,"Piazza Mazzoli, 10",PAPETTI,01462780600,3029,60085,VEROLI,-,60,FR,FROSINONE,120,LAZIO,2013-01-03T00:00:00,-,Ordinaria,1,41.71893,13.44934,1
2398,10404,0,"Piazza Umberto I, 1",BRIGIDI A. MARIA,01473090601,3016,60042,GUARCINO,-,60,FR,FROSINONE,120,LAZIO,2007-01-04T00:00:00,-,Ordinaria,1,41.77609,13.27285,1
2399,10404,0,"Piazza Umberto I, 1",BRIGIDI A. MARIA,-,3016,60042,GUARCINO,-,60,FR,FROSINONE,120,LAZIO,2005-01-01T00:00:00,31/03/2007,Ordinaria,1,41.77609,13.27285,1
2400,10405,0,"Viale XX Settembre, 61 A-B",MARINI,02396850600,3039,60074,SORA,-,60,FR,FROSINONE,120,LAZIO,2005-01-01T00:00:00,28/02/2013,Ordinaria,1,41.71833,13.61552,1
2401,10405,0,Via Regina Elena snc,PIRASTU & C.SNC,02396850600,3039,60074,SORA,-,60,FR,FROSINONE,120,LAZIO,2013-01-03T00:00:00,-,Ordinaria,1,41.71833,13.61552,1
2402,10406,0,LOC. CAMMINATE,GABRIELLI SANTE,-,3030,60057,POSTA FIBRENO,Camminate,60,FR,FROSINONE,120,LAZIO,2005-01-01T00:00:00,31/03/2007,Ordinaria,1,41.69032,13.69741,1
2403,10406,0,LOC. CAMMINATE,GABRIELLI SANTE,01507770608,3030,60057,POSTA FIBRENO,Camminate,60,FR,FROSINONE,120,LAZIO,2007-01-04T00:00:00,-,Ordinaria,1,41.69032,13.69741,1
2404,10407,0,CONTRADA DELICATA,VENDITTI ANNA,00617670609,3030,60086,VICALVI,-,60,FR,FROSINONE,120,LAZIO,2005-01-01T00:00:00,-,Ordinaria,1,41.67672,13.70641,1
2405,10408,0,"Via delle Grotte, 40",AMBROSI,-,3020,60023,CASTRO DEI VOLSCI,-,60,FR,FROSINONE,120,LAZIO,2005-01-01T00:00:00,31/03/2007,Ordinaria,1,41.51628,13.40652,1
2406,10408,0,"Via delle Grotte, 40",AMBROSI,01532250600,3020,60023,CASTRO DEI VOLSCI,-,60,FR,FROSINONE,120,LAZIO,2007-01-04T00:00:00,-,Ordinaria,1,41.51628,13.40652,1
2407,10409,0,"Piazza Santa Maria, 2",VALLEMAIO,01556780607,3040,60083,VALLEMAIO,-,60,FR,FROSINONE,120,LAZIO,2010-01-10T00:00:00,-,Ordinaria,1,41.36882,13.80663,1
2408,10409,0,"P.zza Santa Maria, 2",VALLEMAIO,02615160609,3040,60083,VALLEMAIO,-,60,FR,FROSINONE,120,LAZIO,2010-01-09T00:00:00,30/09/2010,Ordinaria,1,41.36882,13.80663,1
2409,10409,0,"Via Santa Maria, 2",MUSELLA ANTONIO,01556780607,3040,60083,VALLEMAIO,-,60,FR,FROSINONE,120,LAZIO,2005-01-01T00:00:00,31/08/2010,Ordinaria,1,41.36882,13.80663,1
2410,10410,0,"Corso Vittorio Emanuele, 209",LEONI MARIA TERESA,01569020603,3012,60006,ANAGNI,-,60,FR,FROSINONE,120,LAZIO,2005-01-01T00:00:00,-,Ordinaria,1,41.74472,13.15269,1
2411,10411,0,Via Forca D'Acero Centro 1,BORSO'  MARCO,-,3040,60013,BELMONTE CASTELLO,-,60,FR,FROSINONE,120,LAZIO,2005-01-01T00:00:00,31/08/2010,Ordinaria,1,41.58328,13.8121,1
2412,10411,0,Via Forca D'Acero Centro 1,BORSO'  MARCO,02270520592,3040,60013,BELMONTE CASTELLO,-,60,FR,FROSINONE,120,LAZIO,2010-01-09T00:00:00,28/02/2013,Ordinaria,1,41.58328,13.8121,1
2413,10411,0,"Via Forca D'Acero Centro, 1",BELMONTE - DR. BORSO'  MARCO,02270520592,3040,60013,BELMONTE CASTELLO,-,60,FR,FROSINONE,120,LAZIO,2013-01-03T00:00:00,-,Ordinaria,1,41.58328,13.8121,1
2414,10412,0,"Via Alcide De Gasperi, 75",SAN BENEDETTO DI PEDE CANDIDA,-,3011,60003,ALATRI,-,60,FR,FROSINONE,120,LAZIO,2005-01-01T00:00:00,31/03/2007,Ordinaria,1,41.73062,13.3402,1
2415,10412,0,"Via Alcide De Gasperi, 75",SAN BENEDETTO DI PEDE CANDIDA,00301020608,3011,60003,ALATRI,-,60,FR,FROSINONE,120,LAZIO,2007-01-04T00:00:00,-,Ordinaria,1,41.73062,13.3402,1
2416,10413,0,"Piazza S. Maria, 1",TULLIO CESIDIO,01588660603,3040,60040,GALLINARO,-,60,FR,FROSINONE,120,LAZIO,2005-01-01T00:00:00,28/02/2013,Ordinaria,1,41.65342,13.79781,1
2417,10413,0,"Via Vico S.S., 509",TULLIO CESIDIO,01588660603,3040,60040,GALLINARO,-,60,FR,FROSINONE,120,LAZIO,2013-01-03T00:00:00,-,Ordinaria,1,41.65342,13.79781,1
2418,10414,0,Via Vescovo Ruggieri,DI ROCCO LOREDANA,01590100606,3030,60049,PESCOSOLIDO,-,60,FR,FROSINONE,120,LAZIO,2005-01-01T00:00:00,-,Ordinaria,1,41.74865,13.65739,1
2419,10415,0,Via Anitrella,CELLETTI OLIVA,01603660604,3030,60044,MONTE SAN GIOVANNI CAMPANO,ANITRELLA,60,FR,FROSINONE,120,LAZIO,2005-01-01T00:00:00,28/02/2013,Ordinaria,1,41.65278,13.51776,1
2420,10415,0,Via Anitrella,CELLETTI OLIVA,01603660604,3025,60044,MONTE SAN GIOVANNI CAMPANO,ANITRELLA,60,FR,FROSINONE,120,LAZIO,2013-01-03T00:00:00,-,Ordinaria,1,41.65278,13.51776,1
2421,10416,0,Via Risorgimento,SAN TOMMASO DI CIACCIARELLI VIRGILIO & C. SAS,02566660607,3031,60007,AQUINO,-,60,FR,FROSINONE,120,LAZIO,2013-01-03T00:00:00,-,Ordinaria,1,41.47799,13.71546,1
2422,10416,0,Via Labriola,CIACCIARELLI VIRGILIO,01664180609,3031,60007,AQUINO,-,60,FR,FROSINONE,120,LAZIO,2005-01-01T00:00:00,28/02/2013,Ordinaria,1,41.47799,13.71546,1
2423,10417,0,"Via Roma, 55",MAGLIOCCO,01680270608,3040,60065,SANT'AMBROGIO SUL GARIGLIANO,-,60,FR,FROSINONE,120,LAZIO,2005-01-01T00:00:00,31/08/2010,Ordinaria,1,41.39138,13.86416,1
2424,10417,0,"Via Roma, 55",MAGLIOCCO,02383040603,3040,60065,SANT'AMBROGIO SUL GARIGLIANO,-,60,FR,FROSINONE,120,LAZIO,2010-01-09T00:00:00,-,Ordinaria,1,41.39138,13.86416,1
2425,10418,0,"Via Provinciale, 37",MESSORE PASQUALE,01703140606,3040,60012,AUSONIA,-,60,FR,FROSINONE,120,LAZIO,2005-01-01T00:00:00,-,Ordinaria,1,41.34894,13.73883,1
2426,10419,0,"Viale dei Caduti, 13",CONTE MARIO,01704240603,3040,60077,TERELLE,-,60,FR,FROSINONE,120,LAZIO,2005-01-01T00:00:00,-,Ordinaria,1,41.55432,13.78309,1
2427,10420,0,"Via Pagliaia di Morga, 11",SAN PIETRO Dr. De Franceschi Pasquale,01707970602,3040,60072,SETTEFRATI,-,60,FR,FROSINONE,120,LAZIO,2007-01-04T00:00:00,-,Ordinaria,1,41.68808,13.86626,1
2428,10420,0,"Via Pagliaia di Morga, 11",SAN PIETRO Dr. De Franceschi Pasquale,02461010601,3040,60072,SETTEFRATI,-,60,FR,FROSINONE,120,LAZIO,2010-01-09T00:00:00,30/09/2010,Ordinaria,1,41.68808,13.86626,1
2429,10420,0,"Via Pagliaia di Morga, 11",TRAMONTANA ISABELLA,-,3040,60072,SETTEFRATI,-,60,FR,FROSINONE,120,LAZIO,2005-01-01T00:00:00,31/03/2007,Ordinaria,1,41.68808,13.86626,1
2430,10421,0,"Via Roma, 112/114",FARMACIA DEL CENTRO DI FISCHETTI ANTONIO & C.Snc,01733990608,3038,60060,ROCCASECCA,-,60,FR,FROSINONE,120,LAZIO,2010-01-10T00:00:00,-,Ordinaria,1,41.53498,13.6395,1
2431,10421,0,"Via Roma, 19",GIOVINAZZI GIANFRANCO,-,3038,60060,ROCCASECCA,-,60,FR,FROSINONE,120,LAZIO,2005-01-01T00:00:00,31/03/2007,Ordinaria,1,41.53498,13.6395,1
2432,10421,0,"Via Roma, 112/114",FARMACIA DEL CENTRO DI FISCHETTI ANTONIO & C.Snc,02615640600,3038,60060,ROCCASECCA,-,60,FR,FROSINONE,120,LAZIO,2010-01-08T00:00:00,30/09/2010,Ordinaria,1,41.53498,13.6395,1
2433,10421,0,"Via Roma, 19",GIOVINAZZI GIANFRANCO,01733990608,3038,60060,ROCCASECCA,-,60,FR,FROSINONE,120,LAZIO,2007-01-04T00:00:00,31/07/2010,Ordinaria,1,41.53498,13.6395,1
2434,10422,0,"Via Mole Bisleti, 409",LE MOLE - DR. TRENTO,01525160600,3011,60003,ALATRI,TECCHIENA,60,FR,FROSINONE,120,LAZIO,2007-01-04T00:00:00,30/04/2011,Ordinaria,1,41.72529,13.3412,1
2435,10422,0,"Via Mole Bisleti, 409",LE MOLE - DR. TRENTO,-,3011,60003,ALATRI,TECCHIENA,60,FR,FROSINONE,120,LAZIO,2005-01-01T00:00:00,-,Ordinaria,1,41.72529,13.3412,1
2436,10423,0,"LOC. SAN FILIPPO, 45",DE SANTIS MARIA VITTORIA,-,3012,60006,ANAGNI,"San Filippo, 45",60,FR,FROSINONE,120,LAZIO,2005-01-01T00:00:00,31/03/2007,Ordinaria,1,41.74472,13.15269,1
2437,10423,0,"LOC. SAN FILIPPO, 45",DE SANTIS MARIA VITTORIA,01535320608,3012,60006,ANAGNI,"San Filippo, 45",60,FR,FROSINONE,120,LAZIO,2007-01-04T00:00:00,-,Ordinaria,1,41.74472,13.15269,1
2438,10424,0,Corso Garibaldi,GIANNOTTI,01742740606,3048,60067,SANT'APOLLINARE,-,60,FR,FROSINONE,120,LAZIO,2013-01-03T00:00:00,-,Ordinaria,1,41.40162,13.82785,1
2439,10424,0,Via Risorgimento,GIANNOTTI,-,3048,60067,SANT'APOLLINARE,-,60,FR,FROSINONE,120,LAZIO,2005-01-01T00:00:00,31/03/2007,Ordinaria,1,41.40162,13.82785,1
2440,10424,0,Via Risorgimento,GIANNOTTI,01742740606,3048,60067,SANT'APOLLINARE,-,60,FR,FROSINONE,120,LAZIO,2007-01-04T00:00:00,28/02/2013,Ordinaria,1,41.40162,13.82785,1
2441,10425,0,Via Alessandro Manzoni,RONSISVALLE,01753350600,3040,60030,CORENO AUSONIO,-,60,FR,FROSINONE,120,LAZIO,2005-01-01T00:00:00,-,Ordinaria,1,41.33475,13.78388,1
2442,10426,0,"SS. 155, 21",CARFAGNA,01790990608,3010,60003,ALATRI,TECCHIENA DI ALATRI,60,FR,FROSINONE,120,LAZIO,2005-01-01T00:00:00,-,Ordinaria,1,41.73062,13.3402,1
2443,10427,0,Piazza Umberto I,RAMA,01794970606,3019,60076,SUPINO,-,60,FR,FROSINONE,120,LAZIO,2005-01-01T00:00:00,-,Ordinaria,1,41.61019,13.20937,1
2444,10428,0,"Via San Martino, 3",CEDRONE LUCIANA ANNA,-,3040,60050,PICINISCO,-,60,FR,FROSINONE,120,LAZIO,2005-01-01T00:00:00,31/03/2007,Ordinaria,1,41.65294,13.9071,1
2445,10428,0,"Via San Martino, 3",CEDRONE LUCIANA ANNA,01818180604,3040,60050,PICINISCO,-,60,FR,FROSINONE,120,LAZIO,2007-01-04T00:00:00,-,Ordinaria,1,41.65294,13.9071,1
2446,10429,0,Via Valle Paradiso,DEI SEMPLICI,01843980606,3022,60014,BOVILLE ERNICA,-,60,FR,FROSINONE,120,LAZIO,2005-01-01T00:00:00,-,Ordinaria,1,41.64093,13.47245,1
2447,10430,0,"Via Borgonuovo, 89/91",MASNADA CRISTIANA,02441530603,3036,60043,ISOLA DEL LIRI,-,60,FR,FROSINONE,120,LAZIO,2010-01-10T00:00:00,-,Ordinaria,1,41.70895,13.59794,1
2448,10430,0,"Viale San Domenico, 51",MASNADA CRISTIANA,01247270505,3036,60043,ISOLA DEL LIRI,-,60,FR,FROSINONE,120,LAZIO,2005-01-01T00:00:00,30/09/2010,Ordinaria,1,41.70895,13.59794,1
2449,10431,0,"Via Roma, 335",PACILIO,01879400602,3020,60082,VALLECORSA,-,60,FR,FROSINONE,120,LAZIO,2013-01-03T00:00:00,-,Ordinaria,1,41.43268,13.40233,1
2450,10431,0,"Via Roma, 188",CIPOLLA GIUSEPPE,01879400602,3020,60082,VALLECORSA,-,60,FR,FROSINONE,120,LAZIO,2005-01-01T00:00:00,28/02/2013,Ordinaria,1,41.43268,13.40233,1
2451,10432,0,Via Brighindi,MODERNA - PICA ANNA MARIA,-,3100,60038,FROSINONE,-,60,FR,FROSINONE,120,LAZIO,2005-01-01T00:00:00,30/09/2010,Ordinaria,1,41.63455,13.33137,1
2452,10432,0,Via Brighindi,MODERNA - PICA ANNA MARIA,01881950602,3100,60038,FROSINONE,-,60,FR,FROSINONE,120,LAZIO,2010-01-10T00:00:00,-,Ordinaria,1,41.63455,13.33137,1
2453,10433,0,"Viale Repubblica, 88",VALLEROTONDA DEL DR. GALLINARO ANTONIO,01882420605,3040,60084,VALLEROTONDA,-,60,FR,FROSINONE,120,LAZIO,2013-01-03T00:00:00,-,Ordinaria,1,41.57152,13.94324,1
2454,10433,0,"Viale Repubblica, 68",ESPOSITO ARIELLA,-,3040,60084,VALLEROTONDA,-,60,FR,FROSINONE,120,LAZIO,2005-01-01T00:00:00,31/03/2007,Ordinaria,1,41.57152,13.94324,1
2455,10433,0,"Viale Repubblica, 68",ESPOSITO ARIELLA,01882420605,3040,60084,VALLEROTONDA,-,60,FR,FROSINONE,120,LAZIO,2007-01-04T00:00:00,28/02/2013,Ordinaria,1,41.57152,13.94324,1
2456,10434,0,"Via Bonomi, 74",SPEZIA - DR. PELAGALLI,-,3030,60010,ARPINO,CARNELLO,60,FR,FROSINONE,120,LAZIO,2005-01-01T00:00:00,31/03/2007,Ordinaria,1,41.64513,13.61263,1
2457,10434,0,"Via Bonomi, 74",SPEZIA - DR. PELAGALLI,01886830601,3030,60010,ARPINO,CARNELLO,60,FR,FROSINONE,120,LAZIO,2007-01-04T00:00:00,29/02/2012,Ordinaria,1,41.64513,13.61263,1
2458,10434,0,"Via Bonomi, 55",CELLUPICA DR.SSA MYRIAM,-,3030,60010,ARPINO,CARNELLO,60,FR,FROSINONE,120,LAZIO,2012-01-03T00:00:00,-,Ordinaria,1,41.64513,13.61263,1
2459,10435,0,viale cesare battisti,DE FRANCESCHI ENZA,00178580601,3010,60080,TREVI NEL LAZIO,-,60,FR,FROSINONE,120,LAZIO,2013-01-03T00:00:00,-,Ordinaria,1,41.8626,13.25,1
2460,10435,0,Corso Vittorio,DE FRANCESCHI ENZA,00178580601,3010,60080,TREVI NEL LAZIO,-,60,FR,FROSINONE,120,LAZIO,2005-01-01T00:00:00,28/02/2013,Ordinaria,1,41.8626,13.25,1
2461,10436,0,"Via della Rocca, 2",PAOLINI TIZIANA DONATA MARA,01748640602,3010,60034,FILETTINO,-,60,FR,FROSINONE,120,LAZIO,2005-01-01T00:00:00,-,Ordinaria,1,41.89327,13.32451,1
2462,10437,0,"Via Marconi, 5",MILLANTI,-,3020,60041,GIULIANO DI ROMA,-,60,FR,FROSINONE,120,LAZIO,2005-01-01T00:00:00,30/09/2010,Ordinaria,1,41.55049,13.2542,1
2463,10437,0,"Via Marconi, 5",MILLANTI,02338630607,3020,60041,GIULIANO DI ROMA,-,60,FR,FROSINONE,120,LAZIO,2010-01-10T00:00:00,28/02/2013,Ordinaria,1,41.55049,13.2542,1
2464,10437,0,"Via G. Marconi, 44",MILLANTI,02338630607,3020,60041,GIULIANO DI ROMA,-,60,FR,FROSINONE,120,LAZIO,2015-01-03T00:00:00,-,Ordinaria,1,41.55049,13.2542,1
2465,10437,0,"LARGO DON ALVARO PIETRANTONI, 9",MILLANTI,02338630607,3020,60041,GIULIANO DI ROMA,-,60,FR,FROSINONE,120,LAZIO,2013-01-03T00:00:00,28/02/2015,Ordinaria,1,41.55049,13.2542,1
2466,10438,0,"Via Chiesa Nuova, 14",RIEGER RODOLFO,02406160602,3039,60074,SORA,-,60,FR,FROSINONE,120,LAZIO,2010-01-10T00:00:00,-,Ordinaria,1,41.7326,13.57597,1
2467,10438,0,"Via Chiesa Nuova, 14",RIEGER RODOLFO,01919860609,3039,60074,SORA,-,60,FR,FROSINONE,120,LAZIO,2005-01-01T00:00:00,30/09/2010,Ordinaria,1,41.7326,13.57597,1
2468,10439,0,Piazza Santa Maria Maggiore,EREDI PIACITELLI ADALBERTO,-,3011,60003,ALATRI,-,60,FR,FROSINONE,120,LAZIO,2005-01-01T00:00:00,31/03/2007,Ordinaria,1,41.73062,13.3402,1
2469,10439,0,"Corso Vittorio Emanuele, 104",PIACITELLI DR.SSA MARIA LUISA,02447970605,3011,60003,ALATRI,-,60,FR,FROSINONE,120,LAZIO,2010-01-03T00:00:00,-,Ordinaria,1,41.73062,13.3402,1
2470,10439,0,Piazza Santa Maria Maggiore,PIACITELLI,01925790600,3011,60003,ALATRI,-,60,FR,FROSINONE,120,LAZIO,2007-01-04T00:00:00,28/02/2010,Ordinaria,1,41.73062,13.3402,1
2471,10440,0,Via Santa Lucia,MACCIOCCHI ANDREA,01939300602,3030,60059,ROCCA D'ARCE,-,60,FR,FROSINONE,120,LAZIO,2005-01-01T00:00:00,31/01/2015,Ordinaria,1,41.58675,13.60296,1
2472,10440,0,"ViaMadonna di Paris, 2",MACCIOCCHI ANDREA,01939300602,3030,60059,ROCCA D'ARCE,-,60,FR,FROSINONE,120,LAZIO,2015-01-02T00:00:00,-,Ordinaria,1,41.58675,13.60296,1
2473,10441,0,"Via Roma, 7/9",MESSIDORO ORNELLA,-,3040,60001,ACQUAFONDATA,-,60,FR,FROSINONE,120,LAZIO,2005-01-01T00:00:00,31/03/2007,Ordinaria,1,41.55094,13.97498,1
2474,10441,0,"Via Roma, 7/9",MESSIDORO ORNELLA,01942840602,3040,60001,ACQUAFONDATA,-,60,FR,FROSINONE,120,LAZIO,2007-01-04T00:00:00,-,Ordinaria,1,41.55094,13.97498,1
2475,10442,0,"Via Roma, 24",SEMAR SRL,01949420606,3010,60087,VICO NEL LAZIO,-,60,FR,FROSINONE,120,LAZIO,2005-01-01T00:00:00,-,Ordinaria,1,41.7978,13.37295,1
2476,10443,0,Via San Rocco,SAN GRIMOALDO,01535160608,3037,60056,PONTECORVO,-,60,FR,FROSINONE,120,LAZIO,2010-01-09T00:00:00,31/03/2013,Ordinaria,1,41.45469,13.66796,1
2477,10443,0,Via San Rocco,SAN GRIMOALDO,01481270476,3037,60056,PONTECORVO,-,60,FR,FROSINONE,120,LAZIO,2005-01-01T00:00:00,31/08/2010,Ordinaria,1,41.45469,13.66796,1
2478,10443,0,"Via San Rocco, 117",SAN GRIMOALDO DI NOBILI ANTONIETTA & C. SAS,0275520602,3037,60056,PONTECORVO,-,60,FR,FROSINONE,120,LAZIO,2013-01-05T00:00:00,-,Ordinaria,1,41.45469,13.66796,1
2479,10443,0,"Via San Rocco, 91-99-101",SAN GRIMOALDO DI DR. NOBILI ANTONIETTA E C. SAS,-,3037,60056,PONTECORVO,-,60,FR,FROSINONE,120,LAZIO,2013-01-04T00:00:00,30/04/2013,Ordinaria,1,41.45469,13.66796,1
2480,10444,0,"Via De Crescenzi, 8",PICARAZZI CLAUDIO,01962260608,3022,60014,BOVILLE ERNICA,-,60,FR,FROSINONE,120,LAZIO,2005-01-01T00:00:00,28/02/2013,Ordinaria,1,41.64252,13.4727,1
2481,10444,0,"Piazza Sant'Angelo, 24",PICARAZZI CLAUDIO,01962260608,3022,60014,BOVILLE ERNICA,-,60,FR,FROSINONE,120,LAZIO,2013-01-03T00:00:00,-,Ordinaria,1,41.64252,13.4727,1
2482,10445,0,"Piazza Indipendenza, 5",LASALANDRA,01970930606,3018,60046,PALIANO,-,60,FR,FROSINONE,120,LAZIO,2005-01-01T00:00:00,28/02/2013,Ordinaria,1,41.78468,13.05229,1
2483,10445,0,"Piazza Indipendenza, 5",CERIMELE,01970930606,3018,60046,PALIANO,-,60,FR,FROSINONE,120,LAZIO,2013-01-03T00:00:00,-,Ordinaria,1,41.78468,13.05229,1
2484,10446,0,LOC. SANTA FRANCESCA,MASTRANGELI,01977160603,3029,60085,VEROLI,Santa Francesca,60,FR,FROSINONE,120,LAZIO,2008-01-01T00:00:00,28/02/2013,Ordinaria,1,41.71748,13.44955,1
2485,10446,0,Via di Santa Francesca,MASTRANGELI,01977160603,3029,60085,VEROLI,Santa Francesca,60,FR,FROSINONE,120,LAZIO,2013-01-03T00:00:00,-,Ordinaria,1,41.71748,13.44955,1
2486,10446,0,LOC. SANTA FRANCESCA,MASTRANGELI,00141700609,3029,60085,VEROLI,Santa Francesca,60,FR,FROSINONE,120,LAZIO,2005-01-01T00:00:00,31/12/2007,Ordinaria,1,41.71748,13.44955,1
2487,10447,0,"Via del Rettifilo, 20/E",CATALDI - CARCANO,-,3015,60035,FIUGGI,FIUGGI FONTE,60,FR,FROSINONE,120,LAZIO,2005-01-01T00:00:00,31/03/2007,Ordinaria,1,41.8089,13.22169,1
2488,10447,0,"Via del Rettifilo, 20/E",CATALDI - CARCANO,01953990601,3015,60035,FIUGGI,FIUGGI FONTE,60,FR,FROSINONE,120,LAZIO,2007-01-04T00:00:00,-,Ordinaria,1,41.8089,13.22169,1
2489,10448,0,Via Borgo San Nicola,SANT'ELENA SNC,02039700600,3020,60047,PASTENA,-,60,FR,FROSINONE,120,LAZIO,2013-01-03T00:00:00,-,Ordinaria,1,41.46824,13.49174,1
2490,10448,0,"Borgo San Nicola, 114",MOLLICONE ROCCO,-,3020,60047,PASTENA,-,60,FR,FROSINONE,120,LAZIO,2005-01-01T00:00:00,31/03/2007,Ordinaria,1,41.46824,13.49174,1
2491,10448,0,"Borgo San Nicola, 114",MOLLICONE ROCCO,02039700600,3020,60047,PASTENA,-,60,FR,FROSINONE,120,LAZIO,2007-01-04T00:00:00,28/02/2013,Ordinaria,1,41.46824,13.49174,1
2492,10449,0,"Via Per Alatri, 9",LA CERTOSA,03116340781,3010,60028,COLLEPARDO,-,60,FR,FROSINONE,120,LAZIO,2011-01-07T00:00:00,31/12/2014,Ordinaria,1,41.76385,13.36913,1
2493,10449,0,"Via Baselica, 2",MARANI MARIO,02041420601,3010,60028,COLLEPARDO,-,60,FR,FROSINONE,120,LAZIO,2005-01-01T00:00:00,30/06/2011,Ordinaria,1,41.76385,13.36913,1
2494,10449,0,"Via Per Alatri, 9",LA CERTOSA SAS,03116340781,3010,60028,COLLEPARDO,-,60,FR,FROSINONE,120,LAZIO,2015-01-01T00:00:00,-,Ordinaria,1,41.76385,13.36913,1
2495,10450,0,"Via Salita dell'Arco, 8/10",CARRATURO ELENA,02045930605,3033,60010,ARPINO,-,60,FR,FROSINONE,120,LAZIO,2005-01-01T00:00:00,-,Ordinaria,1,41.64826,13.6106,1
2496,10451,0,"Corso Repubblica, 89",S.BENEDETTO,02042960605,3043,60019,CASSINO,-,60,FR,FROSINONE,120,LAZIO,2010-01-09T00:00:00,31/12/2014,Ordinaria,1,41.47889,13.83556,1
2497,10451,0,"Corso Repubblica, 89",SAN BENEDETTO FARMACIA GIULIANI & MASIA SNC,02042960605,3043,60019,CASSINO,-,60,FR,FROSINONE,120,LAZIO,2015-01-01T00:00:00,-,Ordinaria,1,41.47889,13.83556,1
2498,10451,0,"Corso Repubblica, 89",S.BENEDETTO,02542300369,3043,60019,CASSINO,-,60,FR,FROSINONE,120,LAZIO,2005-01-01T00:00:00,30/06/2007,Ordinaria,1,41.47889,13.83556,1
2499,10451,0,"Corso Repubblica, 89",S.BENEDETTO,-,3043,60019,CASSINO,-,60,FR,FROSINONE,120,LAZIO,2007-01-07T00:00:00,31/08/2010,Ordinaria,1,41.47889,13.83556,1
2500,10452,0,Via Cupa s.n.c.,CASILLO TERENZIO,02047710609,3020,60032,FALVATERRA,-,60,FR,FROSINONE,120,LAZIO,2005-01-01T00:00:00,31/08/2010,Ordinaria,1,41.50462,13.52018,1
2501,10452,0,Via Cupa s.n.c.,CASILLO TERENZIO SAS,02565880602,3020,60032,FALVATERRA,-,60,FR,FROSINONE,120,LAZIO,2013-01-03T00:00:00,-,Ordinaria,1,41.50462,13.52018,1
2502,10452,0,Via Cupa s.n.c.,CASILLO TERENZIO,02565880602,3020,60032,FALVATERRA,-,60,FR,FROSINONE,120,LAZIO,2010-01-09T00:00:00,28/02/2013,Ordinaria,1,41.50462,13.52018,1
2503,10453,0,"Via P. Sterbini, 2",ARDUINI FAUSTO,-,3010,60073,SGURGOLA,-,60,FR,FROSINONE,120,LAZIO,2005-01-01T00:00:00,31/03/2007,Ordinaria,1,41.67447,13.14972,1
2504,10453,0,"Via P. Sterbini, 2",ARDUINI FAUSTO,02030500603,3010,60073,SGURGOLA,-,60,FR,FROSINONE,120,LAZIO,2007-01-04T00:00:00,-,Ordinaria,1,41.67447,13.14972,1
2505,10454,0,Via Cerquotti,GARGANI,02059320602,3017,60045,MOROLO,-,60,FR,FROSINONE,120,LAZIO,2005-01-01T00:00:00,28/02/2013,Ordinaria,1,41.64095,13.19063,1
2506,10454,0,"Via Marconi, 3",GARGANI,02059320602,3017,60045,MOROLO,-,60,FR,FROSINONE,120,LAZIO,2013-01-03T00:00:00,-,Ordinaria,1,41.64095,13.19063,1
2507,10455,0,"Via Roma, 183",SCIARRETTA,02059900601,3030,60020,CASTELLIRI,-,60,FR,FROSINONE,120,LAZIO,2008-01-01T00:00:00,-,Ordinaria,1,41.6773,13.54847,1
2508,10455,0,"Via Roma, 183",SCIARRETTA,00106810609,3030,60020,CASTELLIRI,-,60,FR,FROSINONE,120,LAZIO,2005-01-01T00:00:00,31/12/2007,Ordinaria,1,41.6773,13.54847,1
2509,10456,0,"Corso Repubblica, 70",SANT'ANNA DI EREDI URSO SEBASTIANO,02045910607,3043,60019,CASSINO,-,60,FR,FROSINONE,120,LAZIO,2010-01-10T00:00:00,-,Ordinaria,1,41.47889,13.83556,1
2510,10456,0,"Corso Repubblica, 70",SANT'ANNA DI EREDI URSO SEBASTIANO,-,3043,60019,CASSINO,-,60,FR,FROSINONE,120,LAZIO,2007-01-07T00:00:00,30/09/2010,Ordinaria,1,41.47889,13.83556,1
2511,10456,0,"Corso Repubblica, 70",SANT'ANNA DI EREDI URSO SEBASTIANO,02993110820,3043,60019,CASSINO,-,60,FR,FROSINONE,120,LAZIO,2005-01-01T00:00:00,30/06/2007,Ordinaria,1,41.47889,13.83556,1
2512,10457,0,"Via Roma, 10",MANNA ANTONELLA,02064270602,3028,60064,SAN GIOVANNI INCARICO,-,60,FR,FROSINONE,120,LAZIO,2005-01-01T00:00:00,-,Ordinaria,1,41.49641,13.56669,1
2513,10458,0,"Via Po, 14",PIACITELLI CARLO,00195210604,3100,60038,FROSINONE,-,60,FR,FROSINONE,120,LAZIO,2005-01-01T00:00:00,-,Ordinaria,1,41.64342,13.34156,1
2514,10459,0,"Via Campo Sportivo, 5",DI BONA VINCENZO,02538500618,3034,60018,CASALVIERI,-,60,FR,FROSINONE,120,LAZIO,2005-01-01T00:00:00,-,Ordinaria,1,41.64515,13.71548,1
2515,10460,0,"Corso della Repubblica, 92",DEL CORSO DI DEL SIGNORE DR. MARCO & C.,02854930605,3100,60038,FROSINONE,-,60,FR,FROSINONE,120,LAZIO,2015-01-02T00:00:00,28/02/2015,Ordinaria,1,41.63879,13.35147,1
2516,10460,0,"Corso della Repubblica, 239",DEL CORSO,00183810605,3100,60038,FROSINONE,-,60,FR,FROSINONE,120,LAZIO,2005-01-01T00:00:00,31/01/2015,Ordinaria,1,41.63879,13.35147,1
2517,10460,0,"Corso della Repubblica, 92",DEL CORSO SNC,00183810605,3100,60038,FROSINONE,-,60,FR,FROSINONE,120,LAZIO,2015-01-03T00:00:00,-,Ordinaria,1,41.63879,13.35147,1
2518,10461,0,"Via Colle, 17",MALANDRUCCOLO GIUSEPPE SAS,02570180600,3020,60075,STRANGOLAGALLI,-,60,FR,FROSINONE,120,LAZIO,2010-01-09T00:00:00,30/09/2010,Ordinaria,1,41.59414,13.49588,1
2519,10461,0,"Via Colle, 17",MALANDRUCCOLO GIUSEPPE,02074600608,3020,60075,STRANGOLAGALLI,-,60,FR,FROSINONE,120,LAZIO,2007-01-04T00:00:00,31/08/2010,Ordinaria,1,41.59414,13.49588,1
2520,10461,0,"Via Colle, 17",MALANDRUCCO GIUSEPPE,-,3020,60075,STRANGOLAGALLI,-,60,FR,FROSINONE,120,LAZIO,2005-01-01T00:00:00,31/03/2007,Ordinaria,1,41.59414,13.49588,1
2521,10461,0,"Via Colle, 17",MALANDRUCCOLO GIUSEPPE SAS,02074600608,3020,60075,STRANGOLAGALLI,-,60,FR,FROSINONE,120,LAZIO,2010-01-10T00:00:00,-,Ordinaria,1,41.59414,13.49588,1
2522,10462,0,"Piazza Guglielmo Marconi, 7",TORRISI,-,3025,60044,MONTE SAN GIOVANNI CAMPANO,-,60,FR,FROSINONE,120,LAZIO,2009-01-03T00:00:00,31/05/2009,Ordinaria,1,41.63921,13.51571,1
2523,10462,0,"Piazza Guglielmo Marconi, 7",TORRISI,02094240609,3025,60044,MONTE SAN GIOVANNI CAMPANO,-,60,FR,FROSINONE,120,LAZIO,2010-01-10T00:00:00,28/02/2013,Ordinaria,1,41.63921,13.51571,1
2524,10462,0,"Via Valle, 56",TORRISI,02094240609,3025,60044,MONTE SAN GIOVANNI CAMPANO,-,60,FR,FROSINONE,120,LAZIO,2013-01-03T00:00:00,-,Ordinaria,1,41.63921,13.51571,1
2525,10462,0,"Piazza Guglielmo Marconi, 7",TORRISI,02094340609,3025,60044,MONTE SAN GIOVANNI CAMPANO,-,60,FR,FROSINONE,120,LAZIO,2007-01-04T00:00:00,30/09/2010,Ordinaria,1,41.63921,13.51571,1
2526,10462,0,"Piazza Guglielmo Marconi, 7",DE ROCCHIS,-,3025,60044,MONTE SAN GIOVANNI CAMPANO,-,60,FR,FROSINONE,120,LAZIO,2005-01-01T00:00:00,31/03/2007,Ordinaria,1,41.63921,13.51571,1
2527,10463,0,"Piazza Veroli, 12",CENTRALE,02122200609,3042,60011,ATINA,-,60,FR,FROSINONE,120,LAZIO,2007-01-04T00:00:00,28/02/2013,Ordinaria,1,41.61934,13.80156,1
2528,10463,0,"Via Dei Sanniti, 175",CENTRALE DR. CARLO FERRARO,02122200609,3042,60011,ATINA,-,60,FR,FROSINONE,120,LAZIO,2013-01-03T00:00:00,-,Ordinaria,1,41.61934,13.80156,1
2529,10463,0,"Piazza Veroli, 12",CENTRALE,-,3042,60011,ATINA,-,60,FR,FROSINONE,120,LAZIO,2005-01-01T00:00:00,31/03/2007,Ordinaria,1,41.61934,13.80156,1
2530,10464,0,Piazza De Matthaeis,DE MATTHAEIS SNC,-,3100,60038,FROSINONE,-,60,FR,FROSINONE,120,LAZIO,2005-01-01T00:00:00,31/03/2007,Ordinaria,1,41.63455,13.33137,1
2531,10464,0,Piazza De Matthaeis,DE MATTHAEIS SNC,02112950601,3100,60038,FROSINONE,-,60,FR,FROSINONE,120,LAZIO,2007-01-04T00:00:00,-,Ordinaria,1,41.63455,13.33137,1
2532,10465,0,"Via Cacina, 4",EREDE CARDELLA PASQUALE,-,3046,60062,SAN DONATO VAL DI COMINO,-,60,FR,FROSINONE,120,LAZIO,2005-01-01T00:00:00,31/03/2007,Ordinaria,1,41.71545,13.80993,1
2533,10465,0,"Via Cacina, 4",EREDE CARDELLA PASQUALE,02125390605,3046,60062,SAN DONATO VAL DI COMINO,-,60,FR,FROSINONE,120,LAZIO,2007-01-04T00:00:00,28/02/2013,Ordinaria,1,41.71545,13.80993,1
2534,10465,0,"Via Roma, 37",PAOLACCI,02125390605,3046,60062,SAN DONATO VAL DI COMINO,-,60,FR,FROSINONE,120,LAZIO,2013-01-03T00:00:00,31/12/2014,Ordinaria,1,41.71545,13.80993,1
2535,10466,0,"Via Guglielmo Marconi, 1",PADRE PIO,-,3010,60078,TORRE CAJETANI,-,60,FR,FROSINONE,120,LAZIO,2005-01-01T00:00:00,31/12/2007,Ordinaria,1,41.78947,13.26252,1
2536,10466,0,"Via Guglielmo Marconi, 1",PADRE PIO,07338100634,3010,60078,TORRE CAJETANI,-,60,FR,FROSINONE,120,LAZIO,2008-01-01T00:00:00,-,Ordinaria,1,41.78947,13.26252,1
2537,10467,0,"Corso Castrucci, 4",LAVALLE MARIA ELENA,02157940608,3041,60004,ALVITO,-,60,FR,FROSINONE,120,LAZIO,2005-01-01T00:00:00,-,Ordinaria,1,41.69018,13.74726,1
2538,10468,0,"Via dei Mille, 1",CORCIONE BIANCA,-,3030,60052,PIEDIMONTE SAN GERMANO,-,60,FR,FROSINONE,120,LAZIO,2005-01-01T00:00:00,31/05/2009,Ordinaria,1,41.48462,13.74953,1
2539,10468,0,"Via dei Mille, 1",CORCIONE BIANCA,02150270607,3030,60052,PIEDIMONTE SAN GERMANO,-,60,FR,FROSINONE,120,LAZIO,2010-01-09T00:00:00,28/02/2013,Ordinaria,1,41.48462,13.74953,1
2540,10468,0,"Via dei Mille, 1",CORCIONE BIANCA,02150220607,3030,60052,PIEDIMONTE SAN GERMANO,-,60,FR,FROSINONE,120,LAZIO,2007-01-04T00:00:00,31/08/2010,Ordinaria,1,41.48462,13.74953,1
2541,10468,0,Via Calatafimi,CORCIONE BIANCA,02150270607,3030,60052,PIEDIMONTE SAN GERMANO,-,60,FR,FROSINONE,120,LAZIO,2013-01-03T00:00:00,-,Ordinaria,1,41.48462,13.74953,1
2542,10469,0,"Via Piagge, 8",PADRE PIO-CIOTTI MASSIMO,02152970600,3010,60053,PIGLIO,-,60,FR,FROSINONE,120,LAZIO,2005-01-01T00:00:00,-,Ordinaria,1,41.83446,13.16467,1
2543,10470,0,"Viale XXI aprile, 2/E",NUOVA,02302560608,3029,60085,VEROLI,-,60,FR,FROSINONE,120,LAZIO,2010-01-04T00:00:00,-,Ordinaria,1,41.71893,13.44934,1
2544,10470,0,"Via Vittorio Emanuele, 9",NUOVA,-,3029,60085,VEROLI,-,60,FR,FROSINONE,120,LAZIO,2005-01-01T00:00:00,31/03/2010,Ordinaria,1,41.71893,13.44934,1
2545,10471,0,Via Nuova Cartiera,PERRINI ASSUNTINA,02164630606,3049,60068,SANT'ELIA FIUMERAPIDO,-,60,FR,FROSINONE,120,LAZIO,2007-01-04T00:00:00,-,Ordinaria,1,41.52852,13.85241,1
2546,10471,0,Via Nuova Cartiera,PERRINI ASSUNTINA,-,3049,60068,SANT'ELIA FIUMERAPIDO,-,60,FR,FROSINONE,120,LAZIO,2005-01-01T00:00:00,31/03/2007,Ordinaria,1,41.52852,13.85241,1
2547,10472,0,Piazzale Vienna,CAVONI PANTANO LUCIO,00278170600,3100,60038,FROSINONE,-,60,FR,FROSINONE,120,LAZIO,2005-01-01T00:00:00,-,Ordinaria,1,41.63455,13.33137,1
2548,10473,0,Via Casilina,REALE CARLA,-,3030,60027,COLFELICE,-,60,FR,FROSINONE,120,LAZIO,2005-01-01T00:00:00,31/03/2007,Ordinaria,1,41.5424,13.59932,1
2549,10473,0,Via Casilina,REALE CARLA,02173300605,3030,60027,COLFELICE,-,60,FR,FROSINONE,120,LAZIO,2007-01-04T00:00:00,-,Ordinaria,1,41.5424,13.59932,1
2550,10474,0,Via Giacomo Matteotti,FARMACIA SAN MICHELE SNC,-,3023,60024,CECCANO,-,60,FR,FROSINONE,120,LAZIO,2005-01-01T00:00:00,30/09/2010,Ordinaria,1,41.56825,13.32101,1
2551,10474,0,Via Giacomo Matteotti,FARMACIA SAN MICHELE SNC,02089880609,3023,60024,CECCANO,-,60,FR,FROSINONE,120,LAZIO,2010-01-10T00:00:00,-,Ordinaria,1,41.56825,13.32101,1
2552,10475,0,"Via Gentile, 5",PAPETTI MARIA,-,3020,60090,VILLA SANTO STEFANO,-,60,FR,FROSINONE,120,LAZIO,2005-01-01T00:00:00,31/08/2010,Ordinaria,1,41.50958,13.31351,1
2553,10475,0,"PiazzaUmberto I, 17",SAN ROCCO SAS DI ZAVAGLIA MASSIMO & C.,02640520603,3020,60090,VILLA SANTO STEFANO,-,60,FR,FROSINONE,120,LAZIO,2015-01-03T00:00:00,-,Ordinaria,1,41.50958,13.31351,1
2554,10475,0,"Via Gentile, 5",PAPETTI MARIA,02193320609,3020,60090,VILLA SANTO STEFANO,-,60,FR,FROSINONE,120,LAZIO,2010-01-09T00:00:00,28/02/2013,Ordinaria,1,41.50958,13.31351,1
2555,10475,0,"Via Gentile, 5",SAN ROCCO SAS,02193320609,3020,60090,VILLA SANTO STEFANO,-,60,FR,FROSINONE,120,LAZIO,2013-01-03T00:00:00,28/02/2015,Ordinaria,1,41.50958,13.31351,1
2556,10476,0,"Via Casilina Sud, 172",ARRABITO RITA,06344781007,3013,60033,FERENTINO,-,60,FR,FROSINONE,120,LAZIO,2005-01-01T00:00:00,-,Ordinaria,1,41.68495,13.27516,1
2557,10477,0,Via Marittima,PALLESCHI MARIA,02204920603,3100,60038,FROSINONE,-,60,FR,FROSINONE,120,LAZIO,2005-01-01T00:00:00,-,Ordinaria,1,41.63386,13.33703,1
2558,10478,0,"VIA Farnese Nord, 22",SAN TOMMASO DI CIACCARELLI  VIRGILIO SAS,02566660607,3020,60051,PICO,-,60,FR,FROSINONE,120,LAZIO,2013-01-03T00:00:00,-,Ordinaria,1,41.45082,13.55961,1
2559,10478,0,"Via Umberto I, 27",EREDI MARCUCCI DOLORES,-,3020,60051,PICO,-,60,FR,FROSINONE,120,LAZIO,2005-01-01T00:00:00,30/09/2010,Ordinaria,1,41.45082,13.55961,1
2560,10478,0,"Via Umberto I, 29",SAN TOMMASO SAS,02312780600,3020,60051,PICO,-,60,FR,FROSINONE,120,LAZIO,2010-01-10T00:00:00,28/02/2013,Ordinaria,1,41.45082,13.55961,1
2561,10479,0,"Via XX Settembre, 11",CAPORUSSO DR. PATRIZIO,02662850607,3045,60031,ESPERIA,-,60,FR,FROSINONE,120,LAZIO,2015-01-03T00:00:00,-,Ordinaria,1,41.37782,13.64815,1
2562,10479,0,"Via Falcone, 3",CAPORUSSO DR. PATRIZIO,02662850607,3045,60031,ESPERIA,-,60,FR,FROSINONE,120,LAZIO,2010-01-12T00:00:00,28/02/2015,Ordinaria,1,41.37782,13.64815,1
2563,10479,0,"Corso Vittorio, 22",EREDI SERRA,02214620607,3045,60031,ESPERIA,MONTICELLI,60,FR,FROSINONE,120,LAZIO,2005-01-01T00:00:00,30/11/2010,Ordinaria,1,41.37782,13.64815,1
2564,10480,0,"Via Roma, 43",SANT'ANDREA DEL GARIGLIANO SNC,-,3040,60066,SANT'ANDREA DEL GARIGLIANO,-,60,FR,FROSINONE,120,LAZIO,2005-01-01T00:00:00,31/08/2010,Ordinaria,1,41.36707,13.84109,1
2565,10480,0,"Via Roma, 43",SANT'ANDREA DEL GARIGLIANO SNC,02535020602,3040,60066,SANT'ANDREA DEL GARIGLIANO,-,60,FR,FROSINONE,120,LAZIO,2010-01-09T00:00:00,-,Ordinaria,1,41.36707,13.84109,1
2566,10481,0,"Via Tartaralta, 25",MORELLI SNC,02227290604,3012,60006,ANAGNI,-,60,FR,FROSINONE,120,LAZIO,2015-01-03T00:00:00,-,Ordinaria,1,41.74472,13.15269,1
2567,10481,0,"Via Tartaralta, 25",MORELLI FABIANO,02227290604,3012,60006,ANAGNI,-,60,FR,FROSINONE,120,LAZIO,2005-01-01T00:00:00,28/02/2015,Ordinaria,1,41.74472,13.15269,1
2568,10482,0,"Corso Tulliano, 3",BATTILORO TEODORICO,02267940605,3033,60010,ARPINO,-,60,FR,FROSINONE,120,LAZIO,2005-01-01T00:00:00,-,Ordinaria,1,41.6464,13.62474,1
2569,10483,0,"Via Madonna della Pace, 126",MADONNA DELLA PACE SAS,02276150600,3023,60024,CECCANO,-,60,FR,FROSINONE,120,LAZIO,2010-01-09T00:00:00,-,Ordinaria,1,41.56735,13.33051,1
2570,10483,0,"Via Madonna della Pace, 126",MADONNA DELLA PACE SAS,-,3023,60024,CECCANO,-,60,FR,FROSINONE,120,LAZIO,2005-01-01T00:00:00,31/08/2010,Ordinaria,1,41.56735,13.33051,1
2571,10484,0,"Via del Golf, 12",DUE PINI DR.SSA GALLI MARIA ROSARIA,09930290581,194,58091,ROMA,-,58,RM,ROMA,120,LAZIO,2005-01-01T00:00:00,31/12/2007,Ordinaria,1,41.94408,12.46198,1
2572,10484,0,"Via del Golf, 12",DUE PINI DR.SSA GALLI MARIA ROSARIA,07378321009,194,58091,ROMA,-,58,RM,ROMA,120,LAZIO,2008-01-01T00:00:00,-,Ordinaria,1,41.94408,12.46198,1
2573,10485,0,"Via Casal del Marmo, 368-370",COMUNALE PALMAROLA,07511241007,135,58091,ROMA,-,58,RM,ROMA,120,LAZIO,2005-01-01T00:00:00,31/08/2007,Ordinaria,1,41.92368,12.57115,1
2574,10485,0,"Via Casal del Marmo, 368-370",COMUNALE PALMAROLA,05903241007,135,58091,ROMA,-,58,RM,ROMA,120,LAZIO,2007-01-09T00:00:00,-,Ordinaria,1,41.92368,12.57115,1
2575,16413,0,"Via Vicenza, 21G",CAPPUCCINI,-,1100,56059,VITERBO,-,56,VT,VITERBO,120,LAZIO,2005-01-01T00:00:00,31/03/2010,Ordinaria,1,42.41982,12.11286,1
2576,16413,0,"Via Vicenza, 40/A",DEI CAPPUCCINI,01207500560,1100,56059,VITERBO,-,56,VT,VITERBO,120,LAZIO,2015-01-04T00:00:00,-,Ordinaria,1,42.41982,12.11286,1
2577,16413,0,"Via Vicenza, 40/A",CAPPUCCINI,01207500560,1100,56059,VITERBO,-,56,VT,VITERBO,120,LAZIO,2013-01-03T00:00:00,31/03/2015,Ordinaria,1,42.41982,12.11286,1
2578,16413,0,"Via Vicenza, 21G",CAPPUCCINI,01207500560,1100,56059,VITERBO,-,56,VT,VITERBO,120,LAZIO,2010-01-04T00:00:00,28/02/2013,Ordinaria,1,42.41982,12.11286,1
2579,16414,0,"Piazza Giuseppe Verdi, 1/a",MONTALBOLDI SNC,00838140564,1100,56059,VITERBO,-,56,VT,VITERBO,120,LAZIO,2005-01-01T00:00:00,-,Ordinaria,1,42.4207,12.10799,1
2580,16421,0,Via XXIV Maggio,DISPENSARIO MIRI SEYED JAVAD,-,20,58014,CAMERATA NUOVA,-,58,RM,ROMA,120,LAZIO,2011-01-05T00:00:00,-,Dispensario,3,41.98948,13.15748,1
2581,16477,0,"VIALE RONALDO VIGNALI, 66",COM.LE  FARMACAP BRUNO PELIZZI,05903241007,173,58091,ROMA,-,58,RM,ROMA,120,LAZIO,2007-01-09T00:00:00,-,Ordinaria,1,41.90151,12.46077,1
2582,16477,0,"VIALE RONALDO VIGNALI, 66",COM.LE  FARMACAP BRUNO PELIZZI,05741660582,173,58091,ROMA,-,58,RM,ROMA,120,LAZIO,2005-01-01T00:00:00,31/08/2007,Ordinaria,1,41.90151,12.46077,1
2583,16576,0,"Via dei Faggi, 1",ESA SRL - SOCIETA' UNIPERSONALE DEL COMUNE DI ANGULLARA SABAZIA,02120471004,61,58005,ANGUILLARA SABAZIA,-,58,RM,ROMA,120,LAZIO,2005-01-01T00:00:00,28/02/2013,Ordinaria,1,42.02338,12.23357,1
2584,16576,0,"Via dei Faggi, 1",BEVILACQUA DOTT. CARLO MARIA,12139471002,61,58005,ANGUILLARA SABAZIA,-,58,RM,ROMA,120,LAZIO,2013-01-03T00:00:00,-,Ordinaria,1,42.02338,12.23357,1
2585,16596,0,"Via del Pavone, 52",PANETTA DR. ANTONIO,12451621002,63,58015,CAMPAGNANO DI ROMA,-,58,RM,ROMA,120,LAZIO,2015-01-05T00:00:00,-,Ordinaria,1,42.14073,12.38322,1
2586,16596,0,"Piazza Cesare Leonelli, 19",PANETTA DR. ANTONIO,12451621002,63,58015,CAMPAGNANO DI ROMA,-,58,RM,ROMA,120,LAZIO,2005-01-01T00:00:00,30/04/2015,Ordinaria,1,42.14073,12.38322,1
2587,16696,0,"Via Francesco Gianelli, snc",PHARMANEPI SRL,01687200566,1036,56039,NEPI,-,56,VT,VITERBO,120,LAZIO,2005-01-01T00:00:00,-,Ordinaria,1,42.2232,12.33272,1
2588,16737,0,"VIA STAZIONE, 4",STAZIONE SPA,02381400601,3013,60033,FERENTINO,-,60,FR,FROSINONE,120,LAZIO,2010-01-06T00:00:00,-,Ordinaria,1,41.69474,13.24833,1
2589,16737,0,VIA STAZIONE,STAZIONE SPA,02112880600,3013,60033,FERENTINO,-,60,FR,FROSINONE,120,LAZIO,2005-01-01T00:00:00,31/05/2010,Ordinaria,1,41.69474,13.24833,1
2590,16739,0,"Via Vittorio Alfieri, 65",COMUNALE CEPRANO,00613310606,3024,60025,CEPRANO,-,60,FR,FROSINONE,120,LAZIO,2005-01-01T00:00:00,-,Ordinaria,1,41.54672,13.49806,1
2591,16743,0,"Via A. De Gasperi, 68",AGROVERDE FARMA SRL COMUNALE,02007020593,4011,59001,APRILIA,-,59,LT,LATINA,120,LAZIO,2005-01-01T00:00:00,-,Ordinaria,1,41.5942,12.64858,1
2592,16758,0,"VIA LA CONA,  1","FARM. COMUNALE PALIANO ""AMEA""",-,3018,60046,PALIANO,-,60,FR,FROSINONE,120,LAZIO,2005-01-01T00:00:00,-,Ordinaria,1,41.78468,13.05229,1
2593,16759,0,"Via Sordella, 15",FARMACIA COMUNALE,02112880600,3044,60026,CERVARO,-,60,FR,FROSINONE,120,LAZIO,2005-01-01T00:00:00,-,Ordinaria,1,41.48112,13.90511,1
2594,16760,0,"VIA STAZIONE SUPINO,112",COMUNALE N.2 FERENTINO STAZIONE,00229230602,3013,60033,FERENTINO,-,60,FR,FROSINONE,120,LAZIO,2005-01-01T00:00:00,-,Ordinaria,1,41.69474,13.24833,1
2595,16770,0,"Via Casilina km 27,7",COMUNALE SAN CESAREO,-,30,58119,SAN CESAREO,-,58,RM,ROMA,120,LAZIO,2005-01-01T00:00:00,30/06/2007,Ordinaria,1,41.81822,12.81601,1
2596,16770,0,"Via Casilina, 65",COMUNALE 8 SAN CESAREO,02315031001,30,58119,SAN CESAREO,-,58,RM,ROMA,120,LAZIO,2007-01-07T00:00:00,-,Ordinaria,1,41.81822,12.81601,1
2597,16771,0,"Lungomare delle Sirene, 404",POMEZIA SERVIZI SPA - COMUNALE 5,-,40,58079,POMEZIA,TORVAIANICA,58,RM,ROMA,120,LAZIO,2013-01-04T00:00:00,-,Ordinaria,1,41.66282,12.50551,1
2598,16771,0,"Lungomare delle Sirene, 404",COMUNALE N.5 POMEZIA DR.SSA PIAZZA DANIELA,-,40,58079,POMEZIA,TORVAIANICA,58,RM,ROMA,120,LAZIO,2005-01-01T00:00:00,31/03/2013,Ordinaria,1,41.66282,12.50551,1
2599,16772,0,"Via Tiberina, 2/D",COMUNALE CASTELNUOVO DI PORTO,-,60,58024,CASTELNUOVO DI PORTO,-,58,RM,ROMA,120,LAZIO,2005-01-01T00:00:00,-,Ordinaria,1,42.09424,12.56579,1
2600,16773,0,"Via Bari, 72 Ang. Via Suor M.T. Spinelli",COMUNALE N.7 LADISPOLI,-,55,58116,LADISPOLI,-,58,RM,ROMA,120,LAZIO,2005-01-01T00:00:00,-,Ordinaria,1,41.95433,12.09879,1
2601,16774,0,"Via Antonio Mantegna, 1",COMUNALE 9 ZAGAROLO,02315031001,39,58114,ZAGAROLO,-,58,RM,ROMA,120,LAZIO,2007-01-07T00:00:00,-,Ordinaria,1,41.85383,12.79459,1
2602,16774,0,"Via Antonio Mantegna, 1",COMUNALE ZAGAROLO,00201970233,39,58114,ZAGAROLO,-,58,RM,ROMA,120,LAZIO,2005-01-01T00:00:00,30/06/2007,Ordinaria,1,41.85383,12.79459,1
2603,16954,0,"Corso Umberto I, 75",NOVIELLO,01789830609,3010,60002,ACUTO,-,60,FR,FROSINONE,120,LAZIO,2013-01-03T00:00:00,-,Ordinaria,1,41.79192,13.17184,1
2604,16954,0,"Via Garibaldi, 44/b",NOVIELLO,-,3010,60002,ACUTO,-,60,FR,FROSINONE,120,LAZIO,2005-01-01T00:00:00,31/08/2010,Ordinaria,1,41.79192,13.17184,1
2605,16954,0,"Via Garibaldi, 44/b",NOVIELLO,01789830609,3010,60002,ACUTO,-,60,FR,FROSINONE,120,LAZIO,2010-01-09T00:00:00,28/02/2013,Ordinaria,1,41.79192,13.17184,1
2606,16968,0,"Via Quattrucci, 15-17",PA.GA. SNC DEI DOTTORI PACE NINI' MIRELLA E GAGLIANO LUIGI,-,46,58046,GROTTAFERRATA,-,58,RM,ROMA,120,LAZIO,2013-01-03T00:00:00,-,Ordinaria,1,41.78245,12.68357,1
2607,16968,0,"Via Quattrucci, 15-17",COMUNALE N.2 GROTTAFERRATA - PRATONE,-,46,58046,GROTTAFERRATA,-,58,RM,ROMA,120,LAZIO,2005-01-01T00:00:00,28/02/2013,Ordinaria,1,41.78245,12.68357,1
2608,16981,0,"Piazza del Mercato, 15",BARRILE CONCETTA,07559821009,20,58109,VALLINFREDA,-,58,RM,ROMA,120,LAZIO,2005-01-01T00:00:00,-,Ordinaria,1,42.08428,12.99661,1
2609,16990,0,"Via XXIV Maggio, 18",EREDI DI TOCCO FRANCESCO,00144430717,3037,60056,PONTECORVO,-,60,FR,FROSINONE,120,LAZIO,2005-01-01T00:00:00,30/06/2007,Ordinaria,1,41.44817,13.64499,1
2610,16990,0,"Via San Giovanni Battista, snc",SAN GIOVANNI BATTISTA,02188910604,3037,60056,PONTECORVO,-,60,FR,FROSINONE,120,LAZIO,2011-01-08T00:00:00,-,Ordinaria,1,41.44817,13.64499,1
2611,16990,0,"Via XXIV Maggio, 18",EREDI DI TOCCO FRANCESCO,-,3037,60056,PONTECORVO,-,60,FR,FROSINONE,120,LAZIO,2007-01-07T00:00:00,30/09/2010,Ordinaria,1,41.44817,13.64499,1
2612,16990,0,"Via San Giovanni Battista, snc",EREDI DI TOCCO FRANCESCO,00122180607,3037,60056,PONTECORVO,-,60,FR,FROSINONE,120,LAZIO,2010-01-10T00:00:00,31/07/2011,Ordinaria,1,41.44817,13.64499,1
2613,17027,0,VIA Martiri delle fosse Reatine,COMUNALE BELLA NAPOLI,00852040575,2100,57059,RIETI,-,57,RI,RIETI,120,LAZIO,2009-01-06T00:00:00,-,Ordinaria,1,42.40704,12.85139,1
2614,17027,0,VIA TORRETTA 5 LOC. 4 STRADE,COMUNALE BELLA NAPOLI,-,2100,57059,RIETI,-,57,RI,RIETI,120,LAZIO,2005-01-01T00:00:00,31/05/2009,Ordinaria,1,42.40704,12.85139,1
2615,17028,0,"Via Don Mario D'Aquilio, snc",COMUNALE BELLA NAPOLI,-,2100,57016,CITTADUCALE,SANTA RUFINA,57,RI,RIETI,120,LAZIO,2005-01-01T00:00:00,-,Ordinaria,1,42.38851,12.95161,1
2616,17030,0,Via Maremmana Superiore snc,COMUNALE OLEVANO ROMANO 2,-,35,58073,OLEVANO ROMANO,-,58,RM,ROMA,120,LAZIO,2005-01-01T00:00:00,30/06/2007,Ordinaria,1,41.86062,13.03309,1
2617,17030,0,"Via Maremmana Superiore, snc",COMUNALE 10 OLEVANO ROMANO,02315031001,35,58073,OLEVANO ROMANO,-,58,RM,ROMA,120,LAZIO,2007-01-07T00:00:00,-,Ordinaria,1,41.86062,13.03309,1
2618,17031,0,"VIA NETTUNENSE KM. 4,800",COMUNALE N.7 QUATTROSTRADE,02315031001,40,58022,CASTEL GANDOLFO,PAVONA,58,RM,ROMA,120,LAZIO,2005-01-01T00:00:00,28/02/2013,Ordinaria,1,41.74751,12.65033,1
2619,17031,0,"VIA NETTUNENSE KM. 4,800",ASP SPA - COMUNALE  QUATTROSTRADE,02315031001,40,58022,CASTEL GANDOLFO,PAVONA,58,RM,ROMA,120,LAZIO,2013-01-03T00:00:00,-,Ordinaria,1,41.74751,12.65033,1
2620,17056,0,"Via Sopportico, 10",CEDRONE PIETRO,-,3030,60017,CASALATTICO,-,60,FR,FROSINONE,120,LAZIO,2005-01-01T00:00:00,31/08/2010,Ordinaria,1,41.60438,13.72755,1
2621,17056,0,"Via Sopportico, 10",CEDRONE PIETRO,02327020604,3030,60017,CASALATTICO,-,60,FR,FROSINONE,120,LAZIO,2010-01-09T00:00:00,-,Ordinaria,1,41.60438,13.72755,1
2622,17098,0,"PIAZZA CAMPO GRAZIANO, 37",COMUNALE LA QUERCIA,01733690562,1030,56059,VITERBO,LA QUERCIA,56,VT,VITERBO,120,LAZIO,2005-01-01T00:00:00,28/02/2013,Ordinaria,1,42.43017,12.12764,1
2623,17098,0,"PIAZZA CAMPO GRAZIANO, 37",FRANCIGENA SRL -COMUNALE LA QUERCIA,01733690562,1030,56059,VITERBO,LA QUERCIA,56,VT,VITERBO,120,LAZIO,2013-01-03T00:00:00,-,Ordinaria,1,42.43017,12.12764,1
2624,17099,0,"Piazza Gramsci, 4",COMUNALE BORGO - MONTELIBRETTI,05843451005,10,58063,MONTELIBRETTI,-,58,RM,ROMA,120,LAZIO,2005-01-01T00:00:00,-,Ordinaria,1,42.15294,12.67896,1
2625,17125,0,"Via Terni, 23",SASSACCI DELLA DR.SSA ANNA MARIA VERSACE,08000651003,1033,56021,CIVITA CASTELLANA,-,56,VT,VITERBO,120,LAZIO,2005-01-01T00:00:00,-,Ordinaria,1,42.30207,12.43846,1
2626,17125,0,"Via Terni, 23",SASSACCI DELLA DR.SSA ANNA MARIA VERSACE,-,1033,56021,CIVITA CASTELLANA,-,56,VT,VITERBO,120,LAZIO,2007-01-07T00:00:00,31/08/2010,Ordinaria,1,42.30207,12.43846,1
2627,17186,0,"Via Costaroni, 63",COMUNALE MONTEROTONDO N.6,-,60,58081,RIANO,-,58,RM,ROMA,120,LAZIO,2005-01-01T00:00:00,-,Ordinaria,1,42.08494,12.54856,1
2628,17196,0,"Piazza Europa, 53",COMUNALE VETRALLA SANITAS SRL,01785730563,1010,56057,VETRALLA,Tre Croci,56,VT,VITERBO,120,LAZIO,2005-01-01T00:00:00,-,Ordinaria,1,42.3124,12.02584,1
2629,17216,0,"Via Fontana Unica, 90",DELLA STAZIONE,00070700604,3100,60038,FROSINONE,-,60,FR,FROSINONE,120,LAZIO,2015-01-01T00:00:00,-,Ordinaria,1,41.62727,13.33013,1
2630,17216,0,"Via Don Giovanni Minzoni, 45",FARMACIA SACRA FAMIGLIA,00070700604,3100,60038,FROSINONE,-,60,FR,FROSINONE,120,LAZIO,2005-01-01T00:00:00,31/03/2013,Ordinaria,1,41.62727,13.33013,1
2631,17216,0,"Via Don Giovanni Minzoni, 68/70",DELLA STAZIONE,00070700604,3100,60038,FROSINONE,-,60,FR,FROSINONE,120,LAZIO,2013-01-04T00:00:00,31/12/2014,Ordinaria,1,41.62727,13.33013,1
2632,17224,0,"Via di Torrevecchia, 555-557",COM.LE FARMACAP PIETRO BEMBO,05798621008,168,58091,ROMA,-,58,RM,ROMA,120,LAZIO,2005-01-01T00:00:00,31/08/2007,Ordinaria,1,41.92491,12.4139,1
2633,17224,0,"Via di Torrevecchia, 555-557",COM.LE FARMACAP PIETRO BEMBO,05903241007,168,58091,ROMA,-,58,RM,ROMA,120,LAZIO,2007-01-09T00:00:00,-,Ordinaria,1,41.92491,12.4139,1
2634,17227,0,"Corso Volsci, 47",SAVOIA GIANNI,01562910602,3039,60074,SORA,-,60,FR,FROSINONE,120,LAZIO,2005-01-01T00:00:00,-,Ordinaria,1,41.72051,13.61427,1
2635,17242,0,"Via Piave, 20",FISCHETTI ANTONIO & C. SNC,02615640600,3030,60060,ROCCASECCA,ROCCASECCA SCALO,60,FR,FROSINONE,120,LAZIO,2010-01-04T00:00:00,-,Ordinaria,1,41.53388,13.65106,1
2636,17242,0,"Via Piave, 58",FISCHETTI ANTONIO,00141610600,3030,60060,ROCCASECCA,ROCCASECCA SCALO,60,FR,FROSINONE,120,LAZIO,2005-01-01T00:00:00,31/03/2010,Ordinaria,1,41.53388,13.65106,1
2637,17252,0,"Via Ottone Fattiboni, 206",COMUNALE FARMACAP NUOVO DRAGONCELLO,05903241007,126,58091,ROMA,ACILIA,58,RM,ROMA,120,LAZIO,2007-01-09T00:00:00,-,Ordinaria,1,41.78605,12.34672,1
2638,17252,0,"Via Ottone Fattiboni, 206",COMUNALE FARMACAP NUOVO DRAGONCELLO,-,126,58091,ROMA,-,58,RM,ROMA,120,LAZIO,2005-01-01T00:00:00,31/08/2007,Ordinaria,1,41.78605,12.34672,1
2639,17253,0,"Viale G. Cervi, 14/30",COMUNALE FARMACAP BORGATA FIDENE,05903241007,139,58091,ROMA,-,58,RM,ROMA,120,LAZIO,2007-01-09T00:00:00,-,Ordinaria,1,41.92368,12.57115,1
2640,17253,0,"Viale G. Cervi, 14/30",COMUNALE FARMACAP BORGATA FIDENE,06649171003,139,58091,ROMA,-,58,RM,ROMA,120,LAZIO,2005-01-01T00:00:00,31/08/2007,Ordinaria,1,41.92368,12.57115,1
2641,17254,0,"Piazza Valchera, 6",SORDA FRANCESCO SAVERIO,-,3100,60038,FROSINONE,-,60,FR,FROSINONE,120,LAZIO,2005-01-01T00:00:00,31/12/2007,Ordinaria,1,41.63455,13.33137,1
2642,17254,0,"Piazza Valchera, 6",SORDA FRANCESCO SAVERIO,02293510604,3100,60038,FROSINONE,-,60,FR,FROSINONE,120,LAZIO,2008-01-01T00:00:00,-,Ordinaria,1,41.63455,13.33137,1
2643,17255,0,"Via dei Laghi, 55",ASP SPA - COMUNALE 5,02315031001,43,58118,CIAMPINO,-,58,RM,ROMA,120,LAZIO,2013-01-04T00:00:00,-,Ordinaria,1,41.78809,12.6105,1
2644,17255,0,"Via dei Laghi, 55",COMUNALE 5 CIAMPINO,02315031001,43,58118,CIAMPINO,-,58,RM,ROMA,120,LAZIO,2007-01-07T00:00:00,31/03/2013,Ordinaria,1,41.78809,12.6105,1
2645,17255,0,"Via dei Laghi, 55",COMUNALE 5 CIAMPINO,-,43,58118,CIAMPINO,-,58,RM,ROMA,120,LAZIO,2005-01-01T00:00:00,30/06/2007,Ordinaria,1,41.78809,12.6105,1
2646,17256,0,"Via dell'Acqua Cetosa, 72",COMUNALE 8 CIAMPINO,02315031001,43,58118,CIAMPINO,-,58,RM,ROMA,120,LAZIO,2007-01-07T00:00:00,-,Ordinaria,1,41.79433,12.61516,1
2647,17256,0,"Via dell'Acqua Cetosa, 72",COMUNALE 8 CIAMPINO,-,43,58118,CIAMPINO,-,58,RM,ROMA,120,LAZIO,2005-01-01T00:00:00,30/06/2007,Ordinaria,1,41.79433,12.61516,1
2648,17257,0,"Via Marino Ghetaldi, 24",COMUNALE FARMACAP DIVISIONE TORINO,05903241007,143,58091,ROMA,-,58,RM,ROMA,120,LAZIO,2013-01-04T00:00:00,-,Ordinaria,1,41.81816,12.48929,1
2649,17257,0,"Via Marino Ghetaldi, 30",COMUNALE FARMACAP DIVISIONE TORINO,06826050582,143,58091,ROMA,-,58,RM,ROMA,120,LAZIO,2005-01-01T00:00:00,31/08/2007,Ordinaria,1,41.81816,12.48929,1
2650,17257,0,"Via Marino Ghetaldi, 30",COMUNALE FARMACAP DIVISIONE TORINO,05903241007,143,58091,ROMA,-,58,RM,ROMA,120,LAZIO,2007-01-09T00:00:00,31/03/2013,Ordinaria,1,41.81816,12.48929,1
2651,17258,0,"Via Gasperina, 232/236",COMUNALE FARMACAP GASPERINA DR. NATALE ZADINI,05903241007,173,58091,ROMA,-,58,RM,ROMA,120,LAZIO,2013-01-04T00:00:00,-,Ordinaria,1,41.8331,12.59996,1
2652,17258,0,"Via Gasperina, 199",COMUNALE FARMACAP GASPERINA DR. NATALE ZADINI,05903241007,173,58091,ROMA,-,58,RM,ROMA,120,LAZIO,2005-01-01T00:00:00,31/03/2013,Ordinaria,1,41.8331,12.59996,1
2653,17260,0,"Viale Cortina D'Ampezzo, 317",COMUNALE FARMACAP MARIO FANI,06911510581,135,58091,ROMA,-,58,RM,ROMA,120,LAZIO,2005-01-01T00:00:00,31/08/2007,Ordinaria,1,41.94792,12.44325,1
2654,17260,0,"Viale Cortina D'Ampezzo, 317",COMUNALE FARMACAP MARIO FANI,05903241007,135,58091,ROMA,-,58,RM,ROMA,120,LAZIO,2007-01-09T00:00:00,-,Ordinaria,1,41.94792,12.44325,1
2655,17262,0,"Via Ginosa, 24",FARMACAP - COMUNALE PRATO FIORITO - PONTE DI NONA,05903241007,132,58091,ROMA,-,58,RM,ROMA,120,LAZIO,2007-01-09T00:00:00,31/03/2013,Ordinaria,1,41.88602,12.66917,1
2656,17262,0,"Via Ginosa, 24",FARMACAP,-,132,58091,ROMA,-,58,RM,ROMA,120,LAZIO,2005-01-01T00:00:00,31/08/2007,Ordinaria,1,41.88602,12.66917,1
2657,17262,0,"Via Andria, 78/80",FARMACAP - COMUNALE PRATO FIORITO - PONTE DI NONA,05903241007,132,58091,ROMA,-,58,RM,ROMA,120,LAZIO,2013-01-04T00:00:00,-,Ordinaria,1,41.88602,12.66917,1
2658,17268,0,Via San Giuseppe,MASTROMATTEI PIETRO,-,3036,60043,ISOLA DEL LIRI,-,60,FR,FROSINONE,120,LAZIO,2005-01-01T00:00:00,30/09/2009,Ordinaria,1,41.68622,13.5823,1
2659,17268,0,"Via Roma, 15",S.ANNA DR. MASTROMATTEI,01597400603,3036,60043,ISOLA DEL LIRI,-,60,FR,FROSINONE,120,LAZIO,2009-01-10T00:00:00,-,Ordinaria,1,41.68622,13.5823,1
2660,17269,0,"Via di Tor San Giovanni, 167-169",COMUNALE FARMACAP LA CINQUINA,06871950587,139,58091,ROMA,-,58,RM,ROMA,120,LAZIO,2005-01-01T00:00:00,31/08/2007,Ordinaria,1,41.98001,12.5611,1
2661,17269,0,"Via di Tor San Giovanni, 167-169",COMUNALE FARMACAP LA CINQUINA,05903241007,139,58091,ROMA,-,58,RM,ROMA,120,LAZIO,2007-01-09T00:00:00,-,Ordinaria,1,41.98001,12.5611,1
2662,17272,0,"Via Casilina, 170",SANT'AGATA SPA,-,3013,60033,FERENTINO,-,60,FR,FROSINONE,120,LAZIO,2005-01-01T00:00:00,31/08/2010,Ordinaria,1,41.70092,13.22953,1
2663,17272,0,"Via Casilina, 170",SANT'AGATA SPA,02381400601,3013,60033,FERENTINO,-,60,FR,FROSINONE,120,LAZIO,2010-01-09T00:00:00,-,Ordinaria,1,41.70092,13.22953,1
2664,17298,0,"Via Cesare Maccari, 312",SANSONI GERVASIO,00861790582,125,58091,ROMA,ACILIA,58,RM,ROMA,120,LAZIO,2007-01-04T00:00:00,30/06/2007,Ordinaria,1,41.77428,12.35769,1
2665,17298,0,"Via Cesare Maccari, 312",SANSONI EREDI DEL DOTT. SANSONI GERVASIO,09258241000,125,58091,ROMA,ACILIA,58,RM,ROMA,120,LAZIO,2007-01-07T00:00:00,31/03/2013,Ordinaria,1,41.77428,12.35769,1
2666,17298,0,"Via Cesare Maccari, 312",AXA MADONNETTA SAS DEL DR. RICCARDO SANSONI,09258241000,125,58091,ROMA,ACILIA,58,RM,ROMA,120,LAZIO,2013-01-04T00:00:00,-,Ordinaria,1,41.77428,12.35769,1
2667,17314,0,"Via Petralia Sottana, 55",COMUNALE GRIMALDI,07293750589,132,58091,ROMA,-,58,RM,ROMA,120,LAZIO,2007-01-04T00:00:00,31/08/2007,Ordinaria,1,41.92368,12.57115,1
2668,17314,0,"Via Petralia Sottana, 55-57",COMUNALE BORGHESIANA III,05903241007,132,58091,ROMA,-,58,RM,ROMA,120,LAZIO,2007-01-09T00:00:00,-,Ordinaria,1,41.92368,12.57115,1
2669,17318,0,"Via delle Azzorre, 302-304",FARMACIA AZZORRE Dr. PASANISI GIANLUCA,06659531005,121,58091,ROMA,LIDO DI OSTIA,58,RM,ROMA,120,LAZIO,2007-01-04T00:00:00,-,Ordinaria,1,41.74,12.26641,1
2670,17322,0,"Via Giacomo Caneva, 15/17",FARMACAP - COM.LE ANNUNZIATELLA II,06451830589,142,58091,ROMA,-,58,RM,ROMA,120,LAZIO,2007-01-04T00:00:00,31/08/2007,Ordinaria,1,41.92368,12.57115,1
2671,17322,0,"Via Giacomo Caneva, 15/17",FARMACAP - COM.LE ANNUNZIATELLA II,05903241007,142,58091,ROMA,-,58,RM,ROMA,120,LAZIO,2007-01-09T00:00:00,-,Ordinaria,1,41.92368,12.57115,1
2672,17323,0,Via Martoglio - Ang. Via Testoni,RATUIS ANNAMARIA,00158950808,4011,59001,APRILIA,-,59,LT,LATINA,120,LAZIO,2010-01-10T00:00:00,28/02/2013,Ordinaria,1,41.5944,12.65603,1
2673,17323,0,Via Salvatore di Giacomo,RATUIS ANNAMARIA,00158950808,4011,59001,APRILIA,-,59,LT,LATINA,120,LAZIO,2013-01-03T00:00:00,-,Ordinaria,1,41.5944,12.65603,1
2674,17323,0,Via Martoglio - Ang. Via Testoni,RATUIS ANNAMARIA,-,4011,59001,APRILIA,-,59,LT,LATINA,120,LAZIO,2005-01-01T00:00:00,30/09/2010,Ordinaria,1,41.5944,12.65603,1
2675,17329,0,"Via Furbara sasso, 75",MULTISERVIZI CAERITE FARMACIA N. 4,-,52,58029,CERVETERI,-,58,RM,ROMA,120,LAZIO,2005-01-01T00:00:00,31/12/2007,Ordinaria,1,42.01,12.02364,1
2676,17329,0,"Via Furbara sasso, 75",MULTISERVIZI CAERITE FARMACIA N. 4,07105121003,52,58029,CERVETERI,-,58,RM,ROMA,120,LAZIO,2008-01-01T00:00:00,-,Ordinaria,1,42.01,12.02364,1
2677,17336,0,"Via La sassa, snc",SOCIOSANITARIA SONNINESE SRL,02329330597,4010,59029,SONNINO,SONNINO SCALO,59,LT,LATINA,120,LAZIO,2010-01-09T00:00:00,-,Ordinaria,1,41.40101,13.23397,1
2678,17336,0,"Via La sassa, snc",SOCIOSANITARIA SONNINESE SRL,-,4010,59029,SONNINO,SONNINO SCALO,59,LT,LATINA,120,LAZIO,2005-01-01T00:00:00,31/08/2010,Ordinaria,1,41.40101,13.23397,1
2679,17354,0,"Via delle Canarie, 40-42-44 Ang. Via Baleari, 74",COMUNALE FARMACAP DELLE ANTILLE,-,121,58091,ROMA,LIDO DI OSTIA,58,RM,ROMA,120,LAZIO,2005-01-01T00:00:00,31/08/2007,Ordinaria,1,41.92368,12.57115,1
2680,17354,0,"Via delle Canarie, 40-42-44 Ang. Via Baleari, 74",COMUNALE FARMACAP DELLE ANTILLE,05903241007,121,58091,ROMA,LIDO DI OSTIA,58,RM,ROMA,120,LAZIO,2007-01-09T00:00:00,-,Ordinaria,1,41.92368,12.57115,1
2681,17524,0,"Via Vittorio De Sica, 32",OLGIATA SNC Dr.i Picchioni Massimo e Paolo,08528381000,123,58091,ROMA,-,58,RM,ROMA,120,LAZIO,2007-01-04T00:00:00,-,Ordinaria,1,42.02144,12.37474,1
2682,17835,0,"Corso Regina Margherita, 50",DISPENSARIO FARMACEUTICO,-,1020,56044,PROCENO,-,56,VT,VITERBO,120,LAZIO,2007-01-07T00:00:00,-,Dispensario,3,42.78421,11.80251,1
2683,17836,0,Via DEI GINEPRI 16,BORDI RAFFAELE,00047240577,2017,57059,RIETI,MONTE TERMINILLO,57,RI,RIETI,120,LAZIO,2009-01-09T00:00:00,-,Ordinaria,1,42.40704,12.85139,1
2684,17836,0,Via Covemese,SUCCURSALE DR. BORDI RAFFAELE,-,2017,57059,RIETI,MONTE TERMINILLO,57,RI,RIETI,120,LAZIO,2007-01-07T00:00:00,31/08/2009,Succursale,2,42.40704,12.85139,1
2685,17924,0,Via Firenze snc,COMUNALE DI TERRACINA,-,4019,59032,TERRACINA,-,59,LT,LATINA,120,LAZIO,2006-01-06T00:00:00,31/08/2010,Ordinaria,1,41.31583,13.19094,1
2686,17924,0,"Via Firenze, snc",COMUNALE DI TERRACINA,02160260598,4019,59032,TERRACINA,-,59,LT,LATINA,120,LAZIO,2010-01-09T00:00:00,-,Ordinaria,1,41.31583,13.19094,1
2687,17943,0,"Viale Bruno Buozzi, 58",AZIENDA PLURISERVIZI MONTEROTONDO - COMUNALE 5,-,15,58065,MONTEROTONDO,-,58,RM,ROMA,120,LAZIO,2006-01-06T00:00:00,-,Ordinaria,1,42.05005,12.62312,1
2688,17983,0,"Via Anticoli Corrado, 37/c",VITILLO ANTONIO,09053831005,12,58047,GUIDONIA MONTECELIO,-,58,RM,ROMA,120,LAZIO,2007-01-04T00:00:00,-,Ordinaria,1,41.98134,12.70358,1
2689,17984,0,"Via Oslo, 15",S. GIORGIO Dr.ssa Cardei Barbara,-,144,58091,ROMA,-,58,RM,ROMA,120,LAZIO,2007-01-04T00:00:00,31/12/2007,Ordinaria,1,41.80313,12.3069,1
2690,17984,0,"Via Oslo, 15",S. GIORGIO Dr.ssa Cardei Barbara,09167470583,144,58091,ROMA,-,58,RM,ROMA,120,LAZIO,2008-01-01T00:00:00,31/08/2012,Ordinaria,1,41.80313,12.3069,1
2691,17984,0,"Via Amsterdam, 78/80",S. GIORGIO DR.SSA DE ANGELIS VINCENZA,02717330803,144,58091,ROMA,-,58,RM,ROMA,120,LAZIO,2014-01-10T00:00:00,-,Ordinaria,1,41.80313,12.3069,1
2692,17984,0,"Via Oslo, 15",S. GIORGIO DR.SSA DE ANGELIS VINCENZA,02717330803,144,58091,ROMA,-,58,RM,ROMA,120,LAZIO,2012-01-09T00:00:00,30/09/2014,Ordinaria,1,41.80313,12.3069,1
2693,17990,0,"Via Lucio Lombardo Radice, 38",SAN PIETRO,08861751009,143,58091,ROMA,-,58,RM,ROMA,120,LAZIO,2007-01-04T00:00:00,-,Ordinaria,1,41.79423,12.48673,1
2694,17993,0,"Via Frascati, 193",AVALLONE ALBERTO,09065201007,40,58086,ROCCA DI PAPA,-,58,RM,ROMA,120,LAZIO,2007-01-04T00:00:00,-,Ordinaria,1,41.75357,12.73606,1
2695,17994,0,"Via dei Platani, 17 - 17/A",MANTONI PANIMOLLE DELLA DR.SSA MANTONI PAOLA E DEL DR.SERGIO PANIMOLLE,10880221006,13,58122,FONTE NUOVA,-,58,RM,ROMA,120,LAZIO,2010-01-06T00:00:00,-,Ordinaria,1,42.00274,12.63576,1
2696,17994,0,"Via dei Platani, 17 - 17/A",MANTONI PAOLA,09043041004,13,58122,FONTE NUOVA,-,58,RM,ROMA,120,LAZIO,2007-01-04T00:00:00,31/05/2010,Ordinaria,1,42.00274,12.63576,1
2697,18001,0,"Via Piemonte, 18",COMUNALE SORA SPA,-,3039,60074,SORA,-,60,FR,FROSINONE,120,LAZIO,2007-01-04T00:00:00,-,Ordinaria,1,41.71707,13.61382,1
2698,18013,0,"Via Landi, 57",PIRILLO MARIA CRISTINA,-,45,58043,GENZANO DI ROMA,-,58,RM,ROMA,120,LAZIO,2007-01-07T00:00:00,31/08/2010,Ordinaria,1,41.65873,12.72231,1
2699,18013,0,"Via Landi, 57",PIRILLO MARIA CRISTINA,04008360960,45,58043,GENZANO DI ROMA,-,58,RM,ROMA,120,LAZIO,2007-01-04T00:00:00,-,Ordinaria,1,41.65873,12.72231,1
2700,18019,0,"Via Parigi, 39",ARMENIO FAUSTO,-,55,58116,LADISPOLI,-,58,RM,ROMA,120,LAZIO,2007-01-04T00:00:00,30/06/2007,Ordinaria,1,41.95954,12.08719,1
2701,18019,0,"Via Parigi, 39",ARMENIO FAUSTO,09141751009,55,58116,LADISPOLI,-,58,RM,ROMA,120,LAZIO,2007-01-07T00:00:00,-,Ordinaria,1,41.95954,12.08719,1
2702,18034,0,"Via San Giacomo, 70",FIERAMONTI,-,48,58072,NETTUNO,-,58,RM,ROMA,120,LAZIO,2007-01-07T00:00:00,-,Ordinaria,1,41.46818,12.65088,1
2703,18051,0,"Via Botticelli, 32/40",FARMACIA EUROPA,-,3043,60019,CASSINO,-,60,FR,FROSINONE,120,LAZIO,2007-01-07T00:00:00,31/05/2008,Ordinaria,1,41.49352,13.83792,1
2704,18053,0,"Via tiberina, 33",LAPUCCI LORENZINA,-,65,58036,FIANO ROMANO,-,58,RM,ROMA,120,LAZIO,2007-01-07T00:00:00,31/07/2007,Ordinaria,1,42.15199,12.59261,1
2705,18053,0,"Via tiberina, 33",LAPUCCI LORENZINA,06319231004,65,58036,FIANO ROMANO,-,58,RM,ROMA,120,LAZIO,2007-01-08T00:00:00,-,Ordinaria,1,42.15199,12.59261,1
2706,18056,0,"Via Milano, 2",FERONIA SAS DEL DR. MARIO COVIELLO E C.,12142431001,65,58036,FIANO ROMANO,-,58,RM,ROMA,120,LAZIO,2013-01-02T00:00:00,-,Ordinaria,1,42.17026,12.59225,1
2707,18056,0,"Via Di Procoion, 55/A",COMUNALE N. 2 FIANO ROMANO,-,65,58036,FIANO ROMANO,-,58,RM,ROMA,120,LAZIO,2007-01-07T00:00:00,31/07/2007,Ordinaria,1,42.17026,12.59225,1
2708,18056,0,"Via Procoio, 55/A",COMUNALE FIANO 02,00997991005,65,58036,FIANO ROMANO,-,58,RM,ROMA,120,LAZIO,2007-01-08T00:00:00,31/01/2013,Ordinaria,1,42.17026,12.59225,1
2709,18075,0,"LUNGOTEVERE CASTELLO, 2",FARMACIA ASSISTENZIALE A.N.M.I.G.,02114911007,193,58091,ROMA,-,58,RM,ROMA,120,LAZIO,2007-01-07T00:00:00,-,Ordinaria,1,41.90292,12.46988,1
2710,18083,0,"VIA NETTUNENSE KM. 4,800",FARMACIA COMUNALE N. 7,02315031001,40,58102,SEGNI,PAVONANO,58,RM,ROMA,120,LAZIO,2007-01-08T00:00:00,31/10/2007,Ordinaria,1,41.69089,13.01884,1
2711,18103,0,"Via M. Pelagalli, 81",FARMACIA PRATOCAVALIERI,-,52,58029,CERVETERI,-,58,RM,ROMA,120,LAZIO,2007-01-09T00:00:00,31/10/2007,Ordinaria,1,41.99157,12.09142,1
2712,18103,0,"Via Mario Pelagalli, 1",PRATOCAVALIERI DR.SSA TERESA MORABITO,00234580785,52,58029,CERVETERI,-,58,RM,ROMA,120,LAZIO,2007-01-11T00:00:00,-,Ordinaria,1,41.99157,12.09142,1
2713,18115,0,"Largo della Primavera, 16/C",FARMACAP - COM.LE PRIMAVERA,05903241007,171,58091,ROMA,-,58,RM,ROMA,120,LAZIO,2007-01-08T00:00:00,-,Ordinaria,1,41.92368,12.57115,1
2714,18116,0,"Corso della Repubblica, 1",AZIENDA SPECIALE VELLETRI COMUNALE 1,06679251006,49,58111,VELLETRI,-,58,RM,ROMA,120,LAZIO,2007-01-08T00:00:00,-,Ordinaria,1,41.68969,12.77908,1
2715,18123,0,"Via Laurentina, 25/C",RIO VERDE,02486760842,40,58117,ARDEA,-,58,RM,ROMA,120,LAZIO,2007-01-09T00:00:00,-,Ordinaria,1,41.60986,12.53986,1
2716,18141,0,"Via Vecchia di Velletri, 10",CAMPI DI ANNIBALE - FARMACIA COMUNALE,-,40,58086,ROCCA DI PAPA,-,58,RM,ROMA,120,LAZIO,2007-01-11T00:00:00,28/02/2013,Ordinaria,1,41.76644,12.68339,1
2717,18141,0,"Via Vecchia di Velletri, 10",ASP SPA - COMUNALE CAMPI DI ANNIBALE,-,40,58086,ROCCA DI PAPA,-,58,RM,ROMA,120,LAZIO,2013-01-03T00:00:00,-,Ordinaria,1,41.76644,12.68339,1
2718,18143,0,"Via M.Migliarini, 49",DISPENSARIO FARMACAP GREGNA S. ANDREA,05903241007,173,58091,ROMA,-,58,RM,ROMA,120,LAZIO,2007-01-11T00:00:00,-,Dispensario,3,41.82796,12.58761,1
2719,18148,0,via Garibaldi 69/71,FARMACAP MESSI D'ORO,05903241007,156,58091,ROMA,-,58,RM,ROMA,120,LAZIO,2007-01-11T00:00:00,28/02/2013,Ordinaria,1,42.47543,12.87657,1
2720,18148,0,via Galbani 69/71,FARMACAP MESSI D'ORO,05903241007,156,58091,ROMA,-,58,RM,ROMA,120,LAZIO,2013-01-03T00:00:00,-,Ordinaria,1,42.47543,12.87657,1
2721,18154,0,"Via Circonvallazione Appia, 49",COMUNALE 3 VELLETRI,06679251006,49,58111,VELLETRI,-,58,RM,ROMA,120,LAZIO,2008-01-07T00:00:00,28/02/2013,Ordinaria,1,41.66318,12.76837,1
2722,18154,0,"Via Circonvallazione, 49",COMUNALE 3 VELLETRI,-,49,58111,VELLETRI,-,58,RM,ROMA,120,LAZIO,2007-01-12T00:00:00,30/06/2008,Ordinaria,1,41.66318,12.76837,1
2723,18154,0,Via Caranella 80 A/B,COMUNALE 3 VELLETRI,06679251006,49,58111,VELLETRI,-,58,RM,ROMA,120,LAZIO,2013-01-03T00:00:00,-,Ordinaria,1,41.66318,12.76837,1
2724,18167,0,"Piazza dei Caduti, 18",FARMACIA DI CANEPINA,-,1030,56011,CANEPINA,-,56,VT,VITERBO,120,LAZIO,2007-01-12T00:00:00,30/04/2013,Ordinaria,1,42.37954,12.21763,1
2725,18173,0,"Via Pietro Marchisio, 91-97",FARMACAP - COM.LE SANTA MAURA,05903241007,173,58091,ROMA,-,58,RM,ROMA,120,LAZIO,2007-01-12T00:00:00,-,Ordinaria,1,41.8496,12.58915,1
2726,18194,0,"Via Tiburtina, 348",ANGELINI,10873900582,157,58091,ROMA,-,58,RM,ROMA,120,LAZIO,2008-01-01T00:00:00,-,Ordinaria,1,41.93305,12.59934,1
2727,18205,0,"Viale Segni, snc",SAN BARTOLOMEO,09743431000,3043,60019,CASSINO,-,60,FR,FROSINONE,120,LAZIO,2013-01-03T00:00:00,-,Ordinaria,1,41.49086,13.83333,1
2728,18205,0,"Viale Segni, snc",COMUNALE SAN BARTOLOMEO,-,3043,60019,CASSINO,-,60,FR,FROSINONE,120,LAZIO,2008-01-03T00:00:00,31/03/2008,Ordinaria,1,41.49086,13.83333,1
2729,18205,0,"Viale Segni, snc",COMUNALE SAN BARTOLOMEO,09743431000,3043,60019,CASSINO,-,60,FR,FROSINONE,120,LAZIO,2008-01-04T00:00:00,28/02/2013,Ordinaria,1,41.49086,13.83333,1
2730,18217,0,"Piazza di Corte, 6",BURCHERI ROBERTA ILARIA,-,40,58009,ARICCIA,-,58,RM,ROMA,120,LAZIO,2008-01-04T00:00:00,31/08/2008,Ordinaria,1,41.70491,12.66109,1
2731,18217,0,"Piazza di Corte, 6",BURCHERI ROBERTA ILARIA CHIARA,01789850854,40,58009,ARICCIA,-,58,RM,ROMA,120,LAZIO,2008-01-09T00:00:00,-,Ordinaria,1,41.70491,12.66109,1
2732,18226,0,"Viale Egidio Galbani, 69/71",FARMACAP - COM.LE MESSI D'ORO,-,156,58091,ROMA,-,58,RM,ROMA,120,LAZIO,2008-01-05T00:00:00,-,Ordinaria,1,41.93205,12.55937,1
2733,18228,0,"Largo San Lorenzo, 1",TOR SAN LORENZO,09864501003,40,58117,ARDEA,-,58,RM,ROMA,120,LAZIO,2008-01-05T00:00:00,30/06/2012,Ordinaria,1,41.61206,12.55329,1
2734,18228,0,"Via delle Pinete snc (gi Largo San Lorenzo, 1)",FARMACRIMI  TOR SAN LORENZO SAS,11498301008,40,58117,ARDEA,-,58,RM,ROMA,120,LAZIO,2012-01-07T00:00:00,-,Ordinaria,1,41.61206,12.55329,1
2735,18239,0,"Via dei Castelli Romani, 2/1",CORSI RITA,01023630575,40,58079,POMEZIA,-,58,RM,ROMA,120,LAZIO,2013-01-03T00:00:00,-,Ordinaria,1,41.6774,12.49975,1
2736,18239,0,"Via dei Castelli Romani, 2/I",CORSI RITA,01023630575,40,58079,POMEZIA,-,58,RM,ROMA,120,LAZIO,2008-01-05T00:00:00,28/02/2013,Ordinaria,1,41.6774,12.49975,1
2737,18244,0,"Via Licinio Refice, 138",MASTRANGELI,02514940606,3100,60038,FROSINONE,-,60,FR,FROSINONE,120,LAZIO,2008-01-05T00:00:00,-,Ordinaria,1,41.63455,13.33137,1
2738,18248,0,"Via del Palombaro, snc",COMUNALE MONTALTO,-,1014,56035,MONTALTO DI CASTRO,-,56,VT,VITERBO,120,LAZIO,2008-01-06T00:00:00,28/02/2013,Ordinaria,1,42.35157,11.60701,1
2739,18248,0,"Via del Palombaro, 11",COMUNALE MONTALTO DI CASTRO,-,1014,56035,MONTALTO DI CASTRO,MARINA,56,VT,VITERBO,120,LAZIO,2013-01-03T00:00:00,-,Ordinaria,1,42.35157,11.60701,1
2740,18261,0,"Via Valle, 52",CONTI REMO,-,3011,60003,ALATRI,-,60,FR,FROSINONE,120,LAZIO,2008-01-09T00:00:00,-,Ordinaria,1,41.73062,13.3402,1
2741,18273,0,"Viale Nuova Florida, 111",COMUNALE NUOVA FLORIDA,02300511009,40,58117,ARDEA,NUOVA FLORIDA,58,RM,ROMA,120,LAZIO,2008-01-09T00:00:00,28/02/2013,Ordinaria,1,41.61166,12.5112,1
2742,18273,0,"Viale Nuova Flordia, 111",COMUNALE NUOVA FLORIDA,02300511009,40,58117,ARDEA,-,58,RM,ROMA,120,LAZIO,2013-01-03T00:00:00,-,Ordinaria,1,41.61166,12.5112,1
2743,18278,0,"Via Settevene Paolo, 81E/F",ASM CAERITE SPA - COM.LE 5 CERVETERI,-,52,58029,CERVETERI,-,58,RM,ROMA,120,LAZIO,2013-01-03T00:00:00,-,Ordinaria,1,42.00956,12.09569,1
2744,18278,0,"Via Settevene Palo, 81 e/f",FARMACIA 5,-,52,58029,CERVETERI,-,58,RM,ROMA,120,LAZIO,2008-01-09T00:00:00,28/02/2013,Ordinaria,1,42.00956,12.09569,1
2745,18283,0,"Via C.Goldoni, 17",COMUNALE,06905571003,10,58122,FONTE NUOVA,-,58,RM,ROMA,120,LAZIO,2008-01-12T00:00:00,28/02/2013,Ordinaria,1,42.00274,12.63576,1
2746,18283,0,"Via C.Goldoni, 17",COMUNALE TORLUPARA,06905571003,10,58122,FONTE NUOVA,Tor Lupara,58,RM,ROMA,120,LAZIO,2013-01-03T00:00:00,-,Ordinaria,1,42.00274,12.63576,1
2747,18286,0,"Piazza Vittorio Emanuele, 14",FARMARIGNANO,09918751000,68,58082,RIGNANO FLAMINIO,-,58,RM,ROMA,120,LAZIO,2008-01-12T00:00:00,-,Ordinaria,1,42.21001,12.48112,1
2748,18316,0,"Via Palermo, 18/a",COMUNALE 6 CIAMPINO,02315031001,43,58118,CIAMPINO,-,58,RM,ROMA,120,LAZIO,2009-01-03T00:00:00,-,Ordinaria,1,41.79617,12.60938,1
2749,18317,0,"Statale Maremmana, 32",SAN GASPARE DEL BUFALO SRL Dr. Nicotra Francesco Placido,10091791003,10,58056,MARCELLINA,-,58,RM,ROMA,120,LAZIO,2009-01-03T00:00:00,31/03/2013,Ordinaria,1,42.02372,12.80634,1
2750,18317,0,Via Statale Maremmana Inferiore 32,SAN GASPARE DEL BUFALO SRL,10091791003,10,58056,MARCELLINA,-,58,RM,ROMA,120,LAZIO,2013-01-04T00:00:00,-,Ordinaria,1,42.02372,12.80634,1
2751,18329,0,"SS 155, 37",COLLELAVENA DR. ACETO GIUSEPPE,00327530606,3011,60003,ALATRI,-,60,FR,FROSINONE,120,LAZIO,2009-01-03T00:00:00,31/03/2013,Ordinaria,1,41.72711,13.34234,1
2752,18329,0,"Via Collavena, 37",COLLAVENA ACETO GIUSEPPE,00327530606,3011,60003,ALATRI,-,60,FR,FROSINONE,120,LAZIO,2013-01-04T00:00:00,-,Ordinaria,1,41.72711,13.34234,1
2753,18337,0,"Via Quattro Strade, 90/bis",FARMACIA MANDRUCCOLO GIUSEPPE & C. S.A.S.,02570180600,3010,60048,PATRICA,-,60,FR,FROSINONE,120,LAZIO,2009-01-03T00:00:00,-,Ordinaria,1,41.59168,13.24275,1
2754,18357,0,"Via Diego Angeli, 59",FARMACAP - COMUNALE FORTE TIBURTINO,05903241007,159,58091,ROMA,-,58,RM,ROMA,120,LAZIO,2013-01-04T00:00:00,-,Ordinaria,1,42.26152,12.15541,1
2755,18357,0,"Via Diego Angeli, 59/61",COMUNALE FARMACAP FORTE TIBURTINO,05903241007,159,56014,CAPRANICA,-,56,VT,VITERBO,120,LAZIO,2009-01-07T00:00:00,31/03/2013,Ordinaria,1,42.26152,12.15541,1
2756,18360,0,"Viale Kennedy, 42",COMUNALE N. 2,00097020598,4100,59011,LATINA,-,59,LT,LATINA,120,LAZIO,2009-01-07T00:00:00,31/03/2013,Ordinaria,1,41.46635,12.87783,1
2757,18360,0,"Viale Kennedy, 42",COMUNALE LATINA 2,00097020598,4100,59011,LATINA,-,59,LT,LATINA,120,LAZIO,2013-01-04T00:00:00,-,Ordinaria,1,41.46635,12.87783,1
2758,18365,0,"Via Colle Stretto, 4",COMUNALE FARMASABINA AZIENDA SPECIALE,1174561007,18,58075,PALOMBARA SABINA,-,58,RM,ROMA,120,LAZIO,2013-01-02T00:00:00,-,Ordinaria,1,42.09087,12.77462,1
2759,18365,0,"Via Colle Stretto, 4",COMUNALE SAN GIOVANNI BATTISTA,08986361007,18,58075,PALOMBARA SABINA,Stazzano,58,RM,ROMA,120,LAZIO,2009-01-07T00:00:00,31/01/2013,Ordinaria,1,42.09087,12.77462,1
2760,18367,0,"Via Roma, 37",PAOLACCI LUCIANA,-,3046,60062,SAN DONATO VAL DI COMINO,-,60,FR,FROSINONE,120,LAZIO,2009-01-07T00:00:00,31/08/2014,Ordinaria,1,41.71545,13.80993,1
2761,18367,0,"Via Roma, 37",PAOLACCI,02125390605,3046,60062,SAN DONATO VAL DI COMINO,-,60,FR,FROSINONE,120,LAZIO,2014-01-12T00:00:00,31/12/2014,Ordinaria,1,41.71545,13.80993,1
2762,18367,0,"Via Roma, 37",PAOLACCI,02602610608,3046,60062,SAN DONATO VAL DI COMINO,-,60,FR,FROSINONE,120,LAZIO,2015-01-01T00:00:00,-,Ordinaria,1,41.71545,13.80993,1
2763,18382,0,"Via Della Moletta, 1",CONTENTA FRANCESCO,10335171004,40,58117,ARDEA,-,58,RM,ROMA,120,LAZIO,2009-01-08T00:00:00,-,Ordinaria,1,41.61206,12.55329,1
2764,18392,0,"Via Calabria, 6",SACRIPANTI MARIA GRAZIA,01824050601,4010,59023,ROCCASECCA DEI VOLSCI,-,59,LT,LATINA,120,LAZIO,2010-01-04T00:00:00,31/07/2010,Ordinaria,1,41.464,13.22701,1
2765,18392,0,"Via Calabria, 6",SACRIPANTI MARIA GRAZIA,01765590599,4010,59023,ROCCASECCA DEI VOLSCI,-,59,LT,LATINA,120,LAZIO,2010-01-08T00:00:00,31/03/2013,Ordinaria,1,41.464,13.22701,1
2766,18392,0,"Via Calabria, 6",SACRIPANTI MARIA GRAZIA,01765590599,4018,59028,SEZZE,Sezze Scalo,59,LT,LATINA,120,LAZIO,2009-01-11T00:00:00,31/03/2010,Ordinaria,1,41.464,13.22701,1
2767,18392,0,"Via Calabria, 6",SACRIPANTI MARIA GRAZIA,01765590599,4010,59028,SEZZE,-,59,LT,LATINA,120,LAZIO,2013-01-04T00:00:00,-,Ordinaria,1,41.464,13.22701,1
2768,18395,0,"Via A. Millevoi, 37",BARBERINI Dr.i Gangemi Antonio e Rosa Snc,06096301004,143,58091,ROMA,-,58,RM,ROMA,120,LAZIO,2013-01-04T00:00:00,-,Ordinaria,1,41.90418,12.48878,1
2769,18395,0,"Piazza Barberini, 10",BARBERINI Dr.i Gangemi Antonio e Rosa Snc,06096301004,187,58091,ROMA,-,58,RM,ROMA,120,LAZIO,2009-01-11T00:00:00,31/03/2013,Ordinaria,1,41.90418,12.48878,1
2770,18396,0,"Via Don Primo Mazzolari, 220",FARMACIE MARCONI SAS DI MARCONI MARIA PIA - PONTE DI NONA,09657681004,132,58091,ROMA,-,58,RM,ROMA,120,LAZIO,2009-01-11T00:00:00,-,Ordinaria,1,41.89613,12.67292,1
2771,18401,0,"Via Macchia Saponara, 90",FARMACIA AXA DR. CRIMI VINCENZO,-,125,58091,ROMA,Axa,58,RM,ROMA,120,LAZIO,2010-01-01T00:00:00,31/10/2011,Ordinaria,1,42.08565,12.52297,1
2772,18401,0,"Via Macchia Saponara, 90",FARMACRIMI AXA DEL DR. VINCENZO CRIMI E C. SAS,10059001007,125,58091,ROMA,-,58,RM,ROMA,120,LAZIO,2013-01-03T00:00:00,-,Ordinaria,1,42.08565,12.52297,1
2773,18401,0,"Via Macchia Saponara, 90",FARMACRIMI AXA DEL DR. VINCENZO CRIMI E C. SAS,10059001007,125,58081,RIANO,Axa,58,RM,ROMA,120,LAZIO,2011-01-11T00:00:00,28/02/2013,Ordinaria,1,42.08565,12.52297,1
2774,18408,0,"Via Dello Sport, 13",PERONDI,-,2021,57007,BORGOROSE,Corvaro,57,RI,RIETI,120,LAZIO,2010-01-01T00:00:00,30/11/2011,Ordinaria,1,42.19112,13.23288,1
2775,18433,0,"Viale Bramante, 49",COMUNALE PORTO L. 23,02305601003,54,58120,FIUMICINO,-,58,RM,ROMA,120,LAZIO,2010-01-02T00:00:00,31/08/2010,Ordinaria,1,41.79796,12.29698,1
2776,18433,0,"Via Bramante, 49",COMUNALE PARCO LEONARDO,-,54,58120,FIUMICINO,-,58,RM,ROMA,120,LAZIO,2010-01-09T00:00:00,-,Ordinaria,1,41.79796,12.29698,1
2777,18434,0,"Via Portuense, 2488",FARMACIA DEI PORTUENSI CARPENTIERO DOTT. ANTONIO,00947630620,54,58120,FIUMICINO,-,58,RM,ROMA,120,LAZIO,2010-01-02T00:00:00,-,Ordinaria,1,41.79922,12.30471,1
2778,18442,0,Piazza Narducci snc,COMUNALE DI MORLUPO SRL,10367311007,67,58068,MORLUPO,-,58,RM,ROMA,120,LAZIO,2010-01-04T00:00:00,28/02/2013,Ordinaria,1,42.14274,12.50521,1
2779,18442,0,Piazza Narducci,COMUNALE MORLUPO,10367311007,67,58068,MORLUPO,-,58,RM,ROMA,120,LAZIO,2013-01-03T00:00:00,-,Ordinaria,1,42.14274,12.50521,1
2780,18443,0,"Via Velletri, 24",GE.SE.FARM,10181961003,31,58011,ARTENA,-,58,RM,ROMA,120,LAZIO,2010-01-04T00:00:00,28/02/2013,Ordinaria,1,41.7287,12.89429,1
2781,18443,0,"Via Velletri, 24",GE.SE. FARMA SRL,10181961003,31,58011,ARTENA,-,58,RM,ROMA,120,LAZIO,2013-01-03T00:00:00,-,Ordinaria,1,41.7287,12.89429,1
2782,18460,0,"Via delle Fissurelle, 4",SAVINO DR.SSA TULLIA,10917031006,54,58120,FIUMICINO,FOCENE,58,RM,ROMA,120,LAZIO,2013-01-03T00:00:00,-,Ordinaria,1,41.81276,12.21581,1
2783,18460,0,"Via Delle Fissurelle, 4",SAVINO DR. SSA TULLIA,10917031006,54,58120,FIUMICINO,FOCENE,58,RM,ROMA,120,LAZIO,2010-01-04T00:00:00,28/02/2013,Ordinaria,1,41.81276,12.21581,1
2784,18461,0,"Via  Dei Bonificatori, 1",RINALDI,01632750707,4012,59005,CISTERNA DI LATINA,Borgo Flora,59,LT,LATINA,120,LAZIO,2010-01-04T00:00:00,28/02/2013,Ordinaria,1,41.57339,12.8375,1
2785,18461,0,"Via dei Bonificatori, 1",RINALDI ANGELA,01632750707,4012,59005,CISTERNA DI LATINA,Borgo Flora,59,LT,LATINA,120,LAZIO,2013-01-03T00:00:00,-,Ordinaria,1,41.57339,12.8375,1
2786,18468,0,"Via Flaminia, Km 33,600",RICCI LILIANA,10989831002,68,58082,RIGNANO FLAMINIO,-,58,RM,ROMA,120,LAZIO,2013-01-03T00:00:00,-,Ordinaria,1,42.21001,12.48112,1
2787,18468,0,"Via Flaminia km. 33,600",RICCI LILIANA,10989831002,68,58082,RIGNANO FLAMINIO,-,58,RM,ROMA,120,LAZIO,2010-01-05T00:00:00,28/02/2013,Ordinaria,1,42.21001,12.48112,1
2788,18475,0,"Via Palombarese, 429/A-B-C",BOSSO DANIELA,04519341210,13,58122,FONTE NUOVA,-,58,RM,ROMA,120,LAZIO,2013-01-03T00:00:00,-,Ordinaria,1,41.97108,12.61353,1
2789,18475,0,"Via Palombarese, 429",BOSSO DANIELA,04519341210,13,58122,FONTE NUOVA,-,58,RM,ROMA,120,LAZIO,2010-01-06T00:00:00,28/02/2013,Ordinaria,1,41.97108,12.61353,1
2790,18477,0,"Via Caselle Torinese, 1","FARMACAP ""SELVA CANDIDA""",05903241007,166,58091,ROMA,-,58,RM,ROMA,120,LAZIO,2010-01-06T00:00:00,28/02/2013,Ordinaria,1,41.92134,12.3778,1
2791,18477,0,"Via Caselle Torinese, 1",FARMACAP -  COM.LE SELVA CANDIDA II,05903241007,166,58091,ROMA,-,58,RM,ROMA,120,LAZIO,2013-01-03T00:00:00,-,Ordinaria,1,41.92134,12.3778,1
2792,18483,0,"Via Ternana, 72",PACE DR. MERCURIO VITTORIO DISPENSARIO,00938170578,2047,57053,POGGIO MIRTETO,-,57,RI,RIETI,120,LAZIO,2010-01-06T00:00:00,-,Dispensario,3,42.2546,12.6381,1
2793,18491,0,"Via di Colle Caldara, 17",COMUNALE 4 VELLETRI,06679251006,49,58111,VELLETRI,-,58,RM,ROMA,120,LAZIO,2010-01-07T00:00:00,28/02/2013,Ordinaria,1,41.66318,12.76837,1
2794,18491,0,"Via di Colle Caldara, 17",COMUNALE 4 VELLETRI SERV. SPA,06679251006,49,58111,VELLETRI,-,58,RM,ROMA,120,LAZIO,2013-01-03T00:00:00,-,Ordinaria,1,41.66318,12.76837,1
2795,18494,0,"Via delle Viole, 7",SCIARRA SAS DEL DOTT. GIUSEPPE SCIARRA,01165630680,12,58047,GUIDONIA MONTECELIO,-,58,RM,ROMA,120,LAZIO,2013-01-03T00:00:00,-,Ordinaria,1,41.98134,12.70358,1
2796,18494,0,"Via Delle Viole, 7",DI FABIO MARIA ANTONIETTA,01165630680,12,58047,GUIDONIA MONTECELIO,COLLEFIORITO,58,RM,ROMA,120,LAZIO,2010-01-07T00:00:00,28/02/2013,Ordinaria,1,41.98134,12.70358,1
2797,18553,0,"Via Roma, 88/A",COMUNALE 4 LADISPOLI,-,55,58116,LADISPOLI,-,58,RM,ROMA,120,LAZIO,2010-01-11T00:00:00,-,Ordinaria,1,41.95331,12.06705,1
2798,18560,0,"Via Roma, 10",CEFRAESPO SNC DISPENSARIO,00963480579,2040,57038,MOMPEO,-,57,RI,RIETI,120,LAZIO,2010-01-11T00:00:00,-,Dispensario,3,42.24875,12.75163,1
2799,18566,0,"Piazza Garibaldi, 9",CAPOTOSTO ANNAMARIA,00044530574,2046,57035,MAGLIANO SABINA,-,57,RI,RIETI,120,LAZIO,2011-01-01T00:00:00,30/06/2011,Ordinaria,1,42.36036,12.48824,1
2800,18566,0,"Piazza Garibaldi, 9",CAPOTOSTO,02579780590,2046,57035,MAGLIANO SABINA,-,57,RI,RIETI,120,LAZIO,2011-01-07T00:00:00,31/03/2012,Ordinaria,1,42.36036,12.48824,1
2801,18593,0,"Via Ardeatina, 654",DISPENSARIO LIDO DEI PINI,02791600584,40,58007,ANZIO,LAVINIO,58,RM,ROMA,120,LAZIO,2011-01-03T00:00:00,-,Dispensario,3,41.46575,12.61097,1
2802,18599,0,"Via San Berardo dei Marsi, 1",FARINATO DR.SSA RITA MARIA ROSA,00799680574,40,58117,ARDEA,-,58,RM,ROMA,120,LAZIO,2011-01-05T00:00:00,-,Ordinaria,1,41.60797,12.54326,1
2803,18636,0,"Via Di Santa Lucia, 118",COMUNALE DI FONTE NUOVA,06905571003,13,58122,FONTE NUOVA,-,58,RM,ROMA,120,LAZIO,2011-01-08T00:00:00,28/02/2013,Ordinaria,1,42.00274,12.63576,1
2804,18636,0,"Via Santa Lucia, 118",COMUNALE SANTA LUCIA,06905571003,13,58122,FONTE NUOVA,-,58,RM,ROMA,120,LAZIO,2013-01-03T00:00:00,-,Ordinaria,1,42.00274,12.63576,1
2805,18650,0,"Via Della Massimilla, 174/176",LOLLI LUCA,09509841004,166,58091,ROMA,-,58,RM,ROMA,120,LAZIO,2013-01-03T00:00:00,-,Ordinaria,1,41.92368,12.57115,1
2806,18650,0,"Via Della Massimilla, 174/176",LOLLI,09509841004,166,58091,ROMA,-,58,RM,ROMA,120,LAZIO,2011-01-09T00:00:00,28/02/2013,Ordinaria,1,41.92368,12.57115,1
2807,18657,0,"Via Porta Vecchia, 19/25",FARMACIA FARMAFABRICA SRL,01988630560,1034,56024,FABRICA DI ROMA,-,56,VT,VITERBO,120,LAZIO,2012-01-01T00:00:00,28/02/2013,Ordinaria,1,42.32641,12.32616,1
2808,18657,0,"Via Portavecchia, 19",FARMAFABRICA SRL,01988630560,1034,56024,FABRICA DI ROMA,-,56,VT,VITERBO,120,LAZIO,2013-01-03T00:00:00,-,Ordinaria,1,42.32641,12.32616,1
2809,18672,0,"Via Bonomi, 55",CELLUPICA MIRIAM,-,3039,60074,SORA,Loc. Carnello,60,FR,FROSINONE,120,LAZIO,2012-01-03T00:00:00,30/11/2014,Ordinaria,1,41.71885,13.61305,1
2810,18672,0,"Via Bonomi, 55",CELLUPICA,01886830601,3030,60074,SORA,CARNELLO,60,FR,FROSINONE,120,LAZIO,2014-01-12T00:00:00,-,Ordinaria,1,41.71885,13.61305,1
2811,18689,0,"Viale Micangeli, 14",BORGOROSE DR. PERNI PAOLA,00828780577,2021,57007,BORGOROSE,-,57,RI,RIETI,120,LAZIO,2012-01-05T00:00:00,-,Ordinaria,1,42.19278,13.23354,1
2812,18699,0,"Via Prenestina Nuova KM 69,300",COMUNALE PALESTRINA,02315031001,30,58074,PALESTRINA,-,58,RM,ROMA,120,LAZIO,2013-01-03T00:00:00,-,Ordinaria,1,41.83834,12.88871,1
2813,18699,0,"Via Prenestina Km 69,300",A.S.P.SPA COMUNALE DI PALESTRINA,02315031001,36,58074,PALESTRINA,-,58,RM,ROMA,120,LAZIO,2012-01-05T00:00:00,28/02/2013,Ordinaria,1,41.83834,12.88871,1
2814,18718,0,"Via Cancelliera, 4",CANCELLIERA DOTT. PIO BARTOLUCCI,00322440603,41,58003,ALBANO LAZIALE,Cancelliera,58,RM,ROMA,120,LAZIO,2012-01-10T00:00:00,28/02/2013,Ordinaria,1,41.71127,12.6344,1
2815,18718,0,"Via Cancelliera, 4",BARTOLOMUCCI PIO,00322440603,41,58003,ALBANO LAZIALE,-,58,RM,ROMA,120,LAZIO,2013-01-03T00:00:00,-,Ordinaria,1,41.71127,12.6344,1
2816,18718,0,"Via Cancelliera, 4",CANCELLIERA DOTT. PIO BARTOLUCCI,-,41,58003,ALBANO LAZIALE,Cancelliera,58,RM,ROMA,120,LAZIO,2012-01-07T00:00:00,30/09/2012,Ordinaria,1,41.71127,12.6344,1
2817,18765,0,"Via Prenestina, 301//C",ASP SPA - PALESTRINA,02315031001,36,58074,PALESTRINA,-,58,RM,ROMA,120,LAZIO,2012-01-12T00:00:00,-,Ordinaria,1,41.83264,12.8841,1
2818,18769,0,"Via Prenestina Nuova, Km 7.2",COMUNALE ACQUA TRAVERSA SRL,11854531008,10,58040,GALLICANO NEL LAZIO,-,58,RM,ROMA,120,LAZIO,2013-01-03T00:00:00,-,Ordinaria,1,41.87083,12.82617,1
2819,18769,0,Via Prenestina nuova Km 7.2 snc,COMUNALE ACQUA TRAVERSA,11854531008,10,58040,GALLICANO NEL LAZIO,-,58,RM,ROMA,120,LAZIO,2012-01-11T00:00:00,28/02/2013,Ordinaria,1,41.87083,12.82617,1
2820,18851,0,"Via del Mare, 34/4",POMEZIA SERVIZI SPA - COMUNALE 6,05275911005,40,58079,POMEZIA,-,58,RM,ROMA,120,LAZIO,2013-01-08T00:00:00,-,Ordinaria,1,41.67606,12.49872,1
2821,18857,0,Via Isola Tocca snc,COMUNALE DI CERVARO,02351360603,3044,60026,CERVARO,-,60,FR,FROSINONE,120,LAZIO,2013-01-10T00:00:00,-,Ordinaria,1,41.48116,13.90511,1
2822,18866,0,"Via D.D. Jaconelli, 16/a",SAN BIAGIO SARACINISCO,02799370602,3040,60090,VILLA SANTO STEFANO,-,60,FR,FROSINONE,120,LAZIO,2013-01-10T00:00:00,-,Ordinaria,1,41.61292,13.92861,1
2823,18870,0,"Via Giuseppe Antonio Borgese, 5",FARMACAP - COM.LE CASTEL PORZIANO,05903241007,124,58091,ROMA,Infernetto,58,RM,ROMA,120,LAZIO,2013-01-11T00:00:00,-,Ordinaria,1,41.89326,12.48306,1
2824,18871,0,Via Borgo San Nicola Snc,SANT'ELENA DR TERENZIO CASILLO,02788020606,3020,60047,PASTENA,-,60,FR,FROSINONE,120,LAZIO,2013-01-11T00:00:00,30/11/2013,Ordinaria,1,41.46824,13.49174,1
2825,18879,0,Via Degli Olmetti 3/D,COMUNALE FORMELLO,02133841003,60,58038,FORMELLO,-,58,RM,ROMA,120,LAZIO,2013-01-11T00:00:00,-,Ordinaria,1,42.08252,12.40027,1
2826,18891,0,"Via Montevettore, 6",LOZZI DR.SSA ANNA,00919200949,12,58047,GUIDONIA MONTECELIO,-,58,RM,ROMA,120,LAZIO,2014-01-01T00:00:00,-,Ordinaria,1,41.97939,12.61623,1
2827,18894,0,"Largo Jacopo Peri, 2",LESTRELLA DEL DOTT. FORASTIERI PIERLUCA,03273390785,4100,59011,LATINA,-,59,LT,LATINA,120,LAZIO,2014-01-01T00:00:00,-,Ordinaria,1,41.46726,12.90357,1
2828,18899,0,"Via Strada Vicinale dei Vignali, 28",COMUNALE DI ANGUILLARA SABAZIA,02120471004,61,58005,ANGUILLARA SABAZIA,-,58,RM,ROMA,120,LAZIO,2014-01-02T00:00:00,-,Ordinaria,1,42.08752,12.27667,1
2829,18910,0,"Viale Marconi, 27",MARCONI SNC SASSI E DEL PRETE,02746230594,4100,59011,LATINA,-,59,LT,LATINA,120,LAZIO,2014-01-04T00:00:00,31/05/2014,Ordinaria,1,41.46726,12.90357,1
2830,18924,0,"Contrada Vignola, 26",COMUNALE SANTA CHELIDONIA SRL,12761921001,28,58103,SUBIACO,-,58,RM,ROMA,120,LAZIO,2014-01-06T00:00:00,-,Ordinaria,1,41.92542,13.09409,1
2831,18927,0,"Via Empolitana Km 3,400",EMPOLITANA DR.SSA BUCELLA FERNANDA,12514131007,24,58023,CASTEL MADAMA,-,58,RM,ROMA,120,LAZIO,2014-01-06T00:00:00,-,Ordinaria,1,41.97352,12.86848,1
2832,18937,0,"Via Silvio Pellico, 51",COMUNALE 10 MARINO,05447451005,47,58057,MARINO,-,58,RM,ROMA,120,LAZIO,2014-01-07T00:00:00,-,Ordinaria,1,41.76959,12.65879,1
2833,18945,0,Via Amerigo Chialastri,GRAZIANI D.SSA FRANCA,12776361003,33,58026,CAVE,-,58,RM,ROMA,120,LAZIO,2014-01-08T00:00:00,30/09/2014,Ordinaria,1,41.81672,12.93379,1
2834,18945,0,"Via Amerigo Chialastri, 1",GRAZIANI FRANCA,12776361003,33,58026,CAVE,-,58,RM,ROMA,120,LAZIO,2014-01-10T00:00:00,-,Ordinaria,1,41.81672,12.93379,1
